d2h_ms,decode_ms,e2e_ms,forward_ms,h2d_ms,image_id,pack_ms,postprocess_ms,preprocess_ms,request_id,submit_host_ms
0.03683200106024742,3.248197,31.256071,17.67430305480957,0.34224000573158264,350679,0.957477,0.434091,11.598509,0,19.167527
0.032255999743938446,2.66734,28.765667,15.814080238342285,0.3372479975223541,353027,0.933513,0.492967,10.977793,1,17.243608
0.03315199911594391,5.158991,31.82912,15.816287994384766,0.3393920063972473,62353,0.938146,0.417011,14.089231,2,17.266634
0.03814399987459183,2.603215,30.486747,16.939903259277344,0.33670398592948914,332845,0.947985,0.447335,11.591474,3,18.397625
0.031647998839616776,3.064037,30.610946,15.79526424407959,0.33664000034332275,520707,0.933128,0.438152,12.888614,4,17.228421
0.03311999887228012,2.626081,29.407395,15.741472244262695,0.3386240005493164,478286,0.947259,0.427532,11.727369,5,17.200076
0.0323840007185936,2.457556,28.602098,15.679136276245117,0.33616000413894653,328430,0.950238,0.432963,10.988001,6,17.129898
0.032896000891923904,2.622136,29.094053,15.671104431152344,0.33907198905944824,269942,0.94928,0.425212,11.496863,7,17.122164
0.03206399828195572,3.275517,29.786725,15.645279884338379,0.3401919901371002,342186,0.929366,0.433641,12.222151,8,17.080465
0.031808000057935715,2.068652,29.784203,15.648127555847168,0.3369919955730438,419601,0.934865,0.426189,12.225496,9,17.082775
0.03308799862861633,3.232791,29.246285,15.79804801940918,0.3372479975223541,514979,0.928525,0.422009,11.535172,10,17.234147
0.03280000016093254,2.295638,27.152767,15.774335861206055,0.33952000737190247,395903,1.003333,0.421816,9.3905,11,17.288449
0.032287999987602234,2.317288,28.962154,15.689920425415039,0.3397440016269684,488075,0.913568,0.416968,11.373105,12,17.114383
0.03356799855828285,2.265964,28.065907,15.655136108398438,0.3370879888534546,500613,0.931048,0.425406,10.49573,13,17.089514
0.03372799977660179,2.95364,28.821057,15.637663841247559,0.3447040021419525,539883,0.934502,0.426946,11.250049,14,17.09158
0.03161599859595299,3.271493,29.797724,15.652864456176758,0.3391999900341034,195165,0.932313,0.427442,12.233223,15,17.087368
0.03363199904561043,2.898242,29.646452,15.718144416809082,0.33744001388549805,45229,0.926055,0.436322,12.014208,16,17.145815
0.03283200040459633,3.024308,28.797484,15.659168243408203,0.33692800998687744,137294,0.960386,0.43439,11.190563,17,17.115868
0.03215999901294708,1.789427,29.96319,15.752287864685059,0.3373120129108429,11813,0.94016,0.426186,12.291455,18,17.194945
0.033440001308918,2.070946,27.868842,15.629952430725098,0.33532801270484924,192871,0.945135,0.417679,10.332003,19,17.069609
0.031936001032590866,3.231945,29.750253,15.727392196655273,0.33987200260162354,452891,0.926483,0.420969,12.103381,20,17.173706
0.03622400015592575,2.313415,27.557335,15.55292797088623,0.33580800890922546,356094,0.935778,0.418749,10.092769,21,16.993679
0.03270399942994118,2.964404,29.236682,15.697919845581055,0.33686399459838867,406611,0.935359,0.420059,11.62411,22,17.135053
0.0331839993596077,2.805483,29.062605,15.83414363861084,0.34086400270462036,218249,0.9925,0.42438,11.239137,23,17.342114
0.03174399957060814,2.840179,28.280652,15.561856269836426,0.3353919982910156,339870,0.917607,0.41327,10.841404,24,16.978993
0.03385600075125694,2.684462,29.907606,15.92188835144043,0.3439359962940216,453634,0.991327,0.440514,11.973124,25,17.439214
0.03222399950027466,3.043731,29.638543,15.644543647766113,0.3370560109615326,135410,0.981078,0.41674,12.043399,26,17.128136
0.03152000159025192,3.323702,31.800766,15.630559921264648,0.3375680148601532,560279,0.910269,0.425881,14.286721,27,17.038792
0.03276799991726875,1.901223,27.640445,15.625408172607422,0.3356800079345703,23126,0.916046,0.413768,10.139056,28,17.039121
0.03222399950027466,1.55769,29.40583,15.571488380432129,0.33849599957466125,95786,0.923516,0.406289,11.961121,29,16.988931
0.03200000151991844,2.681842,29.010771,15.533599853515625,0.33766400814056396,2153,0.912075,0.401369,11.616452,30,16.944088
0.031199999153614044,2.132623,27.417506,15.712544441223145,0.33695998787879944,364102,0.917016,0.422138,9.82457,31,17.122287
0.03094400092959404,2.18963,27.961672,15.625663757324219,0.3381119966506958,462643,0.9037,0.418046,10.472849,32,17.023517
0.03187200054526329,3.163938,32.830731,15.711296081542969,0.33935999870300293,53994,0.93017,0.411968,15.222903,33,17.144478
0.032416000962257385,2.461996,29.127921,15.739295959472656,0.34067198634147644,183709,0.935749,0.41985,11.471214,34,17.183339
0.03215999901294708,2.629811,27.307378,15.650208473205566,0.3370240032672882,417085,1.002998,0.416126,9.685137,35,17.157007
0.03126399964094162,1.991933,25.021123,15.43990421295166,0.33558401465415955,504000,0.928758,0.403524,7.708185,36,16.863518
0.032607998698949814,3.418553,32.473368,15.540032386779785,0.3376320004463196,512403,0.895038,0.407116,15.078905,37,16.936728
0.03232000023126602,3.838399,29.525751,15.674271583557129,0.3442240059375763,142971,0.951413,0.406505,11.935661,38,17.132996
0.03200000151991844,3.117649,28.732181,15.530271530151367,0.3359360098838806,400815,0.905932,0.402134,11.355605,39,16.923952
0.03244800120592117,3.112749,29.377906,15.895584106445312,0.3407999873161316,48504,0.982394,0.42664,11.496475,40,17.399639
0.03219199925661087,4.19708,30.910201,15.76915168762207,0.339711993932724,364322,0.943589,0.414164,13.223061,41,17.218923
0.031936001032590866,2.627308,28.236867,15.575584411621094,0.335999995470047,258911,0.913287,0.414086,10.789749,42,16.984029
0.03126399964094162,2.791344,30.798215,15.682368278503418,0.33632001280784607,310862,0.962066,0.411423,13.197726,43,17.14076
0.032287999987602234,5.584884,33.91529,15.630144119262695,0.3377920091152191,525286,0.992693,0.417464,16.320993,44,17.127477
0.03200000151991844,2.432081,26.375426,15.598719596862793,0.33641600608825684,194216,0.939627,0.410939,8.883124,45,17.032338
0.032127998769283295,2.042656,26.703833,15.64303970336914,0.3455039858818054,172396,0.98594,0.410131,9.096008,46,17.144037
0.032255999743938446,1.655306,30.379424,15.733440399169922,0.337119996547699,434996,0.933283,0.418588,12.741924,47,17.163236
0.03171199932694435,3.22024,29.39319,15.549920082092285,0.34191998839378357,578545,0.901339,0.413122,11.977372,48,16.953445
0.031231999397277832,2.826794,28.59903,15.58233642578125,0.3373439908027649,441247,0.91227,0.419705,11.138267,49,16.990165
0.03209599852561951,3.312272,28.981075,15.628959655761719,0.3381119966506958,57244,0.922579,0.406248,11.478557,50,17.047767
0.03235200047492981,1.323346,27.030918,15.699487686157227,0.3394879996776581,76261,0.969775,0.415156,9.384394,51,17.173554
0.032735999673604965,1.754995,30.827431,15.920639991760254,0.34272000193595886,19786,1.011887,0.440301,12.877896,52,17.454505
0.031072000041604042,2.226002,27.290262,15.55299186706543,0.3359679877758026,168330,0.924137,0.416223,9.851532,53,16.973025
0.033215999603271484,3.118836,28.334218,15.580191612243652,0.3378880023956299,479953,0.931679,0.419625,10.855214,54,17.011004
0.031136000528931618,4.033866,29.701119,15.628095626831055,0.3370879888534546,344888,0.916104,0.415102,12.19897,55,17.03857
0.032287999987602234,3.551369,32.403002,15.625215530395508,0.337119996547699,239717,0.933164,0.414038,14.88397,56,17.055892
0.03174399957060814,3.033609,29.55756,15.736576080322266,0.33980798721313477,551304,0.930775,0.422787,11.907126,57,17.178072
0.0363520011305809,3.263203,32.408681,15.631936073303223,0.33583998680114746,56545,0.921348,0.419231,14.884812,58,17.055507
0.03248000144958496,3.355728,30.186884,15.88310432434082,0.3410879969596863,469192,0.950029,0.433582,12.353294,59,17.347671
0.032287999987602234,3.164061,32.439422,15.642208099365234,0.3383040130138397,527784,0.942813,0.418876,14.879601,60,17.088813
0.0326399989426136,2.525241,29.186359,15.797920227050781,0.34038400650024414,153632,0.966273,0.435925,11.426119,61,17.273089
0.0315839983522892,2.432886,27.484287,15.76524829864502,0.34012800455093384,68286,1.004952,0.420592,9.73448,62,17.278225
0.03254399821162224,3.358203,29.919456,15.727807998657227,0.33932799100875854,163290,0.951849,0.431283,12.239994,63,17.189053
0.031328000128269196,3.263195,28.983954,15.654560089111328,0.3360320031642914,136715,0.94067,0.422652,11.413711,64,17.094956
0.03177599981427193,3.765582,29.628737,15.756959915161133,0.34064000844955444,438862,0.978025,0.420811,11.911616,65,17.244986
0.03167999908328056,1.756837,28.659693,15.542336463928223,0.33481600880622864,445722,0.973282,0.404013,11.203872,66,17.005567
0.030848000198602676,2.919796,28.550616,15.630399703979492,0.3370879888534546,95843,0.915324,0.413981,11.040478,67,17.046455
0.032416000962257385,3.644539,30.338183,15.758496284484863,0.3396480083465576,336053,0.95018,0.420912,12.65496,68,17.212227
0.03222399950027466,2.374462,28.072166,15.612159729003906,0.33632001280784607,328337,0.91269,0.421798,10.573987,69,17.025107
0.03139200061559677,2.395641,28.753159,15.748543739318848,0.3404160141944885,428111,0.996835,0.425635,11.016859,70,17.256925
0.03155200183391571,2.034085,29.730481,15.549568176269531,0.3353919982910156,157098,0.940516,0.413545,12.284737,71,16.985083
0.031328000128269196,2.848975,31.976174,15.792256355285645,0.3396480083465576,424642,0.956945,0.413784,14.258121,72,17.252683
0.03929600119590759,3.233568,29.517639,15.571136474609375,0.33670398592948914,261706,0.940801,0.414483,12.031001,73,17.023867
0.03280000016093254,2.751634,29.063082,15.857407569885254,0.34095999598503113,312421,1.008159,0.425026,11.202529,74,17.382687
0.03347200155258179,3.18336,30.116896,15.832703590393066,0.34137600660324097,25986,0.991276,0.429357,12.284387,75,17.34743
0.035392001271247864,3.008033,32.322307,15.745375633239746,0.33878400921821594,160772,0.966158,0.419092,14.635251,76,17.216818
0.032255999743938446,2.847305,28.408792,15.558048248291016,0.3356800079345703,193162,0.939348,0.417587,10.943445,77,16.998654
0.03324799984693527,1.7091,29.430271,15.894495964050293,0.33667200803756714,117908,0.917797,0.419569,11.644388,78,17.316828
0.03177599981427193,3.344508,29.439692,16.085407257080078,0.34675198793411255,114907,1.022217,0.415244,11.360188,79,17.614677
0.031936001032590866,2.306058,28.118344,15.560223579406738,0.3384320139884949,106330,0.909837,0.41277,10.686165,80,16.970829
0.03177599981427193,3.424612,29.904289,15.726431846618652,0.33929601311683655,226147,0.935138,0.415539,12.270353,81,17.167727
0.03161599859595299,2.09112,27.720196,15.561311721801758,0.3349759876728058,528705,0.921172,0.40845,10.287292,82,16.976079
0.03167999908328056,2.828024,29.357329,15.791711807250977,0.33881598711013794,515077,0.954404,0.414438,11.638449,83,17.252925
0.03200000151991844,2.855212,29.129486,15.630047798156738,0.3362559974193573,387098,0.919994,0.42526,11.602619,84,17.052683
0.0331839993596077,4.188066,33.130531,15.653984069824219,0.33744001388549805,463849,0.934965,0.430373,15.555462,85,17.087208
0.03286400064826012,3.639364,30.374722,15.699487686157227,0.3389120101928711,176446,0.951117,0.421225,12.734857,86,17.157346
0.03142400085926056,3.022693,29.519639,15.837920188903809,0.3431999981403351,509008,0.99015,0.415467,11.708803,87,17.340239
0.031039999797940254,2.545279,28.805868,15.628864288330078,0.3376320004463196,47121,0.942291,0.413417,11.269873,88,17.067133
0.03203200176358223,4.577301,30.28993,15.607808113098145,0.3396480083465576,235836,0.937371,0.413354,12.764257,89,17.061431
0.03206399828195572,3.195553,29.209704,15.754688262939453,0.34143999218940735,173383,0.973016,0.418401,11.50359,90,17.236353
0.032575998455286026,3.019441,29.474527,15.744768142700195,0.33744001388549805,295231,0.943499,0.414981,11.817703,91,17.190219
0.031968001276254654,2.688901,30.954386,15.670304298400879,0.338591992855072,262048,0.96617,0.41542,13.347093,92,17.140017
0.03190400078892708,2.372,28.663044,15.82630443572998,0.3442240059375763,8844,1.002595,0.422939,10.833366,93,17.348126
0.0326399989426136,3.382234,30.140538,15.690496444702148,0.33715200424194336,89556,0.927884,0.4178,12.546415,94,17.124816
0.032255999743938446,4.17151,30.827711,15.739328384399414,0.34249600768089294,235064,0.947841,0.424235,13.147419,95,17.203019
0.03270399942994118,3.606863,29.061096,15.527935981750488,0.33504000306129456,227898,0.93283,0.40617,11.648481,96,16.955853
0.03094400092959404,2.971464,29.378884,15.732735633850098,0.33952000737190247,227765,0.944165,0.418632,11.730427,97,17.178812
0.03167999908328056,2.948479,28.573309,15.556032180786133,0.3364480137825012,237984,0.911391,0.413607,11.143379,98,16.966159
0.03203200176358223,4.061605,29.796082,15.80031967163086,0.3404799997806549,203931,0.965629,0.409955,12.062736,99,17.274054
0.03145600110292435,2.191264,30.62336,15.627840042114258,0.3364799916744232,574823,1.000036,0.416257,13.038649,100,17.120001
0.03219199925661087,3.066747,28.657249,15.61894416809082,0.3383679986000061,537355,0.950833,0.412962,11.126532,101,17.068643
0.031231999397277832,3.046694,29.190372,15.55510425567627,0.3373759984970093,58384,0.920651,0.404332,11.766151,102,16.972789
0.031168000772595406,2.308119,27.213059,15.75113582611084,0.3381440043449402,5477,0.973974,0.416814,9.524723,103,17.222055
0.03248000144958496,3.030554,32.774902,15.82323169708252,0.34137600660324097,128748,0.975627,0.422789,14.986397,104,17.312072
0.0315839983522892,2.681336,28.791747,15.713536262512207,0.339711993932724,226662,0.954451,0.418558,11.152956,105,17.170201
0.03161599859595299,2.518939,28.101337,15.569567680358887,0.33660799264907837,177893,0.923369,0.413755,10.637258,106,16.993033
0.03215999901294708,1.633989,30.531018,15.60860824584961,0.33823999762535095,95862,0.921356,0.461699,12.993325,107,17.024513
0.03177599981427193,2.370617,28.480605,15.853952407836914,0.34038400650024414,283268,0.956054,0.425852,10.688956,108,17.31149
0.03206399828195572,3.802341,30.228171,15.551103591918945,0.33609598875045776,169356,0.929747,0.420116,12.768096,109,16.985325
0.03155200183391571,2.811701,28.466614,15.692864418029785,0.3373120129108429,201072,0.934357,0.419488,10.871971,110,17.124165
0.03296000137925148,3.714628,30.43263,15.875935554504395,0.3405439853668213,331799,0.986123,0.421258,12.575052,111,17.378967
0.03315199911594391,1.743752,28.899094,15.653759956359863,0.33846399188041687,374551,0.965098,0.432955,11.290791,112,17.122373
0.036639999598264694,2.596379,28.407906,15.61849594116211,0.33667200803756714,270122,0.93061,0.417406,10.889757,113,17.051364
0.03136000037193298,1.616731,24.790411,15.555135726928711,0.3343360126018524,68409,0.991783,0.409235,7.293973,114,17.038516
0.030751999467611313,2.941958,32.209998,15.539263725280762,0.33718401193618774,59635,0.891635,0.405672,14.832361,115,16.923992
0.0318400003015995,3.367105,29.769659,15.719903945922852,0.3397440016269684,111179,0.928756,0.417747,12.141054,116,17.155392
0.031039999797940254,2.115433,27.721292,15.562687873840332,0.3352319896221161,278006,0.911708,0.406973,10.300401,117,16.966335
0.03244800120592117,3.967678,30.47036,15.746687889099121,0.3399040102958679,444275,0.940132,0.420932,12.801809,118,17.197536
0.032735999673604965,3.450177,29.175956,15.6593599319458,0.33529600501060486,391144,0.90662,0.433714,11.625984,119,17.064296
0.03215999901294708,2.981793,29.076465,15.655679702758789,0.34384000301361084,389197,0.929933,0.41909,11.512457,120,17.09536
0.0318400003015995,2.661032,31.846196,15.788479804992676,0.3384320139884949,255664,0.936523,0.427244,14.133252,121,17.233306
0.03363199904561043,2.953912,28.141952,15.750911712646484,0.33820798993110657,51712,0.985187,0.417947,10.42891,122,17.245111
0.03126399964094162,3.004286,28.56201,15.573792457580566,0.33776000142097473,39477,0.924166,0.415031,11.101918,123,16.996751
0.03235200047492981,3.43667,29.290437,15.824928283691406,0.34060800075531006,355257,0.963868,0.419155,11.525407,124,17.294138
0.03174399957060814,3.374866,29.129497,15.635040283203125,0.33670398592948914,247838,0.918991,0.411483,11.619257,125,17.051457
0.03126399964094162,2.769985,28.51409,15.716863632202148,0.3373759984970093,1296,0.920982,0.419489,10.91004,126,17.133103
0.03302399814128876,3.503839,32.158965,15.883968353271484,0.3415679931640625,541634,1.050503,0.428107,14.229014,127,17.449271
0.0315839983522892,2.869145,29.503305,15.649215698242188,0.3375999927520752,484404,0.902981,0.412047,11.991812,128,17.049024
0.032607998698949814,3.768092,30.379006,15.712063789367676,0.3527680039405823,314914,0.933916,0.412127,12.740351,129,17.173464
0.03203200176358223,3.48879,29.748863,15.588224411010742,0.3362239897251129,542625,0.915241,0.41402,12.282253,130,17.003902
0.03619199991226196,3.944569,30.358773,15.75369644165039,0.33958399295806885,383921,0.956231,0.411218,12.6769,131,17.219983
0.031231999397277832,2.277686,28.519253,15.594976425170898,0.33632001280784607,269682,0.925413,0.407765,11.052758,132,17.012485
0.03296000137925148,2.346021,30.135596,15.707488059997559,0.33670398592948914,485895,0.919747,0.415414,12.542278,133,17.1276
0.03187200054526329,2.727362,28.489724,15.663647651672363,0.33660799264907837,62554,0.91997,0.427895,10.930269,134,17.083765
0.03209599852561951,4.500081,31.100028,15.800864219665527,0.3409920036792755,488736,0.95282,0.420004,13.367655,135,17.261666
0.03161599859595299,2.764712,26.734092,15.60217571258545,0.3373439908027649,347456,1.000316,0.414658,9.175409,136,17.095774
0.03276799991726875,3.037958,28.637671,15.623135566711426,0.3381440043449402,214703,0.928851,0.410214,11.121634,137,17.057426
0.031968001276254654,3.018297,28.669874,15.551712036132812,0.3355199992656708,390246,0.910856,0.404921,11.260942,138,16.955096
0.03222399950027466,2.997588,29.028681,15.682047843933105,0.33750399947166443,83540,0.913668,0.402957,11.477113,139,17.099438
0.0315839983522892,2.672334,27.719537,15.688639640808105,0.3370560109615326,61960,0.978233,0.420628,10.086761,140,17.163026
0.03145600110292435,2.684256,32.146558,15.6146240234375,0.3362880051136017,22396,0.902256,0.413807,14.664512,141,17.018558
0.0318400003015995,2.118246,30.281226,15.8602876663208,0.3404160141944885,568213,0.963755,0.419459,12.472578,142,17.336065
0.03126399964094162,2.870532,29.403147,15.658687591552734,0.3359360098838806,187734,0.924259,0.428061,11.846232,143,17.081597
0.0323840007185936,3.591838,28.693372,15.654975891113281,0.3365119993686676,338428,0.930861,0.415088,11.143544,144,17.084716
0.03190400078892708,3.167929,28.968249,15.652159690856934,0.33718401193618774,155443,0.942591,0.409563,11.420643,145,17.088295
0.031231999397277832,2.560903,28.989045,15.68614387512207,0.3370879888534546,121497,0.928244,0.414556,11.403966,146,17.119948
0.0315839983522892,2.320268,28.089921,15.642496109008789,0.33657601475715637,351362,0.916703,0.41534,10.565025,147,17.059003
0.03190400078892708,2.459198,30.428331,15.638303756713867,0.33817601203918457,546011,0.932295,0.415927,12.890147,148,17.072006
0.037856001406908035,3.053395,29.805497,15.9650239944458,0.34275200963020325,84492,0.966577,0.429224,11.861157,149,17.45787
0.03267199918627739,3.469506,29.889793,15.67404842376709,0.33798399567604065,151480,0.944827,0.416879,12.302637,150,17.121047
0.03292800113558769,2.020289,31.661426,15.829376220703125,0.3444800078868866,300039,0.991774,0.434615,13.831204,151,17.338535
0.0307839997112751,4.170685,30.433104,15.665311813354492,0.33801600337028503,104119,0.982233,0.409793,12.81858,152,17.154712
0.03497600182890892,1.680851,31.6533,16.23187255859375,0.3455680012702942,581062,0.957126,0.444492,13.44405,153,17.710778
0.03222399950027466,2.775779,29.898818,15.755871772766113,0.3404799997806549,32861,1.011572,0.426544,12.136961,154,17.282302
0.03161599859595299,2.70245,29.401801,15.714783668518066,0.33718401193618774,13729,0.954485,0.424014,11.760081,155,17.166394
0.03145600110292435,3.816469,29.342958,15.664095878601074,0.33907198905944824,143572,0.933979,0.413689,11.767256,156,17.09826
0.03244800120592117,2.672385,29.737682,15.843744277954102,0.342272013425827,179898,0.987347,0.42384,11.907927,157,17.347508
0.03190400078892708,2.617327,31.043078,15.701567649841309,0.3389439880847931,372718,1.008786,0.419372,13.356478,158,17.21387
0.03167999908328056,2.112573,31.181407,15.75334358215332,0.3394879996776581,207306,0.933741,0.423269,13.50994,159,17.196165
0.03248000144958496,3.217238,29.847347,15.802047729492188,0.33977600932121277,546823,0.947243,0.439894,12.099909,160,17.255259
0.0315839983522892,3.794225,30.270642,15.69660758972168,0.336544007062912,96960,0.981019,0.416723,12.631191,161,17.173375
0.03126399964094162,1.870115,28.797568,15.632800102233887,0.3378880023956299,319184,0.948112,0.415158,11.250863,162,17.079556
0.032127998769283295,1.919765,28.281087,15.68291187286377,0.33612799644470215,162366,0.93807,0.417864,10.692337,163,17.120839
0.03219199925661087,3.148785,28.476869,15.673600196838379,0.33664000034332275,441543,0.932836,0.413392,10.910793,164,17.103259
0.03299200162291527,3.170122,32.811501,15.678815841674805,0.3378880023956299,376264,0.923595,0.421453,15.238659,165,17.101354
0.03139200061559677,3.097402,29.106746,15.748319625854492,0.34140801429748535,447465,0.926864,0.414749,11.467187,166,17.177869
0.03286400064826012,2.471336,29.062317,15.696928024291992,0.33817601203918457,203095,0.92468,0.425788,11.456633,167,17.129094
0.03251200169324875,3.068331,27.882849,15.588288307189941,0.33747199177742004,288882,0.992492,0.416256,10.334188,168,17.082593
0.03167999908328056,3.362124,29.915927,15.630144119262695,0.3381440043449402,194724,0.948623,0.417202,12.366794,169,17.079993
0.03222399950027466,2.734219,28.422945,15.684896469116211,0.3380799889564514,370375,0.961248,0.421464,10.806907,170,17.143418
0.030719999223947525,2.543804,28.50466,15.562975883483887,0.3351680040359497,252216,0.921041,0.40792,11.074682,171,16.975396
0.031231999397277832,3.34437,29.639729,15.684320449829102,0.3357119858264923,244411,0.926857,0.407109,12.072937,172,17.110426
0.03276799991726875,3.248364,29.963985,15.789888381958008,0.3404160141944885,290619,0.978252,0.428102,12.211088,173,17.274778
0.03267199918627739,2.865853,31.31992,15.707072257995605,0.33792001008987427,534827,0.96554,0.416231,13.674806,174,17.177214
0.03379200026392937,3.968888,31.102495,15.886079788208008,0.33958399295806885,123585,0.968589,0.436011,13.239747,175,17.371765
0.03219199925661087,2.526184,31.920721,15.679679870605469,0.33715200424194336,339442,0.970374,0.426355,14.29118,176,17.152596
0.03203200176358223,3.660803,30.838619,15.782560348510742,0.3420799970626831,190753,0.973021,0.430341,13.08013,177,17.27309
0.03142400085926056,4.594955,33.065531,15.709024429321289,0.33715200424194336,315001,0.981917,0.423654,15.397864,178,17.193349
0.032127998769283295,3.246452,27.400189,15.591008186340332,0.337119996547699,221502,0.947686,0.412267,9.906693,179,17.031394
0.032127998769283295,1.980123,30.630007,15.731488227844238,0.3370879888534546,144784,0.996336,0.425902,12.927322,180,17.226487
0.03142400085926056,2.008676,26.847754,15.557151794433594,0.3370240032672882,68078,0.951004,0.410758,9.386946,181,17.003044
0.032255999743938446,3.603522,30.274242,15.685279846191406,0.33852800726890564,76468,0.899923,0.409272,12.726434,182,17.088557
0.03292800113558769,2.31326,28.104063,15.728544235229492,0.34003201127052307,203629,0.962153,0.424916,10.432624,183,17.196921
0.03235200047492981,3.721384,32.358752,15.612447738647461,0.3376320004463196,371529,0.993709,0.41429,14.794195,184,17.102964
0.0318400003015995,2.950089,30.849122,15.66163158416748,0.3370560109615326,471869,0.92844,0.40728,13.305756,185,17.085055
0.03654399886727333,2.541822,28.339946,15.601951599121094,0.33660799264907837,148508,0.911934,0.420165,10.86034,186,17.010258
0.03145600110292435,3.483647,30.404108,15.798751831054688,0.3412480056285858,320706,0.93909,0.42146,12.67379,187,17.256478
0.03209599852561951,3.32869,30.006411,15.855199813842773,0.3420799970626831,551822,0.993856,0.433563,12.155929,188,17.364851
0.0318400003015995,2.572269,27.940984,15.5830078125,0.3356800079345703,472623,0.919342,0.406659,10.483981,189,17.000263
0.03129599988460541,3.350155,30.535971,15.827648162841797,0.34012800455093384,207844,0.992862,0.424033,12.726293,190,17.330411
0.03139200061559677,3.356298,29.740945,15.684927940368652,0.3367359936237335,81594,0.976328,0.41264,12.114907,191,17.163439
0.03110400028526783,3.023606,28.058897,15.607104301452637,0.3364799916744232,320743,0.919541,0.405257,10.576642,192,17.025713
0.031328000128269196,3.942751,29.576019,15.56777572631836,0.335999995470047,402615,0.914313,0.407376,12.142974,193,16.977609
0.03215999901294708,2.726478,28.638302,15.813759803771973,0.33616000413894653,456015,0.917232,0.427562,10.933244,194,17.226004
0.031199999153614044,2.407635,28.232108,15.524991989135742,0.334879994392395,389804,0.926878,0.410219,10.831314,195,16.939773
0.031168000772595406,2.842841,29.337333,15.654911994934082,0.3389439880847931,335529,0.926805,0.417923,11.786837,196,17.081612
0.03215999901294708,1.936956,27.671251,15.60108757019043,0.33747199177742004,21167,0.912862,0.415923,10.191112,197,17.014837
0.030592000111937523,3.39377,29.895421,15.581695556640625,0.3383359909057617,350003,0.925765,0.419213,12.417098,198,17.007716
0.03152000159025192,2.194746,27.955117,15.668319702148438,0.3383040130138397,160556,0.975142,0.423732,10.326656,199,17.152856
0.03206399828195572,2.450448,28.509523,15.563039779663086,0.33420801162719727,60449,0.917255,0.41193,11.074224,200,16.973991
0.032287999987602234,3.42632,29.123344,15.58790397644043,0.33740800619125366,14380,0.919977,0.402564,11.666516,201,17.005192
0.03200000151991844,3.494837,30.43779,15.871135711669922,0.34092798829078674,417632,0.978879,0.430248,12.585468,202,17.366256
0.03232000023126602,2.723403,28.574784,15.703007698059082,0.33849599957466125,230819,0.957579,0.418064,10.934837,203,17.170352
0.03510399907827377,2.720409,28.990019,15.61292839050293,0.3361920118331909,537991,0.934304,0.413879,11.478689,204,17.045583
0.0326399989426136,3.907238,30.197295,15.676799774169922,0.3388479948043823,237517,0.919909,0.424804,12.62411,205,17.098867
0.031007999554276466,2.25665,28.355714,15.814335823059082,0.3392319977283478,361571,0.987514,0.422452,10.572511,206,17.307432
0.032416000962257385,1.424459,29.268343,15.630528450012207,0.3383679986000061,318114,0.959693,0.416009,11.702988,207,17.097052
0.032416000962257385,3.317632,29.508059,15.601823806762695,0.3362239897251129,526256,0.942019,0.420543,11.98903,208,17.050367
0.03280000016093254,1.931291,26.317933,15.614144325256348,0.3362559974193573,522751,0.950398,0.418522,8.784972,209,17.065768
0.0318400003015995,3.667856,31.93746,15.628959655761719,0.336544007062912,305609,0.93696,0.410854,14.40853,210,17.066679
0.03177599981427193,2.914664,28.526931,15.568608283996582,0.3370879888534546,421923,0.919626,0.412251,11.072193,211,16.992115
0.0331839993596077,2.094265,31.058346,15.66982364654541,0.33932799100875854,410880,0.931885,0.414416,13.48461,212,17.10942
0.0318400003015995,2.149022,31.374184,15.714783668518066,0.33977600932121277,488664,0.951441,0.458066,13.694772,213,17.170285
0.032287999987602234,3.09523,28.682291,15.567008018493652,0.3349759876728058,52462,0.912458,0.404822,11.253283,214,16.97541
0.031199999153614044,1.888447,29.481049,15.602239608764648,0.33715200424194336,163314,0.926245,0.420053,11.986473,215,17.024324
0.03171199932694435,1.796379,27.478849,15.623871803283691,0.336544007062912,464786,0.916537,0.406523,9.986295,216,17.036088
0.032127998769283295,2.384808,28.92941,15.776191711425781,0.34035199880599976,494427,0.947623,0.422275,11.224076,217,17.231886
0.03187200054526329,3.848186,29.438837,15.548352241516113,0.3343679904937744,511398,0.91476,0.405373,12.023944,218,16.959596
0.03190400078892708,3.411356,29.819537,15.72662353515625,0.3388479948043823,357737,0.94818,0.42938,12.160024,219,17.179293
0.031647998839616776,2.488702,28.107819,15.518688201904297,0.3360320031642914,473869,0.925967,0.421996,10.695877,220,16.94065
0.03248000144958496,3.260247,29.629533,15.922656059265137,0.3479360044002533,500464,0.978357,0.43784,11.689409,221,17.434791
0.03129599988460541,2.691556,29.30572,15.69331169128418,0.33750399947166443,541773,0.946077,0.419349,11.6964,222,17.138898
0.03248000144958496,2.583817,28.350952,15.739744186401367,0.338591992855072,346232,0.930128,0.415563,10.708432,223,17.17561
0.03302399814128876,3.125972,30.154049,15.920928001403809,0.34172800183296204,521819,0.979766,0.425502,12.251109,224,17.421133
0.03232000023126602,3.240367,32.153478,15.747743606567383,0.3399040102958679,563267,0.971093,0.436478,14.437998,225,17.228409
0.03286400064826012,3.025534,32.087824,15.617695808410645,0.33606401085853577,185890,0.949218,0.426431,14.547856,226,17.062949
0.03465599939227104,4.286866,34.485348,17.267423629760742,0.33740800619125366,183391,0.972654,0.508767,15.142405,227,18.773584
0.03161599859595299,1.345263,31.590908,16.319360733032227,0.34431999921798706,464476,1.014513,0.43627,13.231319,228,17.856611
0.03324799984693527,3.037972,29.431555,15.793503761291504,0.3401919901371002,173302,1.01199,0.436522,11.628224,229,17.313098
0.03404799848794937,3.222016,30.178141,15.78451156616211,0.3392319977283478,545219,0.953797,0.461571,12.414037,230,17.245652
0.032896000891923904,3.597553,33.451337,16.0347843170166,0.34486401081085205,507081,1.068795,0.443024,15.315582,231,17.633361
0.032575998455286026,3.194001,29.978331,15.706527709960938,0.34006398916244507,189775,0.951724,0.43095,12.320164,232,17.172252
0.03206399828195572,2.51183,32.11817,15.93295955657959,0.3423359990119934,369541,1.045407,0.436752,14.127709,233,17.499454
0.03145600110292435,3.915484,30.414654,15.834336280822754,0.3380799889564514,256192,0.944199,0.422617,12.659657,234,17.282484
0.031808000057935715,2.15038,27.795848,15.658432006835938,0.3387199938297272,570169,0.960258,0.422787,10.204876,235,17.118648
0.040192000567913055,3.431897,29.905371,15.828319549560547,0.34249600768089294,377723,0.998882,0.436627,12.064197,236,17.351015
0.03203200176358223,3.478497,29.38201,15.587072372436523,0.3357119858264923,138550,0.928615,0.420697,11.902562,237,17.008419
0.03222399950027466,3.465312,29.191483,15.643072128295898,0.33817601203918457,322829,0.924898,0.415034,11.654123,238,17.072429
0.03215999901294708,4.179297,29.851544,15.667840003967285,0.3357119858264923,423229,0.922963,0.417206,12.291814,239,17.09197
0.03206399828195572,2.153686,28.675936,15.62771224975586,0.33855998516082764,134856,0.921979,0.422324,11.151167,240,17.05215
0.03843199834227562,2.080291,30.887675,15.811967849731445,0.34035199880599976,188906,0.956902,0.421899,13.118967,241,17.292429
0.03219199925661087,2.79284,30.070974,15.628191947937012,0.3375999927520752,399296,0.956938,0.418747,12.513253,242,17.087932
0.03215999901294708,4.068089,30.645951,15.891327857971191,0.3421440124511719,512648,0.990555,0.433151,12.753434,243,17.402834
0.03270399942994118,3.751396,30.065833,15.674464225769043,0.3373759984970093,439623,0.94134,0.422067,12.474137,244,17.118309
0.03187200054526329,3.274916,29.875611,15.689536094665527,0.33740800619125366,520324,0.932694,0.420633,12.284017,245,17.120253
0.031936001032590866,2.136989,28.441297,15.660479545593262,0.33772799372673035,531707,0.911727,0.417634,10.896834,246,17.075274
0.03139200061559677,3.487433,30.696169,15.800288200378418,0.3417600095272064,524742,1.004498,0.433532,12.887013,247,17.320065
0.03174399957060814,3.149245,29.056731,15.791168212890625,0.33875200152397156,290179,0.995447,0.432795,11.277246,248,17.294264
0.032127998769283295,3.471348,29.779705,15.627488136291504,0.33715200424194336,514508,0.93375,0.41711,12.251784,249,17.060904
0.0323840007185936,2.812399,30.267077,15.661120414733887,0.3367680013179779,432898,0.911353,0.414384,12.737744,250,17.065812
0.0323840007185936,3.24826,28.688466,15.622079849243164,0.3384320139884949,223188,0.933766,0.418664,11.168889,251,17.053137
0.03254399821162224,1.973487,28.31199,15.841792106628418,0.3399040102958679,541291,0.978073,0.433146,10.492183,252,17.332587
0.03126399964094162,2.335599,31.314478,15.672703742980957,0.33846399188041687,498857,0.946644,0.426485,13.714634,253,17.121174
0.0315839983522892,3.240917,33.674285,15.948960304260254,0.3444800078868866,147498,0.987546,0.44632,15.703729,254,17.464167
0.035840000957250595,3.106308,28.791427,15.587967872619629,0.3417919874191284,17178,0.984725,0.425735,11.225401,255,17.087427
0.03155200183391571,1.820884,27.615779,15.658687591552734,0.33641600608825684,255749,0.922072,0.42023,10.070067,256,17.074316
0.031488001346588135,2.297739,31.918231,15.864640235900879,0.34118399024009705,184762,1.000888,0.433332,14.048963,257,17.380555
0.0315839983522892,4.436763,32.90105,15.654879570007324,0.3380799889564514,45070,1.00665,0.420513,15.260696,258,17.168758
0.032575998455286026,3.437097,29.663607,15.615839958190918,0.3381119966506958,185472,0.938562,0.42186,12.132423,259,17.058352
0.032896000891923904,3.70471,31.824161,15.641280174255371,0.3383359909057617,292446,1.008032,0.425366,14.196527,260,17.15264
0.03177599981427193,2.793552,27.609568,15.680447578430176,0.33641600608825684,180296,0.927437,0.421782,10.039528,261,17.098776
0.03302399814128876,2.285383,28.932784,15.542400360107422,0.3370240032672882,24610,0.92211,0.429907,11.487761,262,16.964017
0.03379200026392937,4.017584,30.481319,15.798751831054688,0.34089601039886475,563603,0.971921,0.424124,12.720804,263,17.284115
0.031808000057935715,2.754286,28.347606,15.616031646728516,0.33504000306129456,419201,0.926151,0.420379,10.842605,264,17.034852
0.03145600110292435,1.577231,23.960465,15.56272029876709,0.33750399947166443,485237,0.95387,0.409442,6.491092,265,17.012179
0.03270399942994118,3.223464,31.468658,15.64675235748291,0.34006398916244507,290081,0.996352,0.426135,13.841469,266,17.149881
0.03177599981427193,2.786911,28.300095,15.487808227539062,0.33580800890922546,472046,0.892559,0.419284,10.960026,267,16.872409
0.03190400078892708,2.553729,29.120796,15.644864082336426,0.3384320139884949,269314,0.919036,0.426645,11.578888,268,17.064805
0.03171199932694435,2.62628,28.499202,15.711872100830078,0.34009599685668945,36494,0.973017,0.42173,10.829144,269,17.195725
0.03174399957060814,2.330253,30.733486,15.601408004760742,0.3367680013179779,311190,1.004413,0.418188,13.162695,270,17.101821
0.03081599995493889,2.30414,27.044006,15.529312133789062,0.3364799916744232,10363,0.939348,0.400916,9.628104,271,16.96697
0.03270399942994118,2.884727,27.61565,15.644224166870117,0.3393920063972473,143961,0.986396,0.420333,10.009111,272,17.136446
0.031136000528931618,3.291038,31.363472,15.547231674194336,0.3361920118331909,165351,0.957617,0.417397,13.899445,273,16.999949
0.031199999153614044,3.064855,29.627803,15.597503662109375,0.3364480137825012,356347,0.882402,0.417665,12.186843,274,16.975271
0.03235200047492981,2.484513,29.10502,15.728063583374023,0.3380799889564514,417043,0.931766,0.419848,11.458246,275,17.175795
0.0318400003015995,2.078566,27.800372,15.58351993560791,0.3349759876728058,77460,0.901,0.422732,10.334506,276,16.993403
0.03232000023126602,3.1593,31.958031,15.65839958190918,0.3447040021419525,480842,0.940985,0.418374,14.370124,277,17.118634
0.0318400003015995,3.052173,28.932293,15.627264022827148,0.3362880051136017,486112,0.922382,0.423651,11.400184,278,17.05163
0.032287999987602234,2.772276,29.41113,15.722623825073242,0.3409920036792755,394611,0.942509,0.422946,11.758667,279,17.176868
0.03129599988460541,2.828259,28.220309,15.546624183654785,0.33606401085853577,288762,0.914236,0.417716,10.795094,280,16.959151
0.0323840007185936,2.533996,28.243642,15.57369613647461,0.3375360071659088,103585,0.920177,0.425484,10.767937,281,16.999986
0.03139200061559677,1.554681,30.666874,15.710911750793457,0.3381440043449402,201934,0.919059,0.416107,13.06464,282,17.134324
0.032287999987602234,3.577508,31.69007,15.64140796661377,0.33616000413894653,292024,0.991918,0.433825,14.075894,283,17.132325
0.03177599981427193,2.402043,28.880263,15.598079681396484,0.3376320004463196,185599,0.893046,0.415501,11.419486,284,16.994107
0.032607998698949814,2.89578,29.39271,15.716416358947754,0.34035199880599976,106389,0.932525,0.43552,11.744371,285,17.159566
0.03215999901294708,3.38692,29.059101,15.609151840209961,0.3361920118331909,40036,0.907772,0.413119,11.58733,286,17.010309
0.03209599852561951,4.198856,29.956559,15.649120330810547,0.33715200424194336,323751,0.926442,0.415906,12.414692,287,17.074548
0.03248000144958496,2.144483,31.459995,15.882464408874512,0.3429439961910248,231822,0.949614,0.429408,13.617913,288,17.354308
0.0315839983522892,3.461219,29.265959,15.698080062866211,0.33855998516082764,453981,0.973996,0.432571,11.604669,289,17.175993
0.03142400085926056,2.590732,28.355476,15.556863784790039,0.334879994392395,580757,0.941792,0.412217,10.896688,290,16.995424
0.03203200176358223,2.514483,31.617482,15.648096084594727,0.3447040021419525,575187,0.927021,0.41797,14.043225,291,17.104063
0.03136000037193298,1.83082,26.674989,15.62012767791748,0.33776000142097473,372466,0.987804,0.424612,9.092498,292,17.109249
0.03171199932694435,3.988976,30.307119,15.619808197021484,0.3370560109615326,438304,0.893675,0.416667,12.824908,293,17.013459
0.03142400085926056,2.493393,28.321722,15.540096282958984,0.33695998787879944,163118,0.910093,0.411469,10.920324,294,16.941456
0.03171199932694435,3.161635,29.089446,15.781824111938477,0.33641600608825684,130699,0.925286,0.432295,11.39979,295,17.206483
0.0318400003015995,2.700459,28.70099,15.659808158874512,0.3373439908027649,350002,0.972919,0.429523,11.083732,296,17.1372
0.03248000144958496,3.899354,33.032595,15.547072410583496,0.3364799916744232,163746,0.929893,0.412432,15.601725,297,16.969762
0.03094400092959404,2.815167,28.693718,15.679264068603516,0.3383359909057617,66231,0.927585,0.415524,11.121754,298,17.103696
0.032127998769283295,3.001721,29.983064,15.833215713500977,0.3420479893684387,517069,0.979219,0.423997,12.175457,299,17.328948
0.030912000685930252,2.584404,28.319234,15.531935691833496,0.3346560001373291,279714,0.911811,0.42968,10.897798,300,16.942286
0.0331839993596077,2.319873,28.993984,16.31702423095703,0.3441280126571655,135872,0.955499,0.46605,10.651776,301,17.810483
0.03244800120592117,4.015573,31.235889,16.070751190185547,0.34003201127052307,263796,0.945316,0.43097,13.214525,302,17.523792
0.0318400003015995,2.061034,30.122617,15.604960441589355,0.3364480137825012,17031,0.915923,0.417744,12.640675,303,17.013846
0.033535998314619064,3.247582,29.77307,15.738847732543945,0.34889599680900574,9914,0.954834,0.423983,12.081121,304,17.217414
0.03110400028526783,1.810946,31.064947,15.58739185333252,0.33766400814056396,267670,0.910224,0.423701,13.590761,305,16.999944
0.032127998769283295,2.057937,30.791242,15.717151641845703,0.3393920063972473,251140,0.969269,0.415099,13.126986,306,17.198339
0.03177599981427193,2.722636,28.470546,15.607551574707031,0.33635199069976807,189226,0.914162,0.413493,10.991032,307,17.017662
0.03248000144958496,2.346487,27.96752,15.56492805480957,0.3373439908027649,256518,0.918569,0.422922,10.508584,308,16.985711
0.0318400003015995,2.36999,29.613435,15.64742374420166,0.3394559919834137,58111,1.012806,0.419826,11.977376,309,17.166322
0.03324799984693527,3.250355,32.590328,15.661343574523926,0.33817601203918457,434247,0.949065,0.431933,14.994416,310,17.114143
0.03171199932694435,3.137092,28.753176,15.536864280700684,0.33395200967788696,387916,0.918473,0.414219,11.342516,311,16.949038
0.03161599859595299,2.952635,28.630206,15.706175804138184,0.34095999598503113,281759,0.973671,0.418634,10.978201,312,17.184195
0.03142400085926056,3.50673,29.707042,15.620063781738281,0.33535999059677124,35279,0.92945,0.412092,12.202384,313,17.042865
0.031808000057935715,3.241081,30.593167,15.831551551818848,0.342848002910614,471789,1.000536,0.430329,12.758569,314,17.350636
0.03187200054526329,1.921624,31.402683,15.89356803894043,0.3415040075778961,405205,0.966041,0.422421,13.548576,315,17.375543
0.031968001276254654,2.069291,30.05439,15.657504081726074,0.3384000062942505,139684,0.95027,0.420972,12.469915,316,17.113203
0.03097599931061268,2.233212,27.985965,15.581952095031738,0.33750399947166443,580410,0.930816,0.422192,10.498385,317,17.015965
0.031168000772595406,2.584965,28.360396,15.698623657226562,0.3378239870071411,449996,0.973454,0.419205,10.715856,318,17.174008
0.03222399950027466,2.619913,26.427614,15.610176086425781,0.3377920091152191,312278,0.98231,0.455124,8.837277,319,17.086588
0.03171199932694435,3.023354,29.384311,15.641599655151367,0.3389759957790375,476810,0.943382,0.421083,11.822856,320,17.089647
0.03283200040459633,3.830752,29.965902,15.606399536132812,0.3362559974193573,286182,0.898679,0.446399,12.459924,321,17.009321
0.033215999603271484,2.610552,28.819173,15.900511741638184,0.3383359909057617,187513,0.970036,0.433563,10.957934,322,17.376666
0.03219199925661087,3.41293,29.899752,15.610655784606934,0.337119996547699,217753,0.932164,0.421799,12.392582,323,17.036032
0.032127998769283295,3.825207,30.239887,15.664575576782227,0.3388800024986267,464824,0.92283,0.416812,12.674817,324,17.095246
0.033055998384952545,3.115922,29.330597,15.815520286560059,0.34169599413871765,99054,0.964643,0.417114,11.564112,325,17.294207
0.031231999397277832,3.008425,31.588099,15.706944465637207,0.33929601311683655,506279,0.993387,0.423986,13.9023,326,17.211357
0.031007999554276466,3.144693,29.099836,15.612447738647461,0.33686399459838867,509735,0.937665,0.414916,11.587388,327,17.047418
0.031231999397277832,3.682565,30.299177,15.745375633239746,0.34118399024009705,230450,0.957219,0.421979,12.620629,328,17.206015
0.03235200047492981,3.209619,29.959519,15.790719985961914,0.34012800455093384,447169,0.95783,0.418995,12.21794,329,17.267021
0.0323840007185936,3.405548,28.419075,15.666624069213867,0.33798399567604065,314294,0.968764,0.420482,10.809723,330,17.138651
0.031968001276254654,1.642351,29.544078,15.646528244018555,0.3387199938297272,390902,0.947374,0.41815,11.974945,331,17.10056
0.03244800120592117,2.849019,28.610664,15.696640014648438,0.338591992855072,79408,0.963811,0.419697,10.9771,332,17.161867
0.031647998839616776,2.730633,28.391762,15.537216186523438,0.334879994392395,526751,0.925927,0.409988,10.981773,333,16.951746
0.03254399821162224,3.662232,32.832376,15.611488342285156,0.33801600337028503,409268,0.926107,0.428786,15.316569,334,17.037332
0.032416000962257385,1.913615,30.576874,15.737055778503418,0.34006398916244507,61333,0.957648,0.420223,12.901599,335,17.203102
0.031039999797940254,4.099626,29.791858,15.587103843688965,0.33510398864746094,290833,0.91582,0.418197,12.330484,336,16.994705
0.03161599859595299,3.011463,29.504653,15.745856285095215,0.3396799862384796,183965,0.957635,0.422142,11.81783,337,17.212538
0.031328000128269196,2.58828,28.791503,15.596927642822266,0.3352639973163605,248112,0.9043,0.414623,11.335326,338,16.993858
0.032127998769283295,3.635811,29.242597,15.728384017944336,0.339136004447937,343561,0.969179,0.414074,11.576882,339,17.202718
0.03203200176358223,3.213166,29.20774,15.511872291564941,0.3347199857234955,17379,0.933269,0.41676,11.804654,340,16.938278
0.03206399828195572,2.844647,30.952716,15.647904396057129,0.33795198798179626,356387,0.927337,0.40892,13.421,341,17.073291
0.03187200054526329,3.175599,28.826422,15.54259204864502,0.33606401085853577,404805,0.929109,0.409413,11.400147,342,16.970021
0.03097599931061268,3.452537,32.831941,15.587519645690918,0.33772799372673035,271997,0.9254,0.400787,15.364695,343,17.013999
0.033215999603271484,3.343839,31.885155,15.85484790802002,0.34038400650024414,90284,1.032282,0.42705,14.00613,344,17.399736
0.03222399950027466,2.328403,28.122758,15.570176124572754,0.33580800890922546,473237,0.918602,0.410956,10.674549,345,16.986163
0.03209599852561951,2.900134,28.46751,15.566944122314453,0.338591992855072,110721,0.920264,0.40891,11.019609,346,16.988292
0.031647998839616776,2.795685,28.456209,15.610048294067383,0.3370240032672882,512476,0.919258,0.421474,10.955058,347,17.028548
0.03219199925661087,4.438632,31.03843,15.697759628295898,0.3405120074748993,176606,0.946795,0.420378,13.414062,348,17.153375
0.03171199932694435,2.286877,27.928695,15.529855728149414,0.33510398864746094,490171,0.909858,0.408075,10.538316,349,16.93204
0.03222399950027466,2.163618,31.008083,15.77785587310791,0.3407680094242096,300913,0.975257,0.422975,13.272776,350,17.261006
0.031328000128269196,3.115308,28.465009,15.565695762634277,0.33532801270484924,58655,0.915956,0.413222,11.03106,351,16.969133
0.03311999887228012,2.520846,30.305646,15.619327545166016,0.33692800998687744,400367,0.928905,0.413309,12.799325,352,17.042453
0.03126399964094162,2.622208,32.297855,15.677248001098633,0.33929601311683655,17436,0.924937,0.428656,14.714673,353,17.103638
0.039712000638246536,2.452876,28.302097,15.72771167755127,0.33958399295806885,419379,0.973431,0.420397,10.619526,354,17.21144
0.031647998839616776,2.183994,29.946573,15.748991966247559,0.3387199938297272,285894,1.022689,0.425211,12.195019,355,17.273275
0.031808000057935715,1.906239,30.127514,15.703295707702637,0.3394559919834137,94336,0.964045,0.417673,12.475181,356,17.183165
0.031328000128269196,3.336891,29.237681,15.531455993652344,0.33692800998687744,451090,0.933375,0.414775,11.820512,357,16.955247
0.03145600110292435,2.066928,26.959541,15.592767715454102,0.33609598875045776,3661,0.9369,0.414239,9.474457,358,17.02163
0.03311999887228012,3.108397,28.846977,15.613856315612793,0.33695998787879944,382122,0.921125,0.416829,11.350013,359,17.030645
0.03299200162291527,2.877938,29.57403,15.786368370056152,0.3391999900341034,81738,0.917836,0.409606,11.905636,360,17.207243
0.03174399957060814,2.580863,28.378957,15.708352088928223,0.3405759930610657,177539,0.971156,0.421978,10.720045,361,17.184768
0.03161599859595299,3.137878,28.820617,15.506239891052246,0.334879994392395,148999,0.935634,0.417583,11.42152,362,16.931704
0.03286400064826012,3.441647,29.57513,15.735872268676758,0.33904001116752625,20059,0.931337,0.418654,11.927786,363,17.176672
0.03171199932694435,2.506759,26.772496,15.703712463378906,0.3381440043449402,47828,0.967131,0.406766,9.147619,364,17.167914
0.031647998839616776,2.971874,28.68815,15.587648391723633,0.3364480137825012,183049,0.894918,0.412287,11.248388,365,16.976818
0.031647998839616776,3.633711,30.321763,15.709888458251953,0.3404479920864105,245173,0.934199,0.425305,12.687617,366,17.151176
0.03161599859595299,2.929758,28.59211,15.527104377746582,0.33664000034332275,509258,0.916873,0.413395,11.188497,367,16.940727
0.032287999987602234,2.697945,29.345627,15.815263748168945,0.34067198634147644,44068,0.941296,0.422213,11.600794,368,17.270959
0.03139200061559677,3.798854,30.134212,15.638751983642578,0.33638399839401245,401862,0.912748,0.413711,12.626006,369,17.045789
0.031231999397277832,3.032551,28.725483,15.796031951904297,0.33820798993110657,226984,0.9692,0.416758,10.994514,370,17.264249
0.031136000528931618,2.869289,28.329509,15.53769588470459,0.33500799536705017,62692,0.915073,0.407241,10.930464,371,16.94312
0.03129599988460541,2.865079,29.15912,15.612383842468262,0.3391039967536926,203488,0.920154,0.417248,11.659728,372,17.033738
0.032287999987602234,3.162986,28.413576,15.567359924316406,0.3362239897251129,524108,0.91153,0.405635,10.99074,373,16.969644
0.03126399964094162,2.461467,31.480775,15.65452766418457,0.33798399567604065,545129,0.918732,0.416408,13.938459,374,17.070035
0.03200000151991844,3.210002,29.739273,15.700096130371094,0.3405759930610657,477441,0.952231,0.414161,12.111181,375,17.162568
0.03270399942994118,3.618634,32.624273,15.560192108154297,0.3352319896221161,229553,0.911149,0.416274,15.187297,376,16.969681
0.03200000151991844,2.533909,28.185318,15.699551582336426,0.33958399295806885,383339,0.957606,0.419997,10.549491,377,17.16657
0.03145600110292435,2.821093,28.398289,15.484959602355957,0.33475199341773987,52891,0.904226,0.42812,11.039379,378,16.881515
0.03235200047492981,4.696321,33.474974,15.693951606750488,0.33846399188041687,251537,0.99256,0.414165,15.825137,379,17.187684
0.03254399821162224,2.138892,31.087118,15.70787239074707,0.33987200260162354,491366,0.944996,0.41575,13.463406,380,17.156838
0.030751999467611313,2.023333,30.862305,15.615008354187012,0.33692800998687744,519764,0.912914,0.419183,13.368212,381,17.02587
0.03152000159025192,3.214047,28.881766,15.726911544799805,0.340831995010376,157767,0.985883,0.421249,11.189369,382,17.219113
0.0315839983522892,3.475474,29.459468,15.574527740478516,0.3365119993686676,281414,0.927317,0.419816,11.989717,383,16.999361
0.031007999554276466,1.751754,29.371674,15.630751609802246,0.33721598982810974,428867,0.922221,0.406947,11.859272,384,17.054512
0.03302399814128876,2.42479,31.325019,15.573087692260742,0.3372479975223541,292456,0.929389,0.409961,13.866657,385,16.998875
0.031072000041604042,2.50753,28.088094,15.557600021362305,0.33667200803756714,117719,0.920804,0.414018,10.651171,386,16.972264
0.03206399828195572,3.40976,29.248494,15.7225923538208,0.3386560082435608,422706,0.956076,0.4131,11.602843,387,17.182859
0.031136000528931618,2.92017,28.351392,15.514240264892578,0.33484798669815063,444142,0.90699,0.401554,10.992203,388,16.908275
0.032575998455286026,2.723613,32.836505,15.962911605834961,0.3440000116825104,149375,0.985619,0.430755,14.864976,389,17.478877
0.03206399828195572,2.211102,27.976443,15.732319831848145,0.33740800619125366,356432,0.935815,0.425136,10.328922,390,17.169954
0.03235200047492981,3.876547,33.311663,15.732128143310547,0.3368319869041443,535156,0.95713,0.421492,15.646082,391,17.191183
0.03215999901294708,3.499301,29.428738,15.778816223144531,0.33881598711013794,398203,0.982181,0.418409,11.694554,392,17.265163
0.0326399989426136,3.031515,29.685331,15.720000267028809,0.34326401352882385,138241,0.957837,0.421331,12.029693,393,17.184853
0.032255999743938446,2.351557,27.660466,15.787487983703613,0.3380480110645294,294831,0.996545,0.440876,9.870959,394,17.296
0.03187200054526329,3.771721,30.025926,15.810591697692871,0.34009599685668945,146831,0.99377,0.425356,12.227116,395,17.319243
0.03315199911594391,3.247897,29.124373,15.73862361907959,0.3362880051136017,554002,0.928432,0.424263,11.48313,396,17.165281
0.03248000144958496,2.65659,29.474903,15.690079689025879,0.33740800619125366,144706,0.957967,0.414212,11.856288,397,17.151494
0.035711999982595444,2.96663,32.185799,16.922304153442383,0.3509120047092438,352491,0.983454,0.475867,13.119136,398,18.493831
0.03286400064826012,4.418292,33.650853,15.855072021484375,0.33977600932121277,229858,0.973321,0.432364,15.822392,399,17.336076
0.031936001032590866,3.353329,29.604237,15.930624008178711,0.34092798829078674,249129,0.999491,0.428375,11.673505,400,17.447077
0.03142400085926056,2.021836,28.110242,15.673055648803711,0.3357760012149811,422670,0.970594,0.417373,10.498723,401,17.14248
0.031328000128269196,3.100686,29.644631,15.714176177978516,0.3388479948043823,74209,0.948608,0.415588,12.001707,402,17.170231
0.031199999153614044,3.466746,29.228718,15.653375625610352,0.33660799264907837,562207,0.932122,0.414543,11.680557,403,17.083595
0.03139200061559677,3.409465,29.210742,15.650176048278809,0.33852800726890564,31118,0.946586,0.419198,11.638193,404,17.101641
0.036320000886917114,2.859672,29.363419,15.916288375854492,0.34137600660324097,288391,0.98232,0.427448,11.461568,405,17.419658
0.03222399950027466,4.487921,30.769947,15.58176040649414,0.33740800619125366,435880,0.937747,0.421605,13.270194,406,17.023112
0.032287999987602234,2.461734,28.361668,15.68393611907959,0.33932799100875854,553221,0.931917,0.41743,10.777685,407,17.116121
0.031488001346588135,3.270415,29.459209,15.883935928344727,0.34220799803733826,552371,1.012552,0.424416,11.572596,408,17.411465
0.03167999908328056,2.55358,28.465523,15.705408096313477,0.33929601311683655,495054,0.956019,0.414132,10.831582,409,17.169114
0.03254399821162224,2.761729,28.147503,15.6211519241333,0.3353919982910156,98287,0.93434,0.427623,10.613624,410,17.056183
0.03136000037193298,2.891609,29.480297,15.711135864257812,0.33638399839401245,73533,0.939126,0.415609,11.866677,411,17.148231
0.032416000962257385,2.440354,29.097593,15.967647552490234,0.3450239896774292,504074,1.01151,0.434736,11.102503,412,17.504681
0.03331200033426285,1.677486,30.687775,15.71724796295166,0.33766400814056396,474786,0.934363,0.429178,13.040265,413,17.157499
0.031936001032590866,1.92422,31.26735,15.821375846862793,0.3388800024986267,239843,0.973644,0.421499,13.488568,414,17.305307
0.0315839983522892,3.00166,28.645149,15.568991661071777,0.3346880078315735,166259,0.92979,0.41289,11.18435,415,16.998921
0.03187200054526329,1.349412,29.989341,15.814111709594727,0.34118399024009705,498919,0.978763,0.423782,12.208297,416,17.302028
0.03161599859595299,2.016894,31.026055,15.704416275024414,0.3349440097808838,424545,0.929535,0.419779,13.419367,417,17.136193
0.032127998769283295,2.258853,27.933131,15.618080139160156,0.3368319869041443,466256,0.926872,0.414291,10.426935,418,17.040542
0.0306560005992651,2.768363,31.808543,15.674559593200684,0.33670398592948914,215114,0.935845,0.416228,14.233595,419,17.109033
0.03215999901294708,2.097722,27.88183,15.74732780456543,0.33983999490737915,365521,0.963287,0.422905,10.19128,420,17.217341
0.0387520007789135,4.031476,29.799401,15.572319984436035,0.33689600229263306,396863,0.929001,0.414704,12.315473,421,17.018529
0.03270399942994118,2.86737,28.876561,15.668479919433594,0.3383359909057617,261732,0.928133,0.440381,11.288168,422,17.095348
0.03177599981427193,2.779974,29.063704,15.748384475708008,0.33907198905944824,575357,0.965918,0.416939,11.383786,423,17.21106
0.03209599852561951,2.211918,27.864103,15.625696182250977,0.33609598875045776,489339,0.930667,0.411553,10.34632,424,17.057351
0.03283200040459633,3.575403,28.753373,15.828703880310059,0.34003201127052307,341058,0.996997,0.45615,10.910155,425,17.333715
0.032416000962257385,3.247541,29.842284,15.695903778076172,0.33961600065231323,482585,0.93865,0.41709,12.233429,426,17.143926
0.03167999908328056,2.753084,29.027023,15.562047958374023,0.33452799916267395,499775,0.91186,0.411457,11.598204,427,16.967905
0.031936001032590866,4.449066,30.988263,15.771871566772461,0.33932799100875854,322211,0.946678,0.426764,13.286122,428,17.22357
0.0315839983522892,2.831852,28.158862,15.58454418182373,0.33475199341773987,49060,0.919028,0.408018,10.709953,429,16.99319
0.032416000962257385,2.225593,31.286326,15.873567581176758,0.3426879942417145,232244,1.043028,0.428887,13.365749,430,17.436309
0.03206399828195572,2.277766,28.049213,15.563360214233398,0.3349440097808838,117425,0.921873,0.408382,10.616156,431,16.976742
0.031936001032590866,4.48385,31.077767,15.790719985961914,0.3404799997806549,1000,0.957486,0.434169,13.337892,432,17.25352
0.03267199918627739,2.015783,30.031331,15.617919921875,0.33692800998687744,515577,0.913367,0.414745,12.533442,433,17.0329
0.03161599859595299,2.731088,28.424464,15.670975685119629,0.33792001008987427,293794,0.95821,0.411211,10.832407,434,17.130215
0.03161599859595299,3.528135,29.993598,15.591327667236328,0.3367680013179779,234413,0.941521,0.418871,12.491196,435,17.033223
0.03404799848794937,2.532358,29.251008,15.805983543395996,0.3378880023956299,546826,0.928082,0.429236,11.525726,436,17.246173
0.032255999743938446,3.013761,29.39861,15.882911682128906,0.3420160114765167,272136,0.961967,0.426924,11.554732,437,17.363519
0.031936001032590866,3.049353,29.602591,15.718720436096191,0.3400000035762787,329455,0.963118,0.425442,11.940451,438,17.185041
0.03222399950027466,2.864881,28.209287,15.5665922164917,0.3359360098838806,271116,0.914413,0.41928,10.756924,439,16.977924
0.031488001346588135,3.061149,29.254706,15.757408142089844,0.33855998516082764,160012,0.97275,0.419144,11.546155,440,17.238084
0.03267199918627739,2.811707,28.464704,15.563648223876953,0.3349120020866394,89697,0.906775,0.408243,11.043318,441,16.962599
0.035679999738931656,2.450303,31.646296,15.762751579284668,0.34115201234817505,286523,0.945262,0.42046,13.958706,442,17.215723
0.032607998698949814,3.201689,29.472076,15.652383804321289,0.3415040075778961,451714,0.931751,0.419146,11.917914,443,17.088112
0.03222399950027466,2.684073,28.678878,15.697088241577148,0.3380480110645294,515828,0.928627,0.411727,11.085839,444,17.12869
0.031968001276254654,2.794199,28.992534,15.829888343811035,0.34246399998664856,399764,0.963354,0.416207,11.212231,445,17.310943
0.031936001032590866,2.802167,28.814925,15.688703536987305,0.3405120074748993,253452,0.927189,0.428598,11.210994,446,17.123373
0.03174399957060814,2.716272,28.656299,15.723296165466309,0.3372800052165985,435003,0.933891,0.421001,11.027314,447,17.156143
0.03215999901294708,2.547426,28.44847,15.740384101867676,0.3389759957790375,443844,0.97303,0.426834,10.75219,448,17.216607
0.03177599981427193,3.078505,28.454039,15.754655838012695,0.3375999927520752,236690,1.022174,0.424848,10.70282,449,17.275591
0.03161599859595299,1.597318,28.179675,15.718591690063477,0.3389759957790375,451155,0.954423,0.416362,10.539851,450,17.172614
0.031168000772595406,3.30034,28.905478,15.517760276794434,0.33420801162719727,293200,0.90669,0.401236,11.543752,451,16.912453
0.03248000144958496,3.059912,29.629645,15.773664474487305,0.34038400650024414,486573,0.947151,0.427466,11.918572,452,17.23129
0.032127998769283295,3.180457,29.255175,15.539008140563965,0.337119996547699,246308,0.911846,0.405814,11.847999,453,16.951258
0.031328000128269196,2.868547,30.916639,15.62451171875,0.33769598603248596,552612,0.961049,0.416919,13.366691,454,17.083803
0.03244800120592117,3.080584,29.654049,15.609439849853516,0.33955198526382446,368940,0.899622,0.415379,12.179544,455,17.009717
0.03292800113558769,1.49967,27.376136,15.760479927062988,0.339136004447937,355610,0.977905,0.431868,9.643064,456,17.248298
0.03331200033426285,1.984365,28.471441,15.764384269714355,0.33935999870300293,553094,0.947421,0.413511,10.7831,457,17.222438
0.03292800113558769,4.956603,31.43334,15.707807540893555,0.33878400921821594,60347,0.948348,0.425052,13.78859,458,17.16626
0.03232000023126602,3.4554,30.381523,15.812288284301758,0.340831995010376,500211,0.984509,0.420359,12.595568,459,17.312641
0.03622400015592575,2.462994,28.181711,15.637696266174316,0.33721598982810974,333745,0.946018,0.408334,10.632268,460,17.092306
0.032127998769283295,2.984026,32.252382,15.641152381896973,0.3381119966506958,140286,0.938929,0.431124,14.682901,461,17.087413
0.03206399828195572,2.753383,29.262371,15.706720352172852,0.33827200531959534,41990,0.936125,0.417688,11.649008,462,17.143663
0.031808000057935715,2.640078,32.000045,15.717375755310059,0.3396480083465576,531135,0.92931,0.422714,14.375928,463,17.148381
0.03209599852561951,3.49051,30.40791,15.93990421295166,0.3436160087585449,21839,1.001195,0.444289,12.440561,464,17.464777
0.031647998839616776,1.974379,31.015724,15.619744300842285,0.33670398592948914,371749,0.931412,0.41586,13.498574,465,17.049465
0.031936001032590866,5.55715,34.680946,15.77507209777832,0.34166398644447327,239274,0.978413,0.412329,16.946274,466,17.267138
0.03286400064826012,3.037256,31.647522,15.648320198059082,0.3364799916744232,534605,0.924821,0.414617,14.109504,467,17.07217
0.03267199918627739,2.447339,28.952593,15.703871726989746,0.33983999490737915,312549,0.945373,0.424391,11.319773,468,17.158303
0.03235200047492981,3.42967,29.736202,15.604479789733887,0.3354560136795044,64499,0.91177,0.408148,12.250036,469,17.031468
0.031808000057935715,3.667827,30.031354,15.738816261291504,0.3391680121421814,505169,0.940538,0.425537,12.375074,470,17.179968
0.030400000512599945,1.212257,23.739297,15.52342414855957,0.33478400111198425,143068,0.973797,0.411463,6.297079,471,16.983949
0.031936001032590866,3.567145,29.2877,15.736448287963867,0.3389439880847931,44699,0.988741,0.411376,11.600523,472,17.226616
0.03267199918627739,3.048555,28.84751,15.610719680786133,0.3365119993686676,383443,0.911643,0.408793,11.363207,473,17.025032
0.031936001032590866,2.559993,29.167044,15.7608642578125,0.34006398916244507,555005,0.934149,0.426291,11.490509,474,17.200056
0.03385600075125694,2.546415,28.649443,15.592063903808594,0.33475199341773987,306700,0.905401,0.420462,11.18305,475,16.995097
0.03200000151991844,2.54694,28.397192,15.652352333068848,0.3375360071659088,13546,0.918794,0.408964,10.866034,476,17.07098
0.03968000039458275,2.70431,29.363952,15.700736045837402,0.34092798829078674,68765,0.922156,0.414774,11.763996,477,17.134824
0.03203200176358223,2.676813,29.485566,15.807007789611816,0.33983999490737915,408112,0.938038,0.419827,11.755066,478,17.25836
0.03276799991726875,2.056151,31.074013,15.647104263305664,0.33660799264907837,416256,0.920305,0.416437,13.544109,479,17.064036
0.033344000577926636,3.634246,30.658361,15.941920280456543,0.342303991317749,466567,0.947826,0.426306,12.765135,480,17.410787
0.03187200054526329,2.90694,28.654537,15.5665922164917,0.3349440097808838,445365,0.931945,0.40919,11.196397,481,16.998213
0.03190400078892708,4.506149,33.837013,15.738143920898438,0.3405120074748993,203864,0.959346,0.4182,16.160197,482,17.207087
0.031231999397277832,2.724665,28.312552,15.536288261413574,0.3338240087032318,180878,0.905908,0.413765,10.913705,483,16.935651
0.03219199925661087,2.89816,29.534037,15.779711723327637,0.3405120074748993,90108,0.958193,0.417699,11.805742,484,17.256734
0.031199999153614044,2.621709,28.363933,15.619199752807617,0.3357760012149811,106048,0.921336,0.418099,10.862523,485,17.033937
0.032287999987602234,4.193898,32.859237,15.607711791992188,0.3351680040359497,363875,0.920958,0.419043,15.367913,486,17.021962
0.03142400085926056,3.634271,29.376644,15.62764835357666,0.3372800052165985,532481,0.913757,0.412253,11.87634,487,17.038102
0.03155200183391571,2.239748,28.720042,15.5863037109375,0.33670398592948914,21465,0.941605,0.419731,11.229066,488,17.023215
0.03206399828195572,3.303949,29.685064,15.655967712402344,0.3378559947013855,376322,0.911311,0.420766,12.13999,489,17.072967
0.03167999908328056,3.427072,30.459286,16.018911361694336,0.34569600224494934,294783,1.071625,0.437339,12.333384,490,17.625915
0.03171199932694435,2.807752,28.612007,15.593952178955078,0.33583998680114746,386352,0.989407,0.419564,11.058019,491,17.081881
0.03232000023126602,2.670187,28.652189,15.743488311767578,0.3394879996776581,58539,1.003026,0.421509,10.928141,492,17.251469
0.03244800120592117,3.641912,30.948278,15.854432106018066,0.34278398752212524,486046,0.987831,0.425563,13.10683,493,17.359476
0.036031998693943024,2.168937,28.963892,16.075359344482422,0.33766400814056396,442463,0.99066,0.421265,10.91913,494,17.571107
0.03248000144958496,4.993864,35.466382,15.800800323486328,0.3375360071659088,17029,0.942352,0.410539,17.760255,495,17.245565
0.03161599859595299,2.192988,26.376841,15.70787239074707,0.3394559919834137,228942,0.96994,0.422541,8.722609,496,17.181751
0.04009599983692169,2.413003,28.826004,15.701343536376953,0.33881598711013794,66635,0.933766,0.434373,11.187624,497,17.154083
0.03232000023126602,4.552507,31.030341,15.685440063476562,0.33561599254608154,241319,0.921274,0.412118,13.467481,498,17.101481
0.033535998314619064,3.896684,29.949888,15.791423797607422,0.34006398916244507,282037,0.98439,0.4235,12.187094,499,17.287401
0.0307839997112751,2.45062,28.659953,15.545791625976562,0.3353919982910156,211825,0.92486,0.413991,11.233594,500,16.965175
0.03251200169324875,3.079763,29.599062,15.693504333496094,0.33766400814056396,313130,0.920051,0.417999,12.019365,501,17.111193
0.03251200169324875,2.28433,28.518255,15.841216087341309,0.34112000465393066,283037,0.960212,0.415785,10.726091,502,17.320808
0.03311999887228012,2.925843,28.967962,15.755840301513672,0.3381119966506958,785,0.962438,0.424891,11.258361,503,17.226392
0.032287999987602234,3.149224,29.060986,15.69753646850586,0.3380799889564514,414170,0.938837,0.40885,11.46317,504,17.137738
0.03280000016093254,2.971711,29.524811,15.90124797821045,0.34006398916244507,367569,0.950413,0.421054,11.693359,505,17.359103
0.032607998698949814,2.063881,27.805277,15.597087860107422,0.3359679877758026,343218,0.92299,0.433869,10.298438,506,17.024048
0.03254399821162224,2.007123,27.667348,15.702112197875977,0.33846399188041687,195918,0.956191,0.414366,10.035726,507,17.165863
0.03142400085926056,2.359419,28.727106,15.631360054016113,0.33744001388549805,147415,0.94099,0.410841,11.196808,508,17.069858
0.031968001276254654,3.093566,32.305833,15.704511642456055,0.33670398592948914,125850,0.943544,0.418629,14.690666,509,17.146822
0.04684799909591675,3.148547,29.975376,15.899359703063965,0.3410879969596863,213033,0.957644,0.424361,12.103825,510,17.391328
0.03142400085926056,4.440762,30.958252,15.72156810760498,0.33926400542259216,481390,0.953427,0.421835,13.296731,511,17.188359
0.031199999153614044,2.269935,31.051174,15.628031730651855,0.3370879888534546,189475,0.928698,0.423333,13.520779,512,17.056992
0.03283200040459633,3.369282,32.935871,15.811296463012695,0.34089601039886475,67213,0.952441,0.425439,15.178284,513,17.275944
0.032735999673604965,2.835643,30.906237,15.576000213623047,0.3349120020866394,349594,0.944743,0.421815,13.413238,514,17.022405
0.03251200169324875,2.805138,29.299381,15.738271713256836,0.33881598711013794,451693,0.950085,0.418731,11.635438,515,17.193324
0.0323840007185936,3.770236,29.952279,15.639200210571289,0.33772799372673035,8211,0.923334,0.408963,12.429266,516,17.062493
0.03171199932694435,3.045538,28.751729,15.705280303955078,0.34060800075531006,266206,0.972747,0.405706,11.112992,517,17.181604
0.031488001346588135,2.663635,28.427771,15.550271987915039,0.3359360098838806,126137,0.934027,0.407634,10.997421,518,16.974126
0.031647998839616776,4.247129,30.67212,15.657024383544922,0.33721598982810974,282298,0.932972,0.409214,13.124885,519,17.088246
0.030880000442266464,4.267088,32.95418,15.579584121704102,0.33657601475715637,263969,0.929883,0.400039,15.496294,520,17.008409
0.03190400078892708,3.220188,29.779644,15.662176132202148,0.3377920091152191,382696,0.939329,0.421828,12.205134,521,17.100791
0.03129599988460541,1.955748,28.260298,15.790719985961914,0.3410879969596863,453860,0.980844,0.426319,10.494339,522,17.286033
0.033055998384952545,3.491084,29.315785,15.566495895385742,0.33532801270484924,186980,0.936631,0.432215,11.829375,523,17.002715
0.03139200061559677,2.579173,28.556293,15.72323226928711,0.3375999927520752,500270,0.958578,0.416284,10.910905,524,17.177634
0.03254399821162224,2.158304,28.783393,15.851519584655762,0.3400000035762787,433915,0.94411,0.419896,11.010551,525,17.30128
0.03142400085926056,2.228517,28.043231,15.685728073120117,0.33718401193618774,65736,0.939545,0.408633,10.46658,526,17.119341
0.03251200169324875,2.794956,31.461617,15.654848098754883,0.33583998680114746,406417,0.92586,0.410464,13.927827,527,17.071947
0.031072000041604042,3.092684,28.955392,15.656800270080566,0.3378239870071411,327701,0.921642,0.415907,11.408824,528,17.081187
0.03830400109291077,3.288659,29.045641,15.703007698059082,0.33952000737190247,51326,0.961533,0.422905,11.398545,529,17.17331
0.032575998455286026,3.41708,32.617366,15.610336303710938,0.33529600501060486,109118,0.937549,0.414764,15.108387,530,17.04661
0.03232000023126602,3.800115,33.441996,15.855232238769531,0.34275200963020325,359855,0.949801,0.50308,15.562448,531,17.318939
0.032127998769283295,2.856599,29.764793,15.8919038772583,0.3418239951133728,173008,0.97563,0.423824,11.892034,532,17.387337
0.03129599988460541,3.172448,29.110594,15.687711715698242,0.33955198526382446,71877,0.976583,0.417377,11.465218,533,17.169531
0.03177599981427193,2.580703,27.389028,15.723615646362305,0.3381440043449402,46378,0.973539,0.411069,9.727182,534,17.202322
0.03171199932694435,3.23631,29.555153,15.696224212646484,0.3391999900341034,157756,0.941177,0.413315,11.94636,535,17.144081
0.0326399989426136,2.991387,28.98984,15.584447860717773,0.3349759876728058,31620,0.913285,0.412215,11.533787,536,16.996092
0.03161599859595299,3.674243,30.018285,15.765664100646973,0.3402239978313446,477955,0.943739,0.41822,12.338077,537,17.21144
0.03094400092959404,2.554963,28.609121,15.643487930297852,0.33427199721336365,107226,0.904398,0.41216,11.109113,538,17.039648
0.031168000772595406,1.64479,30.374183,15.757887840270996,0.34086400270462036,161861,0.961818,0.416309,12.682856,539,17.224864
0.031936001032590866,2.405052,27.785575,15.533247947692871,0.3360320031642914,258388,0.926818,0.401039,10.377344,540,16.959942
0.03251200169324875,2.111484,30.086312,15.818943977355957,0.33955198526382446,255483,0.949356,0.414555,12.348823,541,17.2733
0.03142400085926056,3.340097,29.564746,15.583488464355469,0.3391680121421814,88432,0.915052,0.412659,12.086741,542,17.014924
0.03248000144958496,4.553266,33.880358,15.793343544006348,0.3421120047569275,137576,1.000601,0.418492,16.10567,543,17.304729
0.0318400003015995,2.063962,30.723436,15.615391731262207,0.3370879888534546,357978,0.986448,0.41542,13.150219,544,17.11032
0.031647998839616776,4.166643,33.019196,15.689760208129883,0.33935999870300293,61747,0.962001,0.407553,15.410216,545,17.152823
0.03155200183391571,2.441801,27.272414,15.741056442260742,0.33900800347328186,302030,1.000121,0.413943,9.566747,546,17.24382
0.03190400078892708,2.905443,29.794366,15.865983963012695,0.34195199608802795,136334,0.938275,0.414301,12.011384,547,17.316959
0.031039999797940254,2.967483,31.9045,15.650655746459961,0.3357439935207367,315257,0.918068,0.414647,14.375517,548,17.062519
0.03200000151991844,3.213644,29.700117,15.739551544189453,0.3397440016269684,543300,0.946024,0.410806,12.042458,549,17.195673
0.031936001032590866,3.054083,31.505442,15.701184272766113,0.33932799100875854,489611,1.017444,0.420516,13.812396,550,17.223756
0.03270399942994118,3.894651,29.940957,15.6976318359375,0.3383679986000061,82846,0.947682,0.413613,12.325292,551,17.152978
0.03129599988460541,3.151244,29.350895,15.628640174865723,0.33664000034332275,512248,0.912255,0.423343,11.839077,552,17.039424
0.033215999603271484,4.17507,31.007587,15.791775703430176,0.34038400650024414,83113,0.981666,0.407698,13.260645,553,17.287082
0.03174399957060814,2.775602,28.355936,15.565567970275879,0.3368319869041443,324818,0.916132,0.413733,10.912503,554,16.980374
0.03215999901294708,1.943644,30.304448,15.846176147460938,0.3407039940357208,446703,0.977298,0.425377,12.489042,555,17.339163
0.03155200183391571,1.017546,28.532632,15.608672142028809,0.33612799644470215,22371,0.934007,0.423141,11.028712,556,17.034611
0.034591998904943466,2.27236,31.133385,15.878975868225098,0.3420799970626831,189828,0.983877,0.429798,13.258968,557,17.383838
0.03286400064826012,3.893929,30.486515,15.724831581115723,0.339136004447937,516677,0.943336,0.428389,12.824592,558,17.181567
0.031808000057935715,1.481642,29.727116,15.741472244262695,0.3373439908027649,447611,0.92672,0.418496,12.080079,559,17.17468
0.03280000016093254,2.094666,29.033212,15.873279571533203,0.3423680067062378,61418,1.013629,0.421948,11.153738,560,17.402171
0.03219199925661087,2.767098,28.53651,15.562623977661133,0.3356480002403259,405970,0.934324,0.418596,11.069994,561,16.997678
0.03299200162291527,2.436848,28.28634,15.773568153381348,0.3375680148601532,257865,0.923261,0.433545,10.599709,562,17.200971
0.03190400078892708,3.175266,30.146818,15.873984336853027,0.34195199608802795,434548,0.964824,0.438694,12.303648,563,17.350917
0.033344000577926636,2.704656,29.345291,15.780832290649414,0.33878400921821594,171757,0.940951,0.428912,11.637734,564,17.224592
0.0326399989426136,3.130365,30.054944,15.849504470825195,0.34137600660324097,224724,0.971438,0.422467,12.248349,565,17.330834
0.032287999987602234,2.982673,29.724222,15.880831718444824,0.33609598875045776,385029,0.942378,0.428551,11.924161,566,17.320186
0.03232000023126602,2.15062,28.17513,15.884639739990234,0.3438720107078552,225670,1.005573,0.420284,10.293636,567,17.40796
0.03171199932694435,1.642576,28.303863,15.696703910827637,0.33747199177742004,112298,0.951128,0.428616,10.677583,568,17.147021
0.03129599988460541,2.384965,31.443395,15.841440200805664,0.3410879969596863,347254,0.964291,0.419365,13.647657,569,17.321921
0.033344000577926636,2.632589,32.326686,15.977472305297852,0.3418880105018616,322352,0.990024,0.439911,14.344274,570,17.487491
0.031936001032590866,1.775292,30.864744,15.843615531921387,0.3394559919834137,87244,0.962711,0.417169,13.08365,571,17.312624
0.03161599859595299,2.506013,28.662591,15.574272155761719,0.33660799264907837,171190,0.929888,0.424108,11.182092,572,17.006344
0.031072000041604042,2.757695,28.357237,15.722623825073242,0.33932799100875854,579635,0.968832,0.424755,10.684935,573,17.197008
0.03136000037193298,2.778011,28.323817,15.588095664978027,0.3352319896221161,27696,0.94504,0.419998,10.8279,574,17.027769
0.03190400078892708,2.492418,30.322027,15.671456336975098,0.3368319869041443,428280,0.933174,0.409685,12.756464,575,17.10405
0.0318400003015995,2.706425,28.704652,15.61734390258789,0.3356800079345703,322944,0.925338,0.418605,11.194733,576,17.041379
0.0318400003015995,2.87522,28.397786,15.550175666809082,0.3383359909057617,44279,0.916267,0.415793,10.969994,577,16.960898
0.03251200169324875,2.478831,28.278958,15.745087623596191,0.338591992855072,495732,0.955624,0.422503,10.599022,578,17.209013
0.03187200054526329,3.548803,29.871226,15.565695762634277,0.3373120129108429,551794,0.921518,0.403931,12.426405,579,16.990908
0.031968001276254654,4.140982,30.702703,15.666175842285156,0.3381440043449402,104455,0.926823,0.423677,13.130954,580,17.098348
0.03302399814128876,3.840966,30.239304,15.90988826751709,0.3424319922924042,183437,0.970401,0.429593,12.357921,581,17.398232
0.030880000442266464,3.894876,30.395408,15.706239700317383,0.33926400542259216,507975,0.96427,0.418842,12.745837,582,17.180285
0.030880000442266464,1.717907,30.483643,15.587039947509766,0.3351680040359497,7784,0.924635,0.405512,13.018891,583,17.008651
0.031199999153614044,3.290232,29.863037,15.824480056762695,0.33935999870300293,179141,0.954397,0.41766,12.106754,584,17.286589
0.03222399950027466,1.691336,27.177088,15.541472434997559,0.334879994392395,353180,0.918859,0.406148,9.775346,585,16.947833
0.03315199911594391,3.411153,30.793713,15.76803207397461,0.33875200152397156,435081,0.964706,0.425465,13.070346,586,17.247227
0.03142400085926056,1.797656,29.875573,15.643199920654297,0.3373439908027649,446005,0.926738,0.416664,12.338087,587,17.070275
0.032416000962257385,2.542285,31.412281,15.789471626281738,0.34067198634147644,164883,0.953313,0.416433,13.694029,588,17.250174
0.03209599852561951,3.544499,29.57329,15.591456413269043,0.3343999981880188,191013,0.911276,0.418564,12.105391,589,16.998563
0.03363199904561043,5.577558,34.635875,16.12451171875,0.33670398592948914,278353,0.937262,0.429603,16.584545,590,17.569016
0.03209599852561951,3.013362,29.022834,15.79593563079834,0.3394879996776581,466416,0.944085,0.402558,11.329519,591,17.237397
0.031647998839616776,4.264296,30.84703,15.780192375183105,0.34031999111175537,458755,0.946558,0.411131,13.147765,592,17.237047
0.0318400003015995,3.06519,27.735252,15.668000221252441,0.33932799100875854,439180,1.008952,0.410427,10.092103,593,17.182469
0.03244800120592117,3.269256,29.671715,15.7706880569458,0.33823999762535095,491613,0.936859,0.415128,11.996331,594,17.209158
0.0318400003015995,2.591602,31.578728,15.683648109436035,0.3369919955730438,167902,0.905626,0.405188,14.038227,595,17.086083
0.032127998769283295,2.553358,29.098987,15.804767608642578,0.3416000008583069,86956,0.945157,0.416709,11.360029,596,17.269177
0.03203200176358223,1.839608,27.497453,15.54319953918457,0.33590400218963623,44652,0.910854,0.414264,10.089048,597,16.945731
0.03280000016093254,4.088568,30.305499,15.855551719665527,0.3444159924983978,505565,0.946523,0.426805,12.496553,598,17.327527
0.03209599852561951,2.47066,28.22767,15.670111656188965,0.3373120129108429,184324,0.93853,0.419598,10.64651,599,17.108018
0.032896000891923904,2.952931,29.55832,15.786848068237305,0.3399040102958679,368982,0.946745,0.420291,11.837698,600,17.246642
0.03161599859595299,1.861779,30.874362,15.730879783630371,0.3369919955730438,174231,0.926123,0.41402,13.255875,601,17.153906
0.033695999532938004,2.458793,28.980391,15.805215835571289,0.3401919901371002,366141,0.955179,0.425674,11.229352,602,17.274286
0.032255999743938446,4.702833,33.130104,15.696352005004883,0.33750399947166443,149406,1.00979,0.414278,15.458819,603,17.207782
0.0315839983522892,3.028189,27.753982,15.595904350280762,0.33689600229263306,488251,0.930802,0.410964,10.269799,604,17.025338
0.03167999908328056,2.712664,28.510804,15.580096244812012,0.3376320004463196,15597,0.896753,0.405774,11.0835,605,16.974101
0.03248000144958496,3.483088,30.148813,15.834336280822754,0.3394559919834137,436315,0.940745,0.431011,12.379808,606,17.28639
0.03177599981427193,2.758102,28.396597,15.568608283996582,0.3354560136795044,533816,0.925063,0.40874,10.953301,607,16.986392
0.03177599981427193,2.340043,28.160823,15.77507209777832,0.3394240140914917,6818,0.965459,0.423289,10.440046,608,17.245385
0.03171199932694435,3.109841,29.450492,15.617247581481934,0.3351359963417053,462904,0.932249,0.407943,11.949399,609,17.042344
0.03222399950027466,2.682397,31.779286,15.654848098754883,0.3391039967536926,312263,0.928452,0.409545,14.233505,610,17.086298
0.031007999554276466,3.571867,29.175248,15.767999649047852,0.3383359909057617,198805,0.956036,0.414551,11.483042,611,17.225861
0.03129599988460541,3.165838,29.632855,15.694080352783203,0.3387199938297272,175443,0.950248,0.423114,12.010936,612,17.149024
0.03206399828195572,3.702036,29.193226,15.64083194732666,0.33561599254608154,546659,0.925681,0.423114,11.656756,613,17.063446
0.0323840007185936,3.10914,29.97927,15.823712348937988,0.33817601203918457,287714,0.949885,0.427715,12.217964,614,17.281944
0.03145600110292435,3.857368,30.872937,15.762080192565918,0.3401919901371002,530466,0.977449,0.42424,13.149583,615,17.245809
0.03155200183391571,3.362146,29.040133,15.647135734558105,0.33660799264907837,278973,0.922804,0.417731,11.503455,616,17.069025
0.033376000821590424,2.804444,29.124149,15.857855796813965,0.34095999598503113,124975,0.992454,0.426236,11.276182,617,17.360471
0.03161599859595299,2.882333,29.221932,15.703712463378906,0.3368000090122223,167486,0.965752,0.411546,11.589402,618,17.172308
0.03286400064826012,3.31899,30.531252,15.878335952758789,0.34281599521636963,507037,0.992748,0.421066,12.661297,619,17.394529
0.0318400003015995,2.903441,28.576238,15.694656372070312,0.3380480110645294,431693,0.968768,0.413541,10.94894,620,17.164799
0.030848000198602676,2.659293,28.531103,15.71724796295166,0.3381119966506958,344100,0.963587,0.420029,10.877341,621,17.183139
0.03167999908328056,3.276302,29.611313,15.61257553100586,0.33555200695991516,400573,0.933429,0.412442,12.107748,622,17.040302
0.031808000057935715,3.07887,29.62561,15.731776237487793,0.3383040130138397,516143,0.908065,0.41651,12.013708,623,17.144077
0.034143999218940735,4.999245,31.949108,16.065248489379883,0.3442560136318207,269113,1.039271,0.427688,13.831339,624,17.632524
0.03244800120592117,3.301021,30.162803,15.70678424835205,0.3383359909057617,175535,0.962461,0.419704,12.511883,625,17.179182
0.03232000023126602,1.716439,30.793162,15.781439781188965,0.3380480110645294,116068,0.934562,0.420604,13.100249,626,17.220094
0.032607998698949814,2.194185,28.028409,15.835328102111816,0.33958399295806885,299720,0.975955,0.422578,10.236948,627,17.318805
0.03215999901294708,2.468508,28.274593,15.636096000671387,0.3352319896221161,449909,0.926077,0.410737,10.756769,628,17.056464
0.03203200176358223,2.064347,28.757126,15.839808464050293,0.3404479920864105,521601,0.972839,0.41571,10.966172,629,17.321744
0.03311999887228012,3.674331,30.106847,15.921024322509766,0.3399359881877899,413404,0.991426,0.416353,12.212868,630,17.425194
0.031808000057935715,2.340157,28.098601,15.660032272338867,0.33686399459838867,285047,0.936611,0.419766,10.535264,631,17.093336
0.032607998698949814,3.867798,30.375977,15.897600173950195,0.33987200260162354,155571,0.996878,0.421204,12.494758,632,17.408329
0.031488001346588135,2.362996,26.686092,15.745439529418945,0.33718401193618774,323709,0.986037,0.433786,8.967306,633,17.235569
0.031808000057935715,2.07888,30.57764,15.80246353149414,0.3407039940357208,127494,0.992737,0.425195,12.794269,634,17.304492
0.031968001276254654,2.109599,26.970949,15.663904190063477,0.33561599254608154,52591,0.98584,0.412916,9.361427,635,17.143934
0.031199999153614044,2.638374,29.681321,15.82908821105957,0.34191998839378357,370999,0.959366,0.42842,11.891226,636,17.307447
0.031968001276254654,3.334903,29.584845,15.767807960510254,0.3370879888534546,144333,0.926379,0.458992,11.873885,637,17.199568
0.03171199932694435,2.534358,28.889465,15.761792182922363,0.3404799997806549,90956,0.987876,0.419916,11.148186,638,17.267771
0.03296000137925148,3.246886,31.587245,15.80076789855957,0.33855998516082764,489924,0.987514,0.416586,13.822706,639,17.296659
0.03174399957060814,2.667168,29.493046,15.87558364868164,0.3423359990119934,469174,0.965425,0.430272,11.654971,640,17.354839
0.032127998769283295,3.453616,30.005566,15.633248329162598,0.33776000142097473,297147,0.954704,0.413213,12.447839,641,17.094748
0.03145600110292435,2.713814,30.032628,15.904288291931152,0.3423680067062378,98520,0.978989,0.426312,12.148446,642,17.401616
0.032896000891923904,2.074489,31.482568,15.840767860412598,0.34089601039886475,573094,0.987893,0.42652,13.659925,643,17.343395
0.03248000144958496,3.202749,29.032358,15.744576454162598,0.3378880023956299,279887,0.954201,0.428444,11.348405,644,17.205302
0.03232000023126602,1.753813,28.933816,15.69702434539795,0.3346880078315735,270908,0.968145,0.419195,11.314073,645,17.155181
0.03296000137925148,3.018515,29.028478,15.79315185546875,0.34035199880599976,167540,0.970823,0.416562,11.280999,646,17.27566
0.031968001276254654,3.523979,30.49647,15.774335861206055,0.3407360017299652,222991,0.941349,0.421802,12.793776,647,17.227376
0.03155200183391571,2.4506,28.645457,15.809439659118652,0.33776000142097473,3156,0.939871,0.430674,10.911137,648,17.251687
0.031808000057935715,2.058036,30.689437,15.84886360168457,0.3407680094242096,109798,0.967567,0.433238,12.874703,649,17.32906
0.031647998839616776,3.052708,32.288662,15.664159774780273,0.33635199069976807,289343,0.927618,0.425142,14.713094,650,17.100235
0.03155200183391571,2.552743,28.929698,15.80025577545166,0.3413439989089966,39484,0.997612,0.419806,11.141851,651,17.313793
0.03254399821162224,1.853496,27.516683,15.652607917785645,0.3352000117301941,112626,0.940576,0.422792,9.953132,652,17.091049
0.03187200054526329,2.468356,29.292169,15.857439994812012,0.3412480056285858,209753,0.967399,0.426186,11.468177,653,17.340818
0.0323840007185936,2.040223,31.195715,15.710495948791504,0.3375680148601532,220858,0.936002,0.424225,13.565838,654,17.152765
0.0323840007185936,2.883484,29.978974,15.874431610107422,0.34121599793434143,60363,0.976684,0.412296,12.145397,655,17.366389
0.03283200040459633,3.096963,28.898935,15.632160186767578,0.3383359909057617,476770,0.939349,0.412938,11.353546,656,17.080495
0.03376000002026558,2.352817,28.380356,15.904704093933105,0.3404479920864105,254368,1.011664,0.419108,10.472397,657,17.436309
0.03280000016093254,1.970039,28.401137,16.04300880432129,0.3449600040912628,109992,1.011856,0.423851,10.336372,658,17.582305
0.03161599859595299,2.735608,29.851147,15.801600456237793,0.34137600660324097,284623,0.97707,0.425507,12.077885,659,17.292225
0.032255999743938446,3.113754,29.550099,15.682496070861816,0.33747199177742004,562121,0.944644,0.424086,11.947811,660,17.125758
0.03248000144958496,2.262812,31.335485,15.847200393676758,0.3423680067062378,491683,1.012066,0.412784,13.493481,661,17.375475
0.0318400003015995,2.309509,28.262824,15.644895553588867,0.33750399947166443,235241,0.942137,0.417002,10.70516,662,17.08923
0.03324799984693527,1.062487,30.232758,15.999039649963379,0.3416000008583069,312552,0.996174,0.418138,12.246768,663,17.514028
0.030880000442266464,3.607483,29.468875,15.70035171508789,0.33667200803756714,153510,0.935311,0.418044,11.861156,664,17.138556
0.03276799991726875,3.115705,29.765869,15.914527893066406,0.3424000144004822,16228,1.001137,0.436998,11.837695,665,17.434578
0.032287999987602234,3.70334,29.863912,15.752448081970215,0.33657601475715637,459437,0.938376,0.41535,12.19416,666,17.204984
0.03129599988460541,2.306612,29.349671,15.885024070739746,0.3418560028076172,88218,0.973281,0.418739,11.499628,667,17.375371
0.03174399957060814,3.563544,29.839459,15.712672233581543,0.337119996547699,323263,0.933201,0.424979,12.214173,668,17.148827
0.03292800113558769,2.760121,29.844858,15.81446361541748,0.3412480056285858,224664,0.999005,0.426556,12.030146,669,17.334044
0.03286400064826012,2.095911,26.98775,15.688511848449707,0.33932799100875854,98716,1.009714,0.410613,9.322157,670,17.205061
0.03286400064826012,3.820479,30.708735,15.860608100891113,0.3420479893684387,73702,0.972734,0.424459,12.877744,671,17.348795
0.0331839993596077,4.411162,32.827553,15.766143798828125,0.33958399295806885,493772,1.004343,0.415573,15.074902,672,17.287266
0.03219199925661087,3.465377,29.638473,15.777536392211914,0.3393920063972473,460147,0.976216,0.417154,11.902644,673,17.266178
0.03171199932694435,3.237824,28.88583,15.585887908935547,0.3362559974193573,438774,0.928983,0.408738,11.412173,674,17.015772
0.03167999908328056,3.516917,29.629048,15.829792022705078,0.3431360125541687,159977,0.973751,0.418536,11.824882,675,17.331956
0.031168000772595406,2.971058,29.334531,15.60540771484375,0.33695998787879944,383676,0.921309,0.414935,11.840358,676,17.030028
0.03171199932694435,4.056813,31.334856,15.921119689941406,0.3423680067062378,67896,0.998704,0.424563,13.417845,677,17.436873
0.031199999153614044,2.224374,28.100271,15.736191749572754,0.3407360017299652,22192,0.965479,0.433796,10.400327,678,17.214875
0.032287999987602234,3.785488,29.680343,15.764191627502441,0.33878400921821594,563653,0.945961,0.410172,12.000433,679,17.217673
0.031968001276254654,3.005165,29.391901,15.675552368164062,0.33750399947166443,539962,0.935367,0.411842,11.817021,680,17.114235
0.03161599859595299,3.730248,30.234396,15.861311912536621,0.34249600768089294,304291,0.979213,0.425552,12.390792,681,17.361705
0.03215999901294708,2.279499,28.82932,15.920191764831543,0.34431999921798706,136915,1.006337,0.430577,10.89205,682,17.450671
0.03283200040459633,1.240626,30.014291,15.847071647644043,0.3386560082435608,149222,0.947629,0.426043,12.233,683,17.303347
0.033215999603271484,4.409288,33.151219,15.823583602905273,0.33935999870300293,134882,0.980255,0.416751,15.367433,684,17.315828
0.03209599852561951,3.698304,30.635734,15.812607765197754,0.3399359881877899,267537,0.950646,0.424757,12.885198,685,17.273236
0.032255999743938446,2.26271,28.290322,15.65452766418457,0.3362239897251129,80273,0.929822,0.413291,10.74648,686,17.081851
0.033952001482248306,3.059126,30.542368,16.17807960510254,0.35814398527145386,223959,0.966121,0.426478,12.375912,687,17.682926
0.031647998839616776,3.437914,29.074097,15.646656036376953,0.33632001280784607,370486,0.924842,0.419639,11.534714,688,17.069655
0.03219199925661087,3.088675,29.216664,15.831968307495117,0.34297600388526917,135890,0.980177,0.423072,11.409029,689,17.330672
0.0323840007185936,2.80749,28.827786,15.678400039672852,0.33664000034332275,283412,0.928218,0.427317,11.23966,690,17.10876
0.0331839993596077,1.896463,30.553346,15.847583770751953,0.3407680094242096,569700,0.975545,0.447669,12.713021,691,17.337168
0.03177599981427193,3.070351,28.146069,15.757408142089844,0.33926400542259216,36678,0.99024,0.419235,10.423155,692,17.25089
0.03296000137925148,2.956181,30.093799,15.883008003234863,0.3417919874191284,130826,0.964303,0.424837,12.255676,693,17.359654
0.03152000159025192,2.637341,28.851382,15.685759544372559,0.3372479975223541,238866,0.935147,0.416203,11.259542,694,17.124633
0.031231999397277832,3.135676,31.442182,15.6244478225708,0.33686399459838867,47801,0.955261,0.414147,13.897094,695,17.080703
0.0318400003015995,2.663267,29.044518,15.686047554016113,0.33823999762535095,216497,0.930872,0.415089,11.463939,696,17.116674
0.03283200040459633,3.573516,31.313123,15.989824295043945,0.34272000193595886,119365,0.978857,0.428246,13.334319,697,17.49419
0.03187200054526329,3.05408,29.72823,15.747488021850586,0.3389759957790375,369757,0.942129,0.435874,12.039088,698,17.200005
0.0323840007185936,3.384579,30.227719,16.22550392150879,0.343968003988266,404678,1.012244,0.435731,11.957282,699,17.774576
0.03203200176358223,2.729434,28.583147,15.855039596557617,0.34118399024009705,146358,1.02314,0.419903,10.715956,700,17.393073
0.03190400078892708,2.955491,29.604799,15.783904075622559,0.3415040075778961,74256,0.94452,0.423266,11.88124,701,17.246095
0.03248000144958496,2.499335,28.936771,15.755616188049316,0.33776000142097473,342006,0.935266,0.414226,11.262463,702,17.201797
0.03152000159025192,2.594455,29.932353,15.879551887512207,0.34272000193595886,394510,1.015644,0.427522,12.037296,703,17.412109
0.031488001346588135,3.21846,30.005962,15.863615989685059,0.3396799862384796,196759,0.971029,0.421334,12.193104,704,17.339117
0.03152000159025192,1.601118,28.370212,15.615455627441406,0.33504000306129456,302452,0.921007,0.408429,10.883387,705,17.030149
0.03171199932694435,3.417162,29.977274,15.734432220458984,0.3386879861354828,146498,0.939067,0.41878,12.329482,706,17.17854
0.0323840007185936,3.905392,30.228564,15.907072067260742,0.3423359990119934,283520,0.996138,0.414994,12.339283,707,17.421207
0.030848000198602676,4.034403,29.748419,15.602368354797363,0.33695998787879944,372260,0.916611,0.418326,12.265986,708,17.015984
0.032416000962257385,3.626692,30.581548,15.83737564086914,0.34092798829078674,2532,0.964795,0.412591,12.799658,709,17.315431
0.0323840007185936,3.33931,31.597595,15.757599830627441,0.3397440016269684,386134,1.009496,0.420819,13.853204,710,17.275269
0.03167999908328056,3.591798,30.567371,15.869343757629395,0.34118399024009705,356248,0.976713,0.420787,12.734492,711,17.357471
0.031231999397277832,2.16428,28.776648,15.701248168945312,0.3386560082435608,350023,0.931222,0.411822,11.178992,712,17.136219
0.031199999153614044,3.907596,31.249169,15.907615661621094,0.3417919874191284,457078,0.994113,0.428198,13.348095,713,17.416621
0.03190400078892708,2.002601,28.419326,15.847552299499512,0.3415040075778961,464358,0.982116,0.425993,10.595875,714,17.342629
0.032287999987602234,4.409933,30.37841,15.777664184570312,0.3399679958820343,509403,0.95547,0.436737,12.645279,715,17.243031
0.03206399828195572,1.977358,31.014858,15.746848106384277,0.33667200803756714,366178,0.920523,0.418576,13.379912,716,17.165701
0.031808000057935715,2.268427,29.298334,15.907391548156738,0.34351998567581177,179392,0.971382,0.423954,11.424613,717,17.393562
0.032575998455286026,1.958823,31.232103,15.749792098999023,0.3372479975223541,533145,0.933932,0.417992,13.575834,718,17.18793
0.03222399950027466,3.824293,30.153127,15.856191635131836,0.34191998839378357,330818,0.997748,0.423543,12.301301,719,17.372589
0.03203200176358223,3.015351,29.366382,15.638336181640625,0.33609598875045776,189752,0.930305,0.413577,11.828511,720,17.073372
0.032896000891923904,2.631545,29.972583,15.942336082458496,0.3421120047569275,86755,1.002129,0.41449,12.029105,721,17.470624
0.031936001032590866,2.722558,28.734429,15.718079566955566,0.33929601311683655,304396,0.976384,0.421917,11.065387,722,17.196295
0.03244800120592117,2.332131,27.554571,15.63379192352295,0.33542400598526,90631,0.924336,0.413671,10.039513,723,17.053122
0.033504001796245575,1.981281,30.392601,15.845343589782715,0.3405120074748993,410612,0.96902,0.416469,12.598701,724,17.323984
0.0318400003015995,3.983413,30.6898,16.00841522216797,0.3444480001926422,416837,1.036264,0.428312,12.631947,725,17.571478
0.03155200183391571,3.420782,30.55623,15.810848236083984,0.3407680094242096,470121,0.987979,0.432029,12.757513,726,17.310246
0.03171199932694435,3.13942,29.757251,15.717791557312012,0.3377920091152191,496854,0.945224,0.418182,12.124849,727,17.164549
0.030848000198602676,2.253644,27.236206,15.68387222290039,0.33583998680114746,122927,0.938708,0.418835,9.649933,728,17.119511
0.03244800120592117,3.765993,30.208262,15.840224266052246,0.3368319869041443,122166,0.932198,0.415039,12.473008,729,17.269458
0.03280000016093254,1.806734,28.223333,15.887871742248535,0.34121599793434143,571008,1.008115,0.424956,10.324456,730,17.420808
0.03267199918627739,2.022193,30.079914,15.760064125061035,0.3357439935207367,426166,0.921647,0.425457,12.414683,731,17.186036
0.033055998384952545,3.2477,29.745021,16.040319442749023,0.3410240113735199,289702,1.001063,0.441232,11.687379,732,17.560436
0.03244800120592117,3.295858,29.817571,15.850496292114258,0.33935999870300293,514540,0.976262,0.432764,11.987105,733,17.341719
0.03177599981427193,3.840119,30.409498,15.76153564453125,0.3391039967536926,87470,0.964885,0.432732,12.692903,734,17.232598
0.03379200026392937,2.216367,28.92795,16.08336067199707,0.34089601039886475,239627,1.015536,0.435608,10.828227,735,17.607705
0.0315839983522892,2.684675,32.418364,15.798912048339844,0.3389439880847931,184791,0.991982,0.422745,14.643589,736,17.299194
0.032735999673604965,3.645613,29.924238,15.883999824523926,0.3410240113735199,349678,1.022472,0.421535,12.028002,737,17.419647
0.032255999743938446,2.215555,31.320482,15.772895812988281,0.3383040130138397,130386,0.960847,0.428841,13.599284,738,17.239266
0.03161599859595299,3.048381,29.724709,15.946592330932617,0.3418560028076172,34760,0.999802,0.426183,11.776628,739,17.46575
0.032416000962257385,3.632381,30.198986,15.719103813171387,0.33792001008987427,125257,0.944651,0.419903,12.559417,740,17.167232
0.030912000685930252,2.86319,27.835487,15.693375587463379,0.3376320004463196,456143,0.951884,0.418984,10.220678,741,17.144075
0.0323840007185936,3.239164,31.392172,15.722528457641602,0.33958399295806885,561465,0.989521,0.431336,13.693282,742,17.217727
0.03152000159025192,3.435085,29.798072,15.82585620880127,0.3401919901371002,199236,0.986386,0.455187,11.972124,743,17.320675
0.03251200169324875,2.200297,30.623017,15.697759628295898,0.33878400921821594,128699,0.922545,0.415244,13.029796,744,17.125862
0.032287999987602234,1.666181,29.882114,15.844063758850098,0.34067198634147644,450488,0.976893,0.420666,12.081122,745,17.32904
0.03232000023126602,2.223302,29.165706,15.856224060058594,0.3401919901371002,456559,0.938044,0.428677,11.377894,746,17.30548
0.0315839983522892,2.011086,29.721293,15.661312103271484,0.3365119993686676,344621,0.918523,0.417782,12.161135,747,17.088867
0.03206399828195572,3.439105,29.637397,15.785856246948242,0.34377598762512207,548780,0.984258,0.416815,11.878352,748,17.28933
0.03286400064826012,2.745073,29.476204,15.870719909667969,0.33750399947166443,562561,0.935067,0.424251,11.684334,749,17.314678
0.03276799991726875,3.657971,34.044849,15.949055671691895,0.3423680067062378,110972,1.002745,0.426975,16.08284,750,17.476012
0.032607998698949814,3.570214,29.428146,15.865471839904785,0.34012800455093384,574520,0.965218,0.423587,11.604412,751,17.346325
0.03219199925661087,2.101894,28.276888,15.889599800109863,0.34009599685668945,170955,0.958807,0.424993,10.43358,752,17.365347
0.03251200169324875,2.431364,28.386632,15.67193603515625,0.33609598875045776,535094,0.949232,0.404829,10.812266,753,17.120493
0.03251200169324875,2.074018,30.575405,15.890560150146484,0.3413119912147522,351609,0.984962,0.42766,12.705435,754,17.388136
0.030688000842928886,3.49092,29.561361,15.649503707885742,0.3368000090122223,115898,0.940664,0.420169,11.998594,755,17.087174
0.032735999673604965,3.388955,29.67057,15.819199562072754,0.34112000465393066,31296,0.984579,0.425845,11.873881,756,17.317592
0.0318400003015995,3.005156,28.974588,15.712160110473633,0.3362559974193573,220764,0.921593,0.419051,11.37252,757,17.133067
0.03270399942994118,2.475935,31.335739,15.995072364807129,0.34198400378227234,437351,0.992803,0.432577,13.34382,758,17.502905
0.03308799862861633,2.759062,28.70201,15.688703536987305,0.33641600608825684,530854,0.942434,0.410687,11.094167,759,17.145913
0.031328000128269196,4.108593,30.495453,15.88697624206543,0.3421440124511719,217285,0.98062,0.417753,12.64294,760,17.379101
0.031808000057935715,3.530414,29.316742,15.662079811096191,0.3357760012149811,281447,0.941501,0.423937,11.735301,761,17.10722
0.03136000037193298,2.070773,29.212922,15.882240295410156,0.34272000193595886,402783,0.968495,0.424319,11.371384,762,17.363575
0.03142400085926056,3.960658,30.581934,15.703231811523438,0.33747199177742004,148707,0.945222,0.424885,12.958161,763,17.149002
0.03110400028526783,2.35337,28.6457,15.909664154052734,0.34169599413871765,566282,1.00155,0.424357,10.740146,764,17.427962
0.0363520011305809,2.346863,31.531061,15.696576118469238,0.33750399947166443,20553,0.927634,0.417116,13.926345,765,17.135597
0.031968001276254654,3.37851,30.776592,15.986207962036133,0.3418880105018616,190648,0.979431,0.426564,12.803433,766,17.487294
0.03190400078892708,2.492118,27.491433,15.862303733825684,0.33904001116752625,550797,1.023459,0.432924,9.611357,767,17.395078
0.0306560005992651,3.226819,30.163438,15.80396842956543,0.34060800075531006,121153,0.972192,0.416361,12.411784,768,17.282636
0.03161599859595299,3.038358,29.118618,15.729056358337402,0.3370240032672882,476119,0.947708,0.414037,11.468876,769,17.184899
0.03167999908328056,3.069753,29.222722,15.816320419311523,0.34012800455093384,406129,0.983366,0.420655,11.436431,770,17.31156
0.03161599859595299,3.328775,29.395732,15.70633602142334,0.33721598982810974,538236,0.943188,0.410664,11.78333,771,17.151894
0.03215999901294708,2.541618,29.492574,15.94159984588623,0.34012800455093384,443426,0.959632,0.416364,11.609629,772,17.411732
0.03209599852561951,4.53223,33.173002,15.646944046020508,0.3352639973163605,307658,0.942318,0.408472,15.626316,773,17.08764
0.031808000057935715,3.876749,33.261936,15.87820816040039,0.34121599793434143,364636,0.990686,0.41636,15.403144,774,17.386669
0.0318400003015995,2.285726,25.662341,15.644831657409668,0.3357439935207367,44590,0.976966,0.406697,8.09083,775,17.118248
0.03209599852561951,2.135664,28.032845,15.777503967285156,0.33823999762535095,80022,0.957721,0.414191,10.324887,776,17.242364
0.03145600110292435,1.364932,24.094119,15.586943626403809,0.33446401357650757,460682,0.954899,0.402887,6.615525,777,17.028746
0.031007999554276466,2.110897,30.339881,15.687583923339844,0.3373439908027649,97924,0.915777,0.416421,12.769309,778,17.10416
0.032575998455286026,3.529653,29.879718,15.869952201843262,0.34220799803733826,53624,0.974373,0.416693,12.049381,779,17.359112
0.03302399814128876,3.252822,29.465479,15.829792022705078,0.33670398592948914,571718,0.937708,0.425359,11.717921,780,17.267688
0.03244800120592117,2.107494,28.499319,15.869695663452148,0.3423359990119934,209222,0.997051,0.419065,10.642805,781,17.384332
0.031231999397277832,3.168096,29.140852,15.713791847229004,0.3356800079345703,396200,0.928827,0.416875,11.537275,782,17.136518
0.03235200047492981,4.234728,33.796295,16.94825553894043,0.3550719916820526,227187,1.011164,0.498457,14.600087,783,18.565372
0.031231999397277832,2.485646,29.327504,15.676639556884766,0.3373759984970093,366884,0.950093,0.433154,11.710072,784,17.13157
0.03171199932694435,2.640585,30.960594,15.80684757232666,0.3416000008583069,357816,0.998721,0.426918,13.15707,785,17.323571
0.03209599852561951,2.827018,29.194726,15.704575538635254,0.33718401193618774,469828,0.930212,0.427936,11.580673,786,17.13376
0.03315199911594391,3.433765,31.169364,16.01728057861328,0.3426559865474701,162581,1.024517,0.435546,13.114391,787,17.562064
0.0323840007185936,2.587205,29.386548,15.791487693786621,0.3391039967536926,34873,0.978128,0.434568,11.617583,788,17.280406
0.03296000137925148,2.201166,31.132239,15.774656295776367,0.33983999490737915,235399,0.957273,0.428172,13.410691,789,17.239493
0.032416000962257385,4.573608,30.999739,15.696352005004883,0.33718401193618774,404923,0.940307,0.423579,13.379714,790,17.145946
0.033055998384952545,2.259051,28.648839,15.798944473266602,0.3418560028076172,492758,0.982385,0.430688,10.862567,791,17.298685
0.03286400064826012,1.704593,31.068215,16.078367233276367,0.34512001276016235,407403,1.054209,0.437453,12.898529,792,17.669552
0.03167999908328056,2.93003,29.662554,15.800127983093262,0.3381119966506958,325114,0.960164,0.435687,11.909682,793,17.2658
0.031808000057935715,6.397208,35.049763,15.811327934265137,0.3392319977283478,442306,0.986579,0.43229,17.263514,794,17.301394
0.03129599988460541,2.960486,31.241034,15.606143951416016,0.3352000117301941,326462,0.945269,0.419611,13.725938,795,17.047467
0.03152000159025192,2.832798,28.18858,15.611712455749512,0.3372479975223541,309678,0.926891,0.418385,10.687511,796,17.031386
0.03276799991726875,3.557708,30.582107,15.884960174560547,0.3420799970626831,424135,0.976739,0.488262,12.658656,797,17.380237
0.03270399942994118,1.784339,28.153523,15.664640426635742,0.3377920091152191,222735,0.942982,0.427915,10.559188,798,17.114706
0.03235200047492981,3.734656,30.200623,15.993760108947754,0.34009599685668945,132796,0.980738,0.43216,12.224364,799,17.488993
0.03136000037193298,3.014125,29.34478,15.638688087463379,0.33827200531959534,36861,0.925651,0.422989,11.807356,800,17.064489
0.032575998455286026,3.112394,30.47151,15.95680046081543,0.3418880105018616,450758,1.002875,0.429245,12.509939,801,17.476296
0.03244800120592117,4.220531,30.943078,15.87939167022705,0.3400000035762787,451571,0.95307,0.432586,13.118096,802,17.339701
0.03286400064826012,3.624033,29.528544,15.712736129760742,0.33792001008987427,28285,0.91731,0.419924,11.918564,803,17.138372
0.03376000002026558,2.718565,29.855382,15.849599838256836,0.3424000144004822,34139,1.011178,0.423248,11.996154,804,17.380195
0.031936001032590866,3.122697,27.58766,15.744383811950684,0.3368000090122223,31817,0.996818,0.411712,9.879764,805,17.246475
0.03296000137925148,3.236445,30.230356,15.839839935302734,0.3417600095272064,393056,0.977293,0.434174,12.402437,806,17.340104
0.032127998769283295,3.85031,32.941661,15.838272094726562,0.3391680121421814,459634,0.970888,0.429182,15.138593,807,17.320941
0.03248000144958496,3.513396,29.918228,15.728256225585938,0.33641600608825684,305695,0.930249,0.415696,12.291785,808,17.16076
0.0318400003015995,2.256754,30.291157,15.845664024353027,0.33983999490737915,125936,0.996595,0.421522,12.45642,809,17.361274
0.03222399950027466,3.326149,29.456693,15.736736297607422,0.33616000413894653,316054,0.919331,0.421921,11.831108,810,17.154444
0.03292800113558769,2.798708,29.802067,15.928319931030273,0.3429439961910248,153529,0.955066,0.420484,11.925148,811,17.4012
0.03299200162291527,3.57807,29.594061,15.670271873474121,0.33692800998687744,569565,0.928713,0.419926,12.010952,812,17.103915
0.032416000962257385,2.644512,28.946662,15.918944358825684,0.3410559892654419,513524,0.984293,0.426063,11.050853,813,17.416176
0.03215999901294708,1.90817,31.034585,15.68825626373291,0.33657601475715637,505942,0.914356,0.417697,13.459141,814,17.108224
0.03254399821162224,3.219001,30.261267,15.84995174407959,0.3417600095272064,537812,0.972379,0.427576,12.445684,815,17.332145
0.03244800120592117,3.390268,30.37509,15.927231788635254,0.3421120047569275,118594,0.95295,0.425532,12.490419,816,17.400657
0.03311999887228012,2.874387,29.465731,15.876928329467773,0.34009599685668945,80340,0.973964,0.418406,11.626008,817,17.365479
0.03200000151991844,2.788299,29.687281,15.83568000793457,0.3401919901371002,35326,0.960864,0.439555,11.881613,818,17.311219
0.0323840007185936,2.186162,28.162003,15.752575874328613,0.3386240005493164,413552,0.932805,0.4271,10.489247,819,17.193511
0.03152000159025192,3.707894,29.972464,15.786720275878906,0.34166398644447327,568290,0.976223,0.421096,12.209116,820,17.282469
0.030912000685930252,1.944262,30.143957,15.6693115234375,0.33590400218963623,396526,0.929884,0.42116,12.572024,821,17.099304
0.032287999987602234,2.78199,29.413645,15.838047981262207,0.34012800455093384,382734,0.978551,0.429115,11.592579,822,17.335601
0.032255999743938446,3.638544,30.569331,15.834848403930664,0.33987200260162354,202339,0.9547,0.42368,12.784651,823,17.30867
0.03215999901294708,2.571061,29.098215,15.693280220031738,0.33689600229263306,287545,0.924967,0.423772,11.502702,824,17.119212
0.032735999673604965,2.148368,27.245236,15.866880416870117,0.33747199177742004,92124,0.946245,0.436358,9.441705,825,17.314649
0.03167999908328056,3.13683,29.645818,15.672736167907715,0.3367680013179779,130599,0.932356,0.413254,12.067876,826,17.115809
0.03276799991726875,3.192115,29.704288,15.853631973266602,0.34038400650024414,191672,0.983808,0.427707,11.869133,827,17.352504
0.030912000685930252,3.023424,29.721556,15.848352432250977,0.34006398916244507,84674,0.956162,0.431739,11.928339,828,17.308453
0.0326399989426136,1.753128,29.955692,15.878815650939941,0.33952000737190247,318908,0.981739,0.423614,12.110869,829,17.370244
0.03292800113558769,2.392457,31.748648,15.708928108215332,0.3380799889564514,42528,0.928678,0.42419,14.128864,830,17.144314
0.03209599852561951,3.102141,30.216291,15.908767700195312,0.34086400270462036,203389,0.958947,0.442648,12.339348,831,17.380205
0.03276799991726875,2.872884,28.643837,15.74448013305664,0.33638399839401245,271402,0.938877,0.430164,10.976123,832,17.18632
0.031808000057935715,3.819235,31.066029,15.94604778289795,0.34163200855255127,211069,0.955797,0.428956,13.162129,833,17.41759
0.03203200176358223,2.857921,29.610045,15.758079528808594,0.3372800052165985,25393,0.991836,0.421472,11.883222,834,17.253815
0.032575998455286026,3.216315,30.640811,16.004735946655273,0.34121599793434143,361268,0.996043,0.436163,12.625563,835,17.520741
0.0315839983522892,2.464685,30.044212,15.751232147216797,0.33638399839401245,532901,0.957587,0.422669,12.353189,836,17.214804
0.03200000151991844,3.215811,29.80913,15.853599548339844,0.33907198905944824,121417,0.93908,0.428633,12.027027,837,17.301576
0.03296000137925148,2.517704,28.340976,15.755135536193848,0.3368000090122223,336628,0.939099,0.41258,10.681698,838,17.197887
0.03190400078892708,2.934594,30.43441,16.280031204223633,0.3413439989089966,360661,0.954915,0.430194,12.196273,839,17.751467
0.03308799862861633,2.136911,27.177156,15.886688232421875,0.33766400814056396,355240,1.007528,0.427067,9.300292,840,17.399533
0.03110400028526783,2.595783,27.466142,15.573311805725098,0.33430400490760803,482978,0.909105,0.415549,10.024666,841,16.976075
0.03190400078892708,2.638773,31.809009,15.773951530456543,0.3378559947013855,459195,0.911904,0.420741,14.151793,842,17.184745
0.03251200169324875,2.720618,28.196317,15.775039672851562,0.3401919901371002,348708,0.981391,0.425322,10.454091,843,17.266431
0.03276799991726875,3.252111,29.111914,15.62940788269043,0.33657601475715637,416269,0.910962,0.421057,11.596532,844,17.04338
0.03161599859595299,3.974025,30.911007,15.805760383605957,0.33958399295806885,257896,0.952032,0.427882,13.153287,845,17.273838
0.0323840007185936,2.451699,28.540539,15.663488388061523,0.33609598875045776,15254,0.933083,0.421624,10.970618,846,17.097703
0.03187200054526329,1.898578,31.020702,15.877951622009277,0.3407680094242096,64462,0.996606,0.426316,13.143235,847,17.395075
0.032416000962257385,2.408282,27.282023,15.762528419494629,0.3391680121421814,217219,1.00839,0.426705,9.52253,848,17.282293
0.031936001032590866,2.16792,31.37681,15.833248138427734,0.346560001373291,16249,0.954026,0.467034,13.556167,849,17.301283
0.0323840007185936,3.250071,30.239486,15.811039924621582,0.3404799997806549,297562,0.92547,0.412888,12.527724,850,17.246148
0.031808000057935715,2.447701,29.799739,15.917856216430664,0.34060800075531006,558558,1.005332,0.425992,11.883089,851,17.435925
0.032896000891923904,4.371174,33.483457,15.7424955368042,0.33926400542259216,493905,0.991995,0.422373,15.769301,852,17.239208
0.03171199932694435,2.460724,28.226422,15.765503883361816,0.33855998516082764,20333,0.944426,0.421177,10.542552,853,17.212847
0.03155200183391571,3.41566,28.914483,15.585856437683105,0.33580800890922546,363666,0.904637,0.416046,11.46677,854,16.98154
0.03254399821162224,2.624614,29.830589,15.892224311828613,0.3415359854698181,463527,0.983872,0.431619,11.95354,855,17.388726
0.03315199911594391,2.216675,31.214001,15.732704162597656,0.3367359936237335,331280,0.932701,0.417736,13.574548,856,17.170262
0.03174399957060814,2.546858,27.980137,15.902560234069824,0.34112000465393066,272148,0.994553,0.4255,10.091879,857,17.411502
0.031647998839616776,3.753737,31.824593,15.680959701538086,0.3396799862384796,335954,1.008431,0.420887,14.158744,858,17.194535
0.03215999901294708,2.749326,29.454043,15.980704307556152,0.3429119884967804,486438,0.987386,0.421671,11.487999,859,17.487928
0.032735999673604965,2.156354,28.330076,15.696479797363281,0.33686399459838867,43581,0.942991,0.423678,10.713289,860,17.14414
0.031647998839616776,3.729618,30.986015,15.937952041625977,0.34224000573158264,22589,0.985871,0.430862,13.059919,861,17.437923
0.031936001032590866,2.927462,29.375271,15.720479965209961,0.33776000142097473,546717,0.94025,0.427791,11.732956,862,17.164993
0.031808000057935715,2.724602,29.102323,15.806783676147461,0.3401919901371002,374083,0.991376,0.439673,11.291737,863,17.316214
0.031968001276254654,2.706835,28.187592,15.575424194335938,0.3356800079345703,396205,0.927436,0.414252,10.720709,864,17.003913
0.03094400092959404,1.846166,30.254778,15.836031913757324,0.342303991317749,136466,0.991317,0.422852,12.436477,865,17.34138
0.0326399989426136,3.588366,30.148842,15.745023727416992,0.3376320004463196,493019,0.934927,0.433421,12.478939,866,17.187215
0.03174399957060814,4.518728,33.301843,15.633248329162598,0.33590400218963623,397681,0.923397,0.416046,15.783023,867,17.052902
0.03171199932694435,3.839296,29.644798,15.707584381103516,0.33769598603248596,31322,0.929255,0.42586,12.029536,868,17.138041
0.03235200047492981,4.168229,30.587,15.933631896972656,0.3423359990119934,296657,0.993599,0.437264,12.647832,869,17.445751
0.03081599995493889,1.975639,31.140725,15.704511642456055,0.33692800998687744,67406,0.926299,0.414616,13.547785,870,17.127768
0.03292800113558769,1.627864,30.00499,15.877471923828125,0.34220799803733826,105249,0.976627,0.436727,12.148043,871,17.365127
0.03209599852561951,2.28706,31.379632,15.703424453735352,0.3370879888534546,101420,0.913547,0.421495,13.795585,872,17.113136
0.03200000151991844,1.899199,30.373158,15.848095893859863,0.3421120047569275,301376,0.991865,0.419574,12.545524,873,17.354174
0.03152000159025192,2.855681,29.155423,15.693984031677246,0.33740800619125366,231339,0.938133,0.418876,11.554712,874,17.131834
0.032127998769283295,3.595291,30.932452,15.94700813293457,0.3420479893684387,195045,0.990563,0.422087,12.998411,875,17.456413
0.0390079990029335,1.639541,26.206738,15.72486400604248,0.33638399839401245,141671,0.977224,0.423262,8.52107,876,17.213491
0.03308799862861633,2.699943,28.586317,15.745375633239746,0.33855998516082764,452793,0.960021,0.414996,10.90711,877,17.213161
0.033824000507593155,2.811886,29.339053,16.320064544677734,0.3356800079345703,84031,0.906376,0.46212,11.056369,878,17.752551
0.03232000023126602,1.608903,30.417552,15.997504234313965,0.34118399024009705,579970,0.980213,0.417796,12.442125,879,17.489318
0.031808000057935715,3.619365,30.169478,15.706208229064941,0.33827200531959534,569273,0.925095,0.414354,12.568259,880,17.138155
0.03155200183391571,3.177472,29.562027,15.851103782653809,0.3413439989089966,335081,0.983719,0.429352,11.72732,881,17.350835
0.031199999153614044,2.813203,27.564719,15.69222354888916,0.33769598603248596,361586,0.989198,0.420227,9.901418,882,17.192845
0.03388800099492073,2.675257,29.459847,15.850879669189453,0.3383040130138397,496597,0.928532,0.435893,11.679482,883,17.291458
0.0318400003015995,3.871423,30.366189,15.70911979675293,0.3369919955730438,389812,0.935919,0.426996,12.740307,884,17.14278
0.031968001276254654,3.734517,31.278801,15.927935600280762,0.3418560028076172,376856,1.004259,0.422899,13.346347,885,17.452563
0.0318400003015995,3.024902,29.439085,15.932479858398438,0.34323200583457947,492110,0.986519,0.425581,11.520352,886,17.439611
0.03177599981427193,1.70135,29.851856,15.710176467895508,0.33855998516082764,427077,0.932905,0.41811,12.242711,887,17.139837
0.03215999901294708,2.621294,29.143161,15.722047805786133,0.3375999927520752,159399,0.926867,0.423249,11.518638,888,17.15012
0.03251200169324875,2.888225,30.089054,15.87929630279541,0.34224000573158264,277584,0.991813,0.430244,12.211744,889,17.389224
0.03167999908328056,2.781464,28.689041,15.76137638092041,0.3413439989089966,7108,0.965999,0.433153,10.952477,890,17.246423
0.031968001276254654,2.239572,28.833201,15.79526424407959,0.33846399188041687,227482,0.931316,0.431613,11.121929,891,17.226357
0.03248000144958496,2.231626,26.865051,15.75324821472168,0.3370879888534546,416991,0.970435,0.433954,9.153202,892,17.224662
0.03244800120592117,2.263392,28.723609,15.859647750854492,0.34137600660324097,570782,0.973781,0.427076,10.903845,893,17.339934
0.03171199932694435,3.122496,29.088131,15.742048263549805,0.3384320139884949,328238,0.937306,0.426065,11.425694,894,17.185388
0.03222399950027466,3.025246,29.510434,15.820128440856934,0.3415359854698181,81061,0.99724,0.43728,11.68111,895,17.335475
0.03174399957060814,2.62903,28.470181,15.67471981048584,0.3364799916744232,329319,0.931014,0.423051,10.890333,896,17.105585
0.03232000023126602,2.462569,30.879782,15.9170560836792,0.3407680094242096,447088,0.994113,0.421538,12.980537,897,17.423943
0.03235200047492981,3.619059,29.872121,15.782848358154297,0.3375360071659088,319369,0.939345,0.432211,12.157724,898,17.22947
0.03232000023126602,2.70151,29.076023,15.856800079345703,0.34224000573158264,136033,1.027566,0.431246,11.18257,899,17.406288
0.03280000016093254,2.470762,29.668095,15.967488288879395,0.3449600040912628,520832,1.011602,0.425305,11.679381,900,17.505279
0.03219199925661087,2.623151,30.16303,15.972864151000977,0.3424319922924042,578489,1.008612,0.44056,12.1617,901,17.50308
0.031968001276254654,3.25667,32.785092,15.875200271606445,0.3410240113735199,6012,0.97662,0.431742,14.93007,902,17.367686
0.03190400078892708,3.835859,29.741689,15.763551712036133,0.3367680013179779,192607,0.930272,0.421818,12.067922,903,17.200042
0.03244800120592117,3.118416,30.474254,16.026880264282227,0.3429439961910248,256775,0.993443,0.434442,12.435302,904,17.54396
0.03251200169324875,2.827792,28.813512,15.854399681091309,0.3386240005493164,221872,0.9863,0.422204,10.991229,905,17.347294
0.03171199932694435,2.611305,28.322373,15.664671897888184,0.3362880051136017,423971,0.930445,0.415175,10.762031,906,17.094686
0.03251200169324875,3.613724,30.711916,15.898176193237305,0.34246399998664856,499313,0.969401,0.416759,12.852689,907,17.387541
0.032255999743938446,1.847009,30.981485,15.784319877624512,0.3389120101928711,411774,0.953564,0.432802,13.246893,908,17.248002
0.032127998769283295,2.774792,29.844309,15.874143600463867,0.3418560028076172,513567,0.955325,0.41191,12.039398,909,17.338674
0.03286400064826012,2.793277,28.727354,15.634400367736816,0.33776000142097473,337055,0.945776,0.41934,11.181405,910,17.076177
0.033440001308918,3.054048,31.350669,15.718624114990234,0.3377920091152191,54605,0.950916,0.417648,13.715716,911,17.166499
0.03232000023126602,2.679937,28.51652,15.664287567138672,0.3368000090122223,360960,0.925322,0.42557,10.953413,912,17.086519
0.03235200047492981,3.489909,30.678459,15.937600135803223,0.3424319922924042,46031,0.969295,0.432737,12.76536,913,17.421953
0.03244800120592117,3.766811,29.750339,15.671615600585938,0.3380799889564514,54593,0.939377,0.415787,12.163733,914,17.117204
0.03174399957060814,3.710219,30.471592,15.84006404876709,0.3426879942417145,263644,0.97368,0.428844,12.659912,915,17.327442
0.033055998384952545,3.457746,29.325396,15.706496238708496,0.3383040130138397,265108,0.939588,0.421338,11.695787,916,17.158097
0.03280000016093254,3.561552,29.923338,15.91436767578125,0.34115201234817505,241297,0.986106,0.43611,12.013346,917,17.42055
0.03222399950027466,2.921882,29.583283,15.664575576782227,0.33638399839401245,161008,0.938127,0.429881,11.997677,918,17.105583
0.03280000016093254,4.237085,31.565992,15.927103996276855,0.34275200963020325,103548,0.985196,0.426367,13.645085,919,17.437812
0.0323840007185936,3.550268,30.220037,15.810175895690918,0.3396480083465576,192191,0.960218,0.424782,12.464156,920,17.280248
0.03331200033426285,4.919746,34.27991,15.7741117477417,0.3399040102958679,359781,0.938936,0.424636,16.577805,921,17.225715
0.03177599981427193,1.58756,30.713351,15.761343955993652,0.3375680148601532,430875,0.925411,0.421322,13.053538,922,17.187583
0.03235200047492981,3.602256,29.873713,15.874848365783691,0.3420160114765167,382111,0.99512,0.429387,12.008969,923,17.38103
0.03177599981427193,3.201821,29.010143,15.574912071228027,0.33740800619125366,51961,0.937721,0.425399,11.519547,924,17.015011
0.032127998769283295,2.543589,29.53735,15.843487739562988,0.34220799803733826,72813,0.975976,0.43052,11.714093,925,17.339057
0.03129599988460541,2.068852,28.774742,15.900480270385742,0.33926400542259216,407943,0.961831,0.424428,10.927426,926,17.36955
0.03203200176358223,2.849629,29.891778,15.843551635742188,0.3412480056285858,163057,0.979187,0.419899,12.079654,927,17.336117
0.03145600110292435,4.757477,33.242801,15.75171184539795,0.34086400270462036,286908,1.031452,0.419228,15.480888,928,17.29061
0.0323840007185936,2.937424,30.282261,16.216575622558594,0.339711993932724,455267,0.971476,0.427997,12.093212,929,17.705665
0.0318400003015995,3.016076,31.367947,15.769087791442871,0.3397440016269684,572462,1.019437,0.41957,13.609389,930,17.289563
0.03171199932694435,2.890664,29.798617,15.798624038696289,0.34095999598503113,109441,0.966009,0.420612,12.047056,931,17.276587
0.03939199820160866,3.159358,28.76336,15.598112106323242,0.342303991317749,65074,0.930197,0.414507,11.259124,932,17.039667
0.03203200176358223,2.8102,30.239936,15.990336418151855,0.3434560000896454,196009,1.03041,0.436939,12.186767,933,17.549186
0.03219199925661087,3.88507,30.513478,15.713888168334961,0.33695998787879944,410934,0.943211,0.416486,12.885657,934,17.160678
0.03129599988460541,2.704604,29.137577,15.837087631225586,0.34006398916244507,561009,0.990218,0.426695,11.317878,935,17.336539
0.03302399814128876,2.220761,28.197924,15.812864303588867,0.3426240086555481,500826,0.98943,0.42275,10.404882,936,17.317975
0.03222399950027466,3.468233,29.315703,15.785311698913574,0.33926400542259216,431727,0.936496,0.42878,11.606081,937,17.230126
0.031136000528931618,3.212659,29.460755,15.593695640563965,0.33766400814056396,313562,0.9225,0.416592,11.976086,938,17.016804
0.033215999603271484,3.823636,30.395375,15.88969612121582,0.3417600095272064,354547,0.968495,0.427615,12.539742,939,17.374728
0.03152000159025192,2.294928,27.199918,15.750240325927734,0.33689600229263306,476258,0.998836,0.409613,9.488302,940,17.252277
0.03187200054526329,2.695804,31.772365,15.806719779968262,0.3386560082435608,60770,0.942685,0.420701,14.047852,941,17.252919
0.03190400078892708,4.479142,30.755007,15.657088279724121,0.33616000413894653,343934,0.921499,0.416465,13.212015,942,17.077663
0.03235200047492981,1.969938,27.982289,15.823007583618164,0.34092798829078674,54592,0.987364,0.421162,10.184806,943,17.323338
0.031328000128269196,2.31709,29.966264,15.533344268798828,0.33542400598526,408774,0.904851,0.421609,12.565063,944,16.930346
0.03177599981427193,3.276635,31.617952,15.766176223754883,0.3396480083465576,512929,0.952592,0.421562,13.923125,945,17.223736
0.03167999908328056,2.627459,29.945694,15.83785629272461,0.34003201127052307,11615,0.954309,0.425191,12.159883,946,17.305751
0.03139200061559677,2.640688,28.399626,15.668224334716797,0.3346560001373291,426329,0.922652,0.416707,10.849294,947,17.084301
0.03129599988460541,2.064599,31.464868,15.893216133117676,0.3410559892654419,528977,0.989589,0.427532,13.585589,948,17.395717
0.03286400064826012,3.249168,28.823283,15.571711540222168,0.33529600501060486,402774,0.927058,0.414398,11.362486,949,16.997835
0.031936001032590866,2.848401,29.986056,15.856831550598145,0.34963199496269226,565563,0.969543,0.43766,12.137465,950,17.354998
0.03110400028526783,2.142462,28.123757,15.633407592773438,0.33632001280784607,213593,0.941797,0.415364,10.587638,951,17.072136
0.03129599988460541,2.341587,28.659308,15.799455642700195,0.3418560028076172,347693,1.003596,0.426547,10.859399,952,17.318817
0.03222399950027466,2.908125,31.108293,15.761759757995605,0.3399679958820343,3501,1.022079,0.42778,13.341924,953,17.288929
0.031488001346588135,4.347406,31.299379,15.798368453979492,0.340256005525589,508730,0.965328,0.426982,13.546677,954,17.273006
0.03276799991726875,3.285049,29.922426,15.72755241394043,0.33776000142097473,176634,0.973928,0.422657,12.246891,955,17.202421
0.031808000057935715,3.235621,29.420991,15.855615615844727,0.3424000144004822,31217,0.985334,0.421445,11.592067,956,17.354278
0.03161599859595299,2.722571,28.822361,15.672127723693848,0.33744001388549805,311180,0.914606,0.417988,11.259325,957,17.096342
0.031136000528931618,2.608166,29.232189,15.854944229125977,0.34006398916244507,551439,0.968118,0.431793,11.405496,958,17.330281
0.03280000016093254,2.342387,30.856479,15.93945598602295,0.3421440124511719,303499,1.078532,0.441082,12.830493,959,17.531362
0.03174399957060814,3.169059,29.11071,15.615391731262207,0.33635199069976807,328286,0.938202,0.414345,11.591444,960,17.053904
0.03171199932694435,2.837221,29.996367,15.91267204284668,0.3423680067062378,84650,0.991204,0.42624,12.087167,961,17.426845
0.03190400078892708,2.093296,28.196358,15.724575996398926,0.3375360071659088,487583,0.927809,0.432055,10.56156,962,17.150554
0.0323840007185936,2.045381,31.281455,15.839776039123535,0.3417919874191284,225757,0.993469,0.419879,13.457852,963,17.348411
0.032127998769283295,2.877735,28.935127,15.76518440246582,0.33721598982810974,16958,0.947938,0.426166,11.242452,964,17.212731
0.03235200047492981,2.263775,28.575194,15.86838436126709,0.3407999873161316,160728,1.006329,0.428125,10.705177,965,17.389178
0.03328000009059906,3.16819,31.522537,15.759072303771973,0.33801600337028503,115245,1.016543,0.436831,13.752459,966,17.281017
0.03126399964094162,1.722576,28.504978,15.592767715454102,0.3353919982910156,83531,0.954257,0.415397,10.999857,967,17.04207
0.03219199925661087,2.146453,31.329848,15.70742416381836,0.3373439908027649,4495,0.937183,0.422131,13.713675,968,17.143095
0.03232000023126602,3.664008,29.919749,15.907903671264648,0.3429119884967804,410428,0.991938,0.424797,12.026598,969,17.415148
0.0318400003015995,1.222939,30.2318,15.68064022064209,0.33695998787879944,223747,0.937884,0.412887,12.653187,970,17.116584
0.03276799991726875,2.2153,31.687666,15.885472297668457,0.34431999921798706,212072,0.98606,0.430032,13.801884,971,17.4006
0.031936001032590866,4.010058,30.611107,15.756799697875977,0.33827200531959534,143931,0.94437,0.419062,12.933532,972,17.208481
0.03235200047492981,2.333395,30.878973,15.777312278747559,0.34112000465393066,431545,0.978761,0.41446,13.149879,973,17.261443
0.031968001276254654,3.322398,32.867457,15.900639533996582,0.3399679958820343,374545,0.991586,0.419666,14.995342,974,17.400836
0.032607998698949814,2.019064,31.049559,15.734016418457031,0.3391999900341034,139077,0.947267,0.419029,13.378749,975,17.194296
0.033215999603271484,2.918546,32.166249,15.635359764099121,0.33667200803756714,395180,0.906696,0.44734,14.624218,976,17.045874
0.031199999153614044,3.058155,29.930419,15.863167762756348,0.3399359881877899,460683,0.967359,0.416817,12.11748,977,17.340812
0.03174399957060814,0.540696,27.888367,15.664223670959473,0.33670398592948914,98261,0.948512,0.418502,10.299014,978,17.118921
0.03167999908328056,3.486553,29.612347,15.861120223999023,0.34172800183296204,546219,0.977198,0.413406,11.795683,979,17.349409
0.03232000023126602,3.783501,30.723295,15.854432106018066,0.3397440016269684,423617,0.944963,0.420298,12.940004,980,17.309801
0.0315839983522892,2.864184,29.44389,15.698623657226562,0.33900800347328186,475678,0.926005,0.428629,11.835234,981,17.128551
0.03215999901294708,0.864965,29.67546,15.863967895507812,0.3418239951133728,448263,0.979733,0.428172,11.835524,982,17.355922
0.04233599826693535,2.101032,28.115193,15.696224212646484,0.3359360098838806,378605,0.92288,0.427439,10.508668,983,17.127662
0.03251200169324875,4.957174,34.328898,15.903552055358887,0.340831995010376,325031,0.994399,0.429768,16.433437,984,17.411055
0.032735999673604965,2.256094,28.222558,15.705087661743164,0.33616000413894653,336209,0.922891,0.417676,10.627444,985,17.127674
0.032255999743938446,3.100008,29.401192,15.88003158569336,0.34118399024009705,332318,0.986302,0.421685,11.546502,986,17.377833
0.039455998688936234,3.152567,31.773059,15.591903686523438,0.3360320031642914,63552,0.940384,0.413595,14.267736,987,17.042337
0.03232000023126602,2.786258,29.071483,15.816448211669922,0.34147199988365173,14473,0.982185,0.413781,11.287505,988,17.315406
0.03161599859595299,2.967522,29.538108,15.677472114562988,0.33801600337028503,87144,0.945655,0.412562,11.944552,989,17.128435
0.032896000891923904,2.095731,31.712208,15.882944107055664,0.3434560000896454,465822,0.984027,0.427603,13.835277,990,17.390867
0.032416000962257385,3.367982,29.377419,15.795328140258789,0.3396480083465576,289938,0.977152,0.431371,11.609869,991,17.286141
0.03254399821162224,3.436417,29.390126,15.865056037902832,0.3375360071659088,304365,0.950372,0.421759,11.597032,992,17.317646
0.03142400085926056,2.248574,31.307239,15.61353588104248,0.33695998787879944,55002,0.930829,0.414064,13.797083,993,17.047316
0.03177599981427193,2.882437,29.108316,15.781951904296875,0.3404799997806549,442822,0.996133,0.423664,11.342683,994,17.288122
0.03270399942994118,1.916954,29.734862,15.592191696166992,0.3359360098838806,309173,0.926877,0.41852,12.242133,995,17.024065
0.03311999887228012,3.225121,31.528022,15.74783992767334,0.33926400542259216,535253,0.975726,0.413402,13.834425,996,17.231841
0.03280000016093254,2.24035,31.219598,15.846816062927246,0.33958399295806885,183716,0.974404,0.425818,13.40686,997,17.333847
0.03171199932694435,1.101829,26.111984,15.59494400024414,0.3355199992656708,329614,0.966448,0.412164,8.593021,998,17.056402
0.032575998455286026,2.810393,29.986574,15.861599922180176,0.34064000844955444,557501,0.95721,0.426436,12.172289,999,17.333863
