d2h_ms,decode_ms,e2e_ms,forward_ms,h2d_ms,image_id,pack_ms,postprocess_ms,preprocess_ms,request_id,submit_host_ms
0.08902399986982346,12.460736,481.075481,431.8462219238281,1.1282880306243896,350679,4.706141,0.675145,42.175832,0,438.108723
0.05116799846291542,3.052439,37.540309,16.413471221923828,0.8916800022125244,353027,2.318813,0.41845,17.206338,1,19.865928
0.05142400041222572,5.285899,33.994906,16.27020835876465,0.833791971206665,62353,0.918712,0.404253,15.295106,2,18.248526
0.05564799904823303,2.559051,30.000972,16.082176208496094,0.8061119914054871,332845,0.899922,0.412664,11.529562,3,18.013993
0.05119999870657921,2.852639,30.039095,15.93887996673584,0.8581119775772095,520707,0.875199,0.403968,11.6941,4,17.893423
0.05087999999523163,2.645873,29.369336,15.911456108093262,0.8048639893531799,478286,0.901426,0.392405,11.101716,5,17.829742
0.051072001457214355,2.596109,28.988501,15.820128440856934,0.7880640029907227,328430,0.875879,0.40033,10.845762,6,17.692564
0.05251200124621391,2.46187,30.627871,15.98476791381836,0.826911985874176,269942,0.926489,0.406027,12.210599,7,17.960406
0.05193600058555603,3.45331,30.483884,15.97811222076416,0.8085759878158569,342186,0.921408,0.409432,12.097132,8,17.92867
0.051392000168561935,2.113264,30.393196,15.861536026000977,0.8020480275154114,419601,0.922354,0.401067,12.140355,9,17.801655
0.052319999784231186,3.005168,29.010232,15.830207824707031,0.7778559923171997,514979,0.89835,0.401495,10.84486,10,17.722566
0.050464000552892685,2.052467,27.184258,15.87161636352539,0.7819520235061646,395903,0.900384,0.39895,8.977575,11,17.765958
0.051072001457214355,2.277208,28.992194,15.796575546264648,0.7870720028877258,488075,0.893126,0.402581,10.852063,12,17.687403
0.05145600065588951,2.115463,28.087791,15.822431564331055,0.794592022895813,500613,0.904013,0.39359,9.904092,13,17.740686
0.05075199902057648,2.941082,28.794957,15.707327842712402,0.7728000283241272,539883,0.873036,0.393556,10.792816,14,17.567097
0.05008000135421753,3.098264,29.774119,15.827391624450684,0.7819200158119202,195165,0.851226,0.400812,11.660015,15,17.671067
0.05129599943757057,3.031624,30.241048,15.965215682983398,0.8531519770622253,45229,0.887548,0.404383,11.862531,16,17.91992
0.05302400141954422,2.921702,29.396523,16.01296043395996,0.7986239790916443,137294,0.903673,0.461608,10.96007,17,17.93081
0.050783999264240265,1.774085,30.180211,15.837823867797852,0.8039680123329163,11813,0.938467,0.419318,11.925785,18,17.793011
0.051552001386880875,2.070815,28.399286,15.824928283691406,0.800383985042572,192871,0.8777,0.403147,10.237966,19,17.716077
0.052191998809576035,2.99617,29.995055,15.83955192565918,0.813152015209198,452891,0.848688,0.414417,11.8079,20,17.717373
0.05455999821424484,2.41164,28.349778,15.903648376464844,0.8601920008659363,356094,0.885796,0.402255,10.026271,21,17.875431
0.05113599821925163,2.825155,30.172815,16.035839080810547,0.8383679986000061,406611,0.909645,0.411626,11.705781,22,18.007157
0.05180799961090088,2.678468,28.774084,15.777791976928711,0.802079975605011,218249,0.872837,0.401623,10.666179,23,17.663994
0.05177599936723709,2.644029,29.269637,15.907615661621094,0.8091199994087219,339870,0.947007,0.407951,10.930567,24,17.8855
0.052000001072883606,2.540308,29.463631,15.830047607421875,0.7843520045280457,453634,0.872016,0.398863,11.321589,25,17.700673
0.05875200033187866,2.780958,29.982118,15.86684799194336,0.8384000062942505,135410,0.826839,0.407933,11.773823,26,17.753229
0.05040000006556511,2.879194,32.169954,15.919967651367188,0.8356480002403259,560279,0.950992,0.406635,13.791089,27,17.925745
0.05158400163054466,1.973589,28.363399,15.857760429382324,0.8160640001296997,23126,0.873922,0.403254,10.154415,28,17.762265
0.052671998739242554,1.428482,29.956493,15.861696243286133,0.8117759823799133,95786,0.838244,0.418033,11.765937,29,17.722435
0.05119999870657921,2.840563,30.177548,15.924511909484863,0.8122559785842896,2153,0.942618,0.404174,11.825844,30,17.905172
0.05100800096988678,1.741791,27.750424,15.865152359008789,0.8081600069999695,364102,0.867755,0.398921,9.558275,31,17.7517
0.054336000233888626,2.015101,31.207838,18.60268783569336,0.8297920227050781,462643,0.990591,0.42847,10.073658,32,20.657832
0.05222399905323982,3.38772,33.643181,16.143455505371094,0.8353599905967712,53994,0.860279,0.405659,15.1292,33,18.059312
0.05183999985456467,2.521783,29.340763,15.935456275939941,0.843455970287323,183709,0.909311,0.407618,10.985133,34,17.905681
0.05081599950790405,2.59275,27.813231,15.833503723144531,0.7979840040206909,417085,0.937826,0.396391,9.592074,35,17.781734
0.050016000866889954,2.036254,25.635492,15.7640962600708,0.7816640138626099,504000,0.880892,0.396015,7.564721,36,17.633847
0.0522879995405674,2.91706,32.545254,16.002559661865234,0.8667200207710266,512403,0.935812,0.41384,14.060569,37,18.027427
0.05071999877691269,3.633011,30.030687,15.945216178894043,0.7985600233078003,142971,0.928572,0.41115,11.690512,38,17.885364
0.05011200159788132,3.2734,29.575978,15.886816024780273,0.8058879971504211,400815,0.844037,0.409652,11.373696,39,17.74883
0.055743999779224396,2.987855,29.309242,15.919296264648438,0.8004800081253052,48504,0.904885,0.402866,11.01669,40,17.847684
0.05206400156021118,3.990575,31.433432,15.896927833557129,0.8319039940834045,364322,0.825971,0.405675,13.208983,41,17.768576
0.05152000114321709,2.485028,28.745046,16.00614356994629,0.8201599717140198,258911,0.856956,0.40464,10.405281,42,17.894541
0.050783999264240265,2.961521,31.859967,15.871040344238281,0.7956159710884094,310862,0.901461,0.401382,13.634011,43,17.783003
0.05289600044488907,5.355057,34.863671,15.987648010253906,0.808896005153656,525286,0.931379,0.413219,16.456098,44,17.951988
0.050944000482559204,2.436481,26.882623,15.8438720703125,0.7904000282287598,194216,0.886783,0.40097,8.707871,45,17.730742
0.051552001386880875,1.997702,27.306133,15.865951538085938,0.7874559760093689,172396,0.882657,0.412837,9.100171,46,17.753114
0.05177599936723709,1.74893,31.402804,15.899871826171875,0.8539519906044006,434996,0.831293,0.402678,13.15402,47,17.80457
0.0506879985332489,3.449655,30.39158,15.866304397583008,0.7923200130462646,578545,0.904562,0.404794,12.162816,48,17.78156
0.05110400170087814,2.729523,29.31678,15.998592376708984,0.8071359992027283,441247,0.940708,0.415053,10.889591,49,17.968138
0.05152000114321709,3.326649,29.827987,15.903840065002441,0.8263999819755554,57244,0.850122,0.405006,11.587004,50,17.793864
0.051552001386880875,1.33991,27.9337,15.971808433532715,0.8276799917221069,76261,0.941868,0.411323,9.509002,51,17.968265
0.05145600065588951,1.677043,31.312461,15.933952331542969,0.8453119993209839,19786,0.864136,0.411083,13.000865,52,17.856985
0.05129599943757057,2.157927,28.747744,15.927840232849121,0.8105599880218506,168330,0.961672,0.412127,10.370959,53,17.9212
0.05049600079655647,3.13991,29.069843,15.894559860229492,0.7919359803199768,479953,0.90618,0.409196,10.812403,54,17.805706
0.05177599936723709,3.899149,30.238238,15.900032043457031,0.8179839849472046,344888,0.945065,0.408031,11.905717,55,17.880665
0.05152000114321709,3.543304,32.933349,15.920767784118652,0.7895680069923401,239717,0.893469,0.413957,14.660074,56,17.81739
0.05052800104022026,2.913435,30.053026,15.901408195495605,0.7932800054550171,551304,0.924978,0.404708,11.775847,57,17.83057
0.05795200169086456,3.045332,32.749568,15.89510440826416,0.8113279938697815,56545,0.91313,0.409339,14.454443,58,17.842338
0.05110400170087814,3.3744,30.723754,15.921055793762207,0.8408640027046204,469192,0.815041,0.40537,12.485814,59,17.788025
0.05212799832224846,2.99205,32.374685,15.849696159362793,0.7897279858589172,527784,0.885845,0.406284,14.175592,60,17.742233
0.05142400041222572,2.45798,29.138802,15.82800006866455,0.7947199940681458,153632,0.861614,0.401865,11.00225,61,17.694775
0.0498879998922348,2.452211,27.500065,15.792608261108398,0.783456027507782,68286,0.879785,0.401841,9.39706,62,17.661001
0.05129599943757057,3.026272,29.965631,15.901599884033203,0.8560960292816162,163290,0.907638,0.406005,11.627761,63,17.885449
0.050783999264240265,3.087421,29.208866,15.859199523925781,0.7978559732437134,136715,0.93994,0.403605,10.944169,64,17.810655
0.050592001527547836,3.725965,30.356598,16.011743545532227,0.8347520232200623,438862,0.911901,0.411033,11.924516,65,17.977088
0.051392000168561935,4.016098,34.681676,16.0578556060791,0.832319974899292,445722,0.872966,0.450161,16.208335,66,17.975345
0.052352000027894974,2.694568,31.381127,16.125343322753906,0.8309760093688965,95843,0.98122,0.413928,12.754402,67,18.167985
0.05193600058555603,3.58562,30.65364,15.959903717041016,0.8143360018730164,336053,0.928432,0.416485,12.270894,68,17.92163
0.05084799975156784,2.467799,28.678384,15.868191719055176,0.7907199859619141,328337,0.913114,0.401191,10.451141,69,17.783444
0.053247999399900436,2.206905,28.8037,16.075712203979492,0.8715199828147888,428111,0.943168,0.414736,10.231338,70,18.113891
0.05215999856591225,2.036445,30.980604,15.991423606872559,0.8202880024909973,157098,0.94972,0.415715,12.540137,71,17.981324
0.05110400170087814,2.859595,32.348742,15.919168472290039,0.805791974067688,424642,0.930419,0.425766,14.013878,72,17.866202
0.05209600180387497,3.394176,30.361915,15.988191604614258,0.8260800242424011,261706,0.96858,0.417672,11.89679,73,18.002409
0.0514880008995533,2.880685,29.196409,15.966239929199219,0.833184003829956,312421,0.885049,0.419551,10.836497,74,17.895602
0.05177599936723709,3.063741,30.506703,15.982687950134277,0.8825280070304871,25986,0.917246,0.416022,12.046108,75,17.999747
0.05644800141453743,2.839227,32.185512,15.801888465881348,0.8545920252799988,160772,0.903691,0.402841,13.966557,76,17.77365
0.050464000552892685,2.994718,28.829075,15.81875228881836,0.791808009147644,193162,0.91687,0.395658,10.656838,77,17.736023
0.05129599943757057,1.730585,29.763656,15.849408149719238,0.7925119996070862,117908,0.951439,0.407487,11.50261,78,17.810777
0.05180799961090088,3.065406,29.212603,15.821056365966797,0.803167998790741,114907,0.910073,0.401893,11.022896,79,17.745817
0.050592001527547836,2.403442,28.284716,15.740639686584473,0.7799999713897705,106330,0.901352,0.400185,10.218804,80,17.624452
0.050783999264240265,3.086325,29.272021,15.729696273803711,0.7859839797019958,226147,0.871459,0.407374,11.231006,81,17.591851
0.050335999578237534,2.201286,28.302121,15.927136421203613,0.7949119806289673,528705,0.910292,0.405846,10.003395,82,17.8511
0.05129599943757057,2.731024,29.408332,15.792256355285645,0.7820799946784973,515077,0.891474,0.399729,11.290846,83,17.675544
0.050944000482559204,2.95704,30.233781,16.019615173339844,0.8459839820861816,387098,0.893622,0.416051,11.787247,84,17.983404
0.05087999999523163,3.948112,34.941264,15.91113567352295,0.8096320033073425,463849,0.976235,0.410376,16.564735,85,17.919999
0.050335999578237534,3.459205,30.065917,15.729023933410645,0.7772160172462463,176446,0.85309,0.404035,12.051409,86,17.566084
0.050464000552892685,3.180967,29.139528,15.849344253540039,0.7826240062713623,509008,0.905742,0.398275,10.957484,87,17.743912
0.05075199902057648,2.26521,28.608927,15.714655876159668,0.7740799784660339,47121,0.851823,0.393597,10.626968,88,17.548262
0.0496320016682148,4.251002,29.778726,15.677120208740234,0.7748479843139648,235836,0.876453,0.400417,11.810281,89,17.527716
0.0506879985332489,3.015612,29.095821,15.869183540344238,0.7831680178642273,173383,0.911335,0.400874,10.881254,90,17.772116
0.05113599821925163,2.854508,29.370643,15.757023811340332,0.7811520099639893,295231,0.872198,0.399953,11.310045,91,17.618111
0.050783999264240265,2.979891,31.876733,15.878751754760742,0.7980480194091797,262048,0.895231,0.405554,13.642314,92,17.78549
0.05993599817156792,2.322701,28.738969,15.818592071533203,0.8101440072059631,8844,0.900891,0.40928,10.534113,93,17.75221
0.05087999999523163,3.415866,29.928322,15.720255851745605,0.7854719758033752,89556,0.900764,0.405395,11.863604,94,17.611467
0.05167999863624573,4.030345,30.454776,15.74665641784668,0.785152018070221,235064,0.87428,0.402171,12.398325,95,17.613607
0.05135999992489815,3.528139,30.121608,16.045024871826172,0.81523197889328,227898,0.997168,0.411547,11.578873,96,18.084303
0.051711998879909515,2.769148,29.521281,15.824319839477539,0.7891200184822083,227765,0.890515,0.403835,11.365123,97,17.710415
0.05027199909090996,3.013431,28.754618,15.733759880065918,0.7673599720001221,237984,0.872955,0.401067,10.740338,98,17.572433
0.05427199974656105,3.931425,31.704091,17.857824325561523,0.7773439884185791,203931,0.929107,0.403704,11.481793,99,19.777243
0.050303999334573746,2.22241,31.313678,15.778592109680176,0.8182399868965149,574823,0.818685,0.399487,13.25598,100,17.616994
0.049855999648571014,2.879008,29.13637,15.78867244720459,0.8309760093688965,537355,0.836748,0.402559,11.028365,101,17.664625
0.05027199909090996,2.898155,29.683252,15.92956829071045,0.8308799862861633,58384,0.907224,0.41091,11.351655,102,17.877259
0.05097600072622299,2.517016,27.662533,15.90124797821045,0.7885760068893433,5477,0.932385,0.413051,9.374811,103,17.83296
0.04982399940490723,2.870396,32.805845,15.888863563537598,0.7857599854469299,128748,0.923877,0.411252,14.545379,104,17.80745
0.04982399940490723,2.436777,29.025702,15.818623542785645,0.8259199857711792,226662,0.836388,0.40016,10.880503,105,17.694908
0.05113599821925163,2.525922,28.809809,15.789759635925293,0.7809280157089233,177893,0.865534,0.399562,10.721805,106,17.645354
0.0506879985332489,1.676768,30.891861,15.822751998901367,0.7911040186882019,95862,0.87048,0.40311,12.756887,107,17.689684
0.05347200110554695,2.19623,28.057786,15.757599830627441,0.7748159766197205,283268,0.861744,0.402407,10.013418,108,17.601559
0.05052800104022026,3.824576,30.705667,15.878751754760742,0.8181759715080261,169356,0.876142,0.40306,12.478373,109,17.781572
0.05027199909090996,3.020463,28.814594,15.868127822875977,0.7998080253601074,201072,0.91529,0.402061,10.579516,110,17.791858
0.05081599950790405,3.68465,30.302752,15.882431983947754,0.810912013053894,331799,0.844559,0.412065,12.100154,111,17.747366
0.05040000006556511,1.735472,29.1919,15.83523178100586,0.7791039943695068,374551,0.90077,0.4133,11.00452,112,17.731779
0.055456001311540604,2.63193,28.394604,15.741312026977539,0.7749760150909424,270122,0.86639,0.396629,10.364388,113,17.593365
0.05011200159788132,1.716359,25.58994,15.786399841308594,0.7669119834899902,68409,0.869087,0.399103,7.52456,114,17.624495
0.0498879998922348,2.943552,32.370908,15.831711769104004,0.7696959972381592,59635,0.885991,0.428777,14.208485,115,17.692455
0.05113599821925163,3.004516,29.696068,15.829376220703125,0.8314880132675171,111179,0.823683,0.403776,11.558166,116,17.693141
0.050464000552892685,2.107456,28.469692,15.874752044677734,0.7984640002250671,278006,0.867819,0.40558,10.274764,117,17.747308
0.05056000128388405,3.931583,30.978733,15.941887855529785,0.8047999739646912,444275,0.954037,0.417716,12.598365,118,17.91629
0.05052800104022026,3.589547,29.424198,15.79190444946289,0.7748479843139648,391144,0.878598,0.397274,11.336692,119,17.649293
0.0506879985332489,2.591055,28.559099,15.839327812194824,0.7793920040130615,389197,0.903905,0.400275,10.385834,120,17.730941
0.050144001841545105,2.689761,31.739338,15.790783882141113,0.7753279805183411,255664,0.881314,0.396316,13.646909,121,17.655491
0.050016000866889954,2.931962,28.066483,15.770496368408203,0.778656005859375,51712,0.890578,0.395744,9.983537,122,17.644389
0.05020799860358238,3.202947,29.327353,15.840736389160156,0.7829440236091614,39477,0.913088,0.406619,11.1346,123,17.744122
0.04940799996256828,3.24427,29.1378,15.767840385437012,0.7833920121192932,355257,0.889084,0.399814,11.057624,124,17.641151
0.05081599950790405,3.272177,29.276035,15.847264289855957,0.7783679962158203,247838,0.926212,0.403493,11.067068,125,17.763845
0.050016000866889954,2.54747,28.257303,15.75273609161377,0.7596799731254578,1296,0.887959,0.398721,10.212902,126,17.600437
0.0504320003092289,3.380191,32.474473,15.845503807067871,0.7855679988861084,541634,0.890061,0.401451,14.299168,127,17.733444
0.05129599943757057,2.77791,29.894747,15.927264213562012,0.8704320192337036,484404,0.877758,0.417543,11.53808,128,17.888451
0.05318399891257286,3.782183,31.390829,16.067840576171875,0.8359040021896362,314914,0.969417,0.441025,12.806448,129,18.098944
0.05212799832224846,3.458026,31.45243,16.186176300048828,0.9092479944229126,542625,0.969302,0.427582,12.687174,130,18.288722
0.05491200089454651,3.966604,31.934638,16.027456283569336,0.8936640024185181,383921,0.910667,0.419553,13.423732,131,18.044307
0.05119999870657921,2.229949,29.567817,16.018207550048828,0.875711977481842,269682,0.911039,0.407967,11.101583,132,18.015738
0.05132799968123436,2.17384,32.827538,16.048736572265625,0.8179519772529602,485895,0.954832,0.410158,14.318079,133,18.047722
0.05100800096988678,2.668173,28.903653,15.897536277770996,0.7816320061683655,62554,0.877201,0.413361,10.687507,134,17.761008
0.051072001457214355,4.170146,31.128509,15.925472259521484,0.8308799862861633,488736,0.84505,0.40831,12.868654,135,17.809767
0.05008000135421753,2.822378,27.581996,15.87292766571045,0.7943680286407471,347456,0.905104,0.407056,9.346502,136,17.780548
0.05081599950790405,2.799546,29.117131,16.076576232910156,0.8056319952011108,214703,0.932557,0.406377,10.629057,137,18.036473
0.04950400069355965,3.086771,28.899562,15.77235221862793,0.7765120267868042,390246,0.881022,0.412711,10.813101,138,17.631241
0.050944000482559204,2.933513,29.360031,15.880767822265625,0.8172479867935181,83540,0.863614,0.401802,11.146159,139,17.770095
0.05100800096988678,2.652993,28.332547,15.94979190826416,0.7965440154075623,61960,0.898856,0.407507,10.027818,140,17.855533
0.04979199916124344,2.794219,32.303995,15.890336036682129,0.7851840257644653,22396,0.899192,0.404026,14.077283,141,17.780033
0.05023999884724617,2.162693,30.335201,15.881440162658691,0.7890880107879639,568213,0.90975,0.405953,12.097025,142,17.789823
0.050303999334573746,2.774308,29.883252,15.93008041381836,0.7946239709854126,187734,0.913421,0.406397,11.5784,143,17.851467
0.04944000020623207,3.509406,28.861352,15.842752456665039,0.7772799730300903,338428,0.892998,0.404465,10.696407,144,17.718515
0.04992000013589859,3.139014,29.306259,15.911328315734863,0.8026559948921204,155443,0.912726,0.404363,11.00945,145,17.84717
0.049695998430252075,2.506983,29.464584,15.896767616271973,0.7895039916038513,121497,0.875598,0.408725,11.244467,146,17.770083
0.050464000552892685,2.345123,28.443138,15.853440284729004,0.8284159898757935,351362,0.876544,0.404258,10.230862,147,17.766652
0.051263999193906784,2.443267,30.717141,15.828384399414062,0.7852479815483093,546011,0.884125,0.403431,12.570556,148,17.701758
0.05523199960589409,3.182477,29.369338,15.912639617919922,0.7920960187911987,84492,0.924479,0.408319,11.068777,149,17.847737
0.051263999193906784,3.312529,30.32222,15.924223899841309,0.7891200184822083,151480,0.887608,0.411612,12.055906,150,17.811463
0.05196800082921982,1.92157,31.813102,15.984000205993652,0.8035839796066284,300039,0.926674,0.410707,13.42414,151,17.930961
0.05008000135421753,4.104018,31.121591,15.991616249084473,0.7980800271034241,104119,0.906506,0.411603,12.753138,152,17.912915
0.05008000135421753,1.886763,31.662551,15.930912017822266,0.8443840146064758,581062,0.845435,0.421455,13.367005,153,17.829209
0.05158400163054466,2.989742,29.686726,16.054847717285156,0.8212479948997498,32861,0.956499,0.416537,11.168445,154,18.05451
0.050655998289585114,2.591693,29.689864,15.950016021728516,0.7920640110969543,13729,0.884343,0.416767,11.389246,155,17.839529
0.05113599821925163,3.81135,30.235126,15.945631980895996,0.7993919849395752,143572,0.945246,0.41494,11.864484,156,17.908709
0.051392000168561935,2.665017,29.740115,15.936063766479492,0.8030719757080078,179898,0.920777,0.410753,11.407926,157,17.877033
0.05116799846291542,2.5898,32.14953,16.065088272094727,0.8086079955101013,372718,0.94262,0.422072,13.646678,158,18.034964
0.05104000121355057,2.215897,31.522857,15.93616008758545,0.7881600260734558,207306,0.890386,0.40296,13.252369,159,17.823628
0.05075199902057648,3.277619,30.065389,15.891936302185059,0.7863680124282837,546823,0.902956,0.415857,11.811338,160,17.793404
0.05081599950790405,3.903752,30.775811,15.906911849975586,0.83651202917099,96960,0.85358,0.410716,12.506207,161,17.813856
0.051392000168561935,1.724684,29.260563,15.812800407409668,0.7786239981651306,319184,0.876484,0.406714,11.134912,162,17.676667
0.05222399905323982,1.86351,28.875116,16.079423904418945,0.8332480192184448,162366,0.930836,0.42189,10.351579,163,18.056445
0.05119999870657921,3.107482,29.513502,15.994144439697266,0.8080319762229919,441543,0.929512,0.454885,11.063929,164,17.949197
0.050592001527547836,3.153958,33.282717,15.91055965423584,0.805184006690979,376264,0.924566,0.4204,14.965243,165,17.85258
0.05027199909090996,3.096408,31.428714,17.896703720092773,0.8015999794006348,447465,0.942328,0.413259,11.11588,166,19.855673
0.0506879985332489,2.562328,29.553996,15.962719917297363,0.7894719839096069,203095,0.883607,0.411313,11.251564,167,17.848263
0.05507199838757515,3.177829,28.541154,16.014463424682617,0.7743039727210999,288882,0.898948,0.407196,10.190797,168,17.900856
0.050464000552892685,3.231613,30.264963,15.957183837890625,0.7984319925308228,194724,0.894502,0.404921,11.948717,169,17.865064
0.05244800075888634,2.728105,29.125721,16.06777572631836,0.838271975517273,370375,0.989252,0.419491,10.545191,170,18.117365
0.0506879985332489,2.881293,29.680231,15.890303611755371,0.8083199858665466,252216,0.883449,0.404974,11.443009,171,17.789298
0.050592001527547836,3.453689,30.665321,15.94320011138916,0.7980160117149353,244411,0.906271,0.410642,12.346792,172,17.863507
0.051263999193906784,3.323551,30.271621,15.899840354919434,0.7897599935531616,290619,0.908509,0.408467,12.012019,173,17.807885
0.04992000013589859,2.52859,31.82399,16.012895584106445,0.8112319707870483,534827,0.96588,0.414869,13.359187,174,18.005376
0.050912000238895416,4.119134,31.537269,15.986528396606445,0.8044480085372925,123585,0.888969,0.422271,13.172769,175,17.895887
0.050624001771211624,2.679407,32.568067,16.034400939941406,0.8109760284423828,339442,0.982941,0.415413,14.060501,176,18.04746
0.059039998799562454,3.672961,30.747537,16.04560089111328,0.8107839822769165,190753,0.929944,0.410069,12.275127,177,18.013154
0.05040000006556511,4.427584,33.932221,16.050304412841797,0.8118079900741577,315001,0.942237,0.416768,15.440256,178,18.023216
0.050144001841545105,3.197656,28.175474,15.9268798828125,0.7931839823722839,221502,0.88451,0.416412,9.902049,179,17.811471
0.05049600079655647,2.111662,31.237262,15.832927703857422,0.7827839851379395,144784,0.931965,0.406654,13.035724,180,17.75213
0.0504320003092289,1.897209,26.850393,15.816960334777832,0.792576014995575,68078,0.895072,0.401169,8.702672,181,17.703813
0.04972799867391586,3.661355,30.464585,15.911040306091309,0.7837120294570923,76468,0.882027,0.401767,12.235509,182,17.785054
0.05251200124621391,2.214114,28.65111,15.94438362121582,0.853663980960846,203629,0.87381,0.429403,10.288781,183,17.887865
0.04995200037956238,3.980214,34.162954,15.997119903564453,0.8091520071029663,371529,0.970801,0.416273,15.708804,184,17.993673
0.04992000013589859,2.934888,31.806908,15.897184371948242,0.7939199805259705,471869,0.859622,0.406037,13.59889,185,17.753959
0.05443200096487999,2.68419,29.07025,15.911520004272461,0.8054400086402893,148508,0.879859,0.41142,10.808486,186,17.808154
0.04947200044989586,3.287998,30.083448,15.890432357788086,0.7801600098609924,320706,0.908601,0.409007,11.842665,187,17.788758
0.05036799982190132,3.386343,30.227059,15.908448219299316,0.7887359857559204,551822,0.906065,0.409638,11.955238,188,17.816185
0.05110400170087814,2.419976,29.01058,16.05939292907715,0.8160640001296997,472623,0.942976,0.415233,10.515169,189,18.035533
0.050912000238895416,3.377165,30.543259,15.927167892456055,0.8390399813652039,207844,0.858116,0.418549,12.244959,190,17.834545
0.05087999999523163,3.480963,30.477234,15.948320388793945,0.7976959943771362,81594,0.967319,0.41319,12.091286,191,17.92877
0.05104000121355057,2.850276,28.222217,15.804896354675293,0.801472008228302,320743,0.835192,0.404008,10.125482,192,17.649561
0.050655998289585114,3.755446,29.908269,15.89680004119873,0.8133440017700195,402615,0.861563,0.411698,11.669661,193,17.784463
0.050783999264240265,2.669887,28.850023,15.87497615814209,0.8128640055656433,456015,0.887172,0.406077,10.615897,194,17.780807
0.05097600072622299,2.543648,28.434962,15.794816017150879,0.7995520234107971,389804,0.873916,0.410581,10.31066,195,17.671215
0.05158400163054466,2.789431,30.286708,15.981151580810547,0.8738880157470703,335529,0.896045,0.408548,11.866148,196,17.966512
0.051263999193906784,1.983667,28.525312,15.96992015838623,0.8139200210571289,21167,0.976324,0.414938,10.074967,197,17.988864
0.05084799975156784,3.639962,30.632344,15.875167846679688,0.8322240114212036,350003,0.858812,0.407327,12.396141,198,17.777881
0.04966399818658829,2.22843,28.426246,15.882783889770508,0.7895680069923401,160556,0.895691,0.416475,10.192561,199,17.77453
0.050303999334573746,4.259239,31.321694,16.00115203857422,0.8537600040435791,60449,0.86529,0.415223,12.923792,200,17.938748
0.04947200044989586,3.280728,29.957611,16.0020809173584,0.8327680230140686,14380,0.916417,0.416682,11.530266,201,17.967052
0.05116799846291542,3.487389,30.546399,15.976096153259277,0.8073920011520386,417632,0.925941,0.416285,12.161723,202,17.922971
0.05238400027155876,2.472678,29.131409,16.108287811279297,0.8286719918251038,230819,0.898324,0.421471,10.617668,203,18.047579
0.056223999708890915,2.597839,29.90163,15.958080291748047,0.8039039969444275,537991,0.926435,0.415099,11.535071,204,17.907373
0.05020799860358238,3.853933,30.880119,15.957887649536133,0.7994239926338196,237517,0.94401,0.411447,12.505734,205,17.916921
0.05145600065588951,2.460046,28.946457,15.91420841217041,0.7869759798049927,361571,0.865029,0.412715,10.711811,206,17.775732
0.05161599814891815,1.478581,29.926958,15.86473560333252,0.8400959968566895,318114,0.869372,0.414687,11.68636,207,17.782894
0.05084799975156784,3.431083,30.513452,15.924927711486816,0.8493760228157043,526256,0.877662,0.408724,12.193417,208,17.862609
0.04995200037956238,1.743674,26.704865,15.824928283691406,0.7919359803199768,522751,0.886456,0.400533,8.551348,209,17.706097
0.05087999999523163,3.316918,32.657714,16.02649688720703,0.8094720244407654,305609,0.957266,0.413558,14.183897,210,18.015498
0.05097600072622299,3.04509,29.181482,15.892767906188965,0.7983999848365784,421923,0.856145,0.407371,10.975181,211,17.755057
0.05132799968123436,2.045546,31.153912,15.831328392028809,0.7811840176582336,410880,0.906675,0.405967,12.978406,212,17.723436
0.05084799975156784,2.139905,31.619082,15.874560356140137,0.8178240060806274,488664,0.840047,0.436121,13.401001,213,17.738011
0.05071999877691269,3.107028,29.349343,15.881216049194336,0.7911040186882019,52462,0.921338,0.41342,11.086614,214,17.806904
0.05110400170087814,1.687512,30.442959,15.985376358032227,0.835968017578125,163314,0.898028,0.414813,12.047031,215,17.935786
0.05164799839258194,1.936456,28.403954,15.923295974731445,0.7988479733467102,464786,0.89698,0.405015,10.122932,216,17.831754
0.05183999985456467,2.510427,29.956178,16.04630470275879,0.8963519930839539,494427,0.92282,0.420736,11.393479,217,18.093799
0.05196800082921982,3.857187,30.190146,15.946656227111816,0.8021439909934998,511398,0.947102,0.41434,11.823526,218,17.907062
0.052671998739242554,3.390134,30.492256,15.904128074645996,0.8447359800338745,357737,0.877105,0.407852,12.206751,219,17.8342
0.05152000114321709,2.415082,28.646743,15.933728218078613,0.8021119832992554,473869,0.933184,0.408726,10.312727,220,17.88208
0.05036799982190132,2.914725,29.051635,15.85859203338623,0.8259199857711792,500464,0.833412,0.408171,10.874135,221,17.72204
0.05052800104022026,2.676147,29.679812,15.960224151611328,0.7979840040206909,541773,0.947101,0.410895,11.300752,222,17.924878
0.05084799975156784,2.713174,29.003802,15.925600051879883,0.8122239708900452,346232,0.852043,0.401384,10.760219,223,17.798966
0.05081599950790405,2.946634,30.120002,15.912639617919922,0.8527680039405823,521819,0.876141,0.404966,11.825464,224,17.845592
0.05135999992489815,3.054939,32.516186,15.91596794128418,0.8137919902801514,563267,0.912603,0.417345,14.202978,225,17.852437
0.05008000135421753,3.216579,33.347847,16.012191772460938,0.7930240035057068,185890,0.913129,0.423571,14.949757,226,17.9309
0.05158400163054466,7.080093,36.99718,15.999872207641602,0.8144639730453491,183391,0.928798,0.410102,18.579372,227,17.962527
0.052032001316547394,1.32726,30.922418,15.944191932678223,0.8152959942817688,464476,0.830871,0.42036,12.656133,228,17.801079
0.05183999985456467,3.170563,30.353137,16.169727325439453,0.8648959994316101,173302,1.013211,0.425202,11.601858,229,18.278035
0.05119999870657921,2.847451,30.102406,16.017824172973633,0.8281919956207275,545219,0.914178,0.414449,11.668478,230,17.976557
0.05119999870657921,3.27344,33.434131,16.09107208251953,0.813215970993042,507081,0.969627,0.425088,14.862499,231,18.100776
0.05132799968123436,2.991624,30.243554,16.004959106445312,0.8227519989013672,189775,0.898806,0.416584,11.842246,232,17.939659
0.050944000482559204,4.560215,34.855021,16.67158317565918,0.809440016746521,369541,0.908444,0.44964,15.722373,233,18.617469
0.05104000121355057,3.920638,31.007459,15.978560447692871,0.8389440178871155,256192,0.856326,0.440087,12.634939,234,17.885208
0.05052800104022026,2.274413,29.539603,16.290239334106445,0.8343999981880188,570169,1.021401,0.435615,10.690528,235,18.366832
0.05113599821925163,3.384545,30.334755,16.138080596923828,0.8494719862937927,377723,0.955724,0.432216,11.683613,236,18.171448
0.05129599943757057,3.435088,30.374432,16.20582389831543,0.8712000250816345,138550,0.97874,0.4313,11.613921,237,18.282857
0.0514880008995533,3.665778,30.130016,15.949151992797852,0.8090879917144775,322829,0.93868,0.430661,11.740679,238,17.90896
0.05132799968123436,4.085989,30.385545,15.920384407043457,0.8204799890518188,423229,0.89007,0.428589,12.076151,239,17.837131
0.05132799968123436,2.14931,29.478173,16.01100730895996,0.8690879940986633,134856,0.916822,0.424239,10.995495,240,18.012746
0.055615998804569244,2.023871,31.370157,15.958656311035156,0.8449599742889404,188906,0.888145,0.417137,13.001479,241,17.906998
0.05020799860358238,2.760289,29.752214,15.90835189819336,0.7937600016593933,399296,0.920042,0.423873,11.455681,242,17.829984
0.0525440014898777,3.974973,30.447703,15.884096145629883,0.7938240170478821,512648,0.927494,0.405726,12.17276,243,17.823324
0.05167999863624573,3.598078,30.494317,15.945695877075195,0.7895680069923401,439623,0.921334,0.409287,12.172077,244,17.869079
0.05129599943757057,3.163534,30.127397,15.869088172912598,0.8385279774665833,520324,0.844014,0.405142,11.915034,245,17.761856
0.051872000098228455,1.874261,28.917789,15.955615997314453,0.8051519989967346,531707,0.935474,0.419834,10.544057,246,17.910493
0.05049600079655647,3.453845,30.529032,15.916543960571289,0.800383985042572,524742,0.908368,0.414197,12.231241,247,17.840216
0.05056000128388405,2.883293,29.14462,15.915103912353516,0.783840000629425,290179,0.879943,0.414315,10.898599,248,17.789646
0.05183999985456467,3.379119,30.560469,16.018016815185547,0.8496959805488586,514508,0.865406,0.431195,12.137207,249,17.947147
0.05132799968123436,2.935316,30.921433,15.911968231201172,0.8450559973716736,432898,0.904365,0.422131,12.589139,250,17.866754
0.052000001072883606,3.056285,29.295106,15.92959976196289,0.8015040159225464,223188,0.884698,0.423072,11.002045,251,17.826159
0.051711998879909515,2.200374,28.577128,15.877568244934082,0.8167039752006531,541291,0.896339,0.412172,10.320158,252,17.799333
0.0496320016682148,2.388467,31.511204,15.909215927124023,0.779807984828949,498857,0.901084,0.41052,13.26125,253,17.797236
0.05056000128388405,3.245161,32.540866,15.856831550598145,0.8096640110015869,147498,0.825364,0.407445,14.385673,254,17.69792
0.05593600124120712,2.902359,29.231913,15.96895980834961,0.7881280183792114,17178,0.923494,0.415298,10.868165,255,17.903111
0.0504320003092289,1.933205,28.515583,15.974464416503906,0.7885760068893433,255749,0.885338,0.424958,10.188385,256,17.859093
0.05052800104022026,2.430011,32.268055,16.09436798095703,0.8358399868011475,184762,0.86506,0.42141,13.793068,257,18.009992
0.0506879985332489,4.493401,34.005812,15.945280075073242,0.8471360206604004,45070,0.876949,0.422219,15.656763,258,17.883454
0.052352000027894974,3.515373,30.55701,15.885408401489258,0.8545920252799988,185472,0.868237,0.412887,12.270402,259,17.830765
0.05020799860358238,3.822315,33.304504,16.065439224243164,0.82259202003479,292446,0.974685,0.440491,14.735627,260,18.084089
0.0514880008995533,2.859757,28.22698,15.937151908874512,0.7832639813423157,180296,0.84714,0.427765,9.982943,261,17.774334
0.05071999877691269,2.704982,30.10913,15.936960220336914,0.8103039860725403,24610,0.923259,0.457248,11.731749,262,17.876106
0.0498879998922348,4.22503,30.766212,15.952320098876953,0.7967680096626282,563603,0.929717,0.423792,12.409245,263,17.890437
0.050944000482559204,2.565509,28.700512,15.84278392791748,0.7915520071983337,419201,0.857138,0.411254,10.547588,264,17.699177
0.05040000006556511,1.573334,24.710322,15.896832466125488,0.7779520153999329,485237,0.869684,0.405245,6.513874,265,17.749667
0.05984000116586685,3.155184,34.939948,16.403392791748047,0.8053759932518005,290081,0.920802,0.45405,15.923672,266,18.478889
0.0506879985332489,2.733682,28.91258,15.852288246154785,0.8006719946861267,472046,0.869934,0.420116,10.72092,267,17.729206
0.050144001841545105,2.634591,29.734107,15.999039649963379,0.7879040241241455,269314,0.895011,0.414183,11.387389,268,17.890015
0.05238400027155876,2.765364,29.549499,15.999584197998047,0.8398720026016235,36494,0.940511,0.428022,11.078714,269,17.999311
0.05177599936723709,2.112228,31.4129,15.934335708618164,0.7831680178642273,311190,0.889571,0.417574,13.134366,270,17.816825
0.051552001386880875,2.116728,27.716473,15.859807968139648,0.7714239954948425,10363,0.873748,0.416443,9.548764,271,17.708429
0.05056000128388405,2.946466,28.451102,15.92307186126709,0.8024960160255432,143961,0.896777,0.416974,10.155322,272,17.834185
0.050655998289585114,3.100761,32.532721,16.028160095214844,0.8165119886398315,165351,0.958017,0.425666,14.035437,273,18.025219
0.05180799961090088,3.088879,30.246223,15.91113567352295,0.7825599908828735,356347,0.890634,0.415461,11.992432,274,17.796887
0.050144001841545105,2.622472,29.68117,15.904319763183594,0.8087040185928345,417043,0.888834,0.415093,11.41309,275,17.808921
0.05087999999523163,2.277577,28.530547,15.929792404174805,0.7907840013504028,77460,0.921254,0.414512,10.223031,276,17.851622
0.04992000013589859,3.180347,32.504711,15.922112464904785,0.7900159955024719,480842,0.922426,0.428724,14.186806,277,17.847782
0.05100800096988678,3.230249,29.231797,15.842207908630371,0.8004159927368164,486112,0.851329,0.414613,11.076654,278,17.699439
0.05004800111055374,3.021842,30.396823,16.020416259765625,0.7970880270004272,394611,0.922503,0.414455,11.980612,279,17.959112
0.05040000006556511,2.882745,29.377464,15.956992149353027,0.7942079901695251,288762,0.929983,0.426354,11.005229,280,17.90204
0.050303999334573746,2.376862,28.716593,15.878175735473633,0.7839360237121582,103585,0.889231,0.433835,10.475813,281,17.763602
0.05222399905323982,1.516651,30.828902,15.929375648498535,0.7985280156135559,201934,0.836933,0.424096,12.579295,282,17.780773
0.04960000142455101,3.734291,33.309503,16.06153678894043,0.8264639973640442,292024,0.977843,0.430046,14.747002,283,18.089181
0.050655998289585114,2.499226,29.58765,15.88646411895752,0.7949439883232117,185599,0.896442,0.414989,11.342209,284,17.787476
0.05027199909090996,2.887597,30.001592,15.980607986450195,0.7978240251541138,106389,0.899487,0.434428,11.635123,285,17.8898
0.051231998950242996,3.35365,29.697836,15.924256324768066,0.8039360046386719,40036,0.904405,0.416007,11.395548,286,17.843686
0.049695998430252075,4.059652,30.174289,15.895392417907715,0.8252159953117371,323751,0.827381,0.425514,11.95162,287,17.754964
0.04979199916124344,2.31982,31.121268,15.861727714538574,0.7930240035057068,231822,0.903938,0.415236,12.901135,288,17.763931
0.05011200159788132,3.306192,29.473476,15.867168426513672,0.7983999848365784,453981,0.899127,0.415984,11.243109,289,17.773616
0.051263999193906784,2.488204,29.146707,16.0611515045166,0.7982079982757568,580757,0.903501,0.414606,10.703552,290,17.984287
0.05132799968123436,2.651586,32.358737,15.967455863952637,0.8582080006599426,575187,0.855533,0.418157,14.003662,291,17.893195
0.050912000238895416,1.875646,27.44552,15.956192016601562,0.8079360127449036,372466,0.942049,0.427648,9.057657,292,17.917558
0.05119999870657921,3.836915,30.532543,15.9585599899292,0.7928640246391296,438304,0.923219,0.421473,12.17574,293,17.890956
0.05196800082921982,2.312253,28.636699,15.914496421813965,0.8008639812469482,163118,0.925515,0.438133,10.298888,294,17.857086
0.05036799982190132,3.390399,29.815766,15.92908763885498,0.8011839985847473,130699,0.938945,0.425121,11.46818,295,17.879588
0.05142400041222572,2.889131,29.29101,16.000640869140625,0.794592022895813,350002,0.926787,0.420615,10.88266,296,17.944744
0.05152000114321709,4.053371,33.841982,15.929023742675781,0.7861440181732178,163746,0.910987,0.417749,15.530001,297,17.851107
0.052032001316547394,2.75914,29.184771,16.015840530395508,0.7948480248451233,66231,0.934164,0.418773,10.753894,298,17.966101
0.05135999992489815,2.721201,29.608322,15.949376106262207,0.8490880131721497,517069,0.872862,0.419394,11.253163,299,17.888172
0.05036799982190132,2.64091,29.371268,15.904319763183594,0.8460479974746704,279714,0.834093,0.416394,11.117038,300,17.793456
0.0506879985332489,2.647285,29.112994,15.979711532592773,0.7999039888381958,135872,0.916996,0.422008,10.743361,301,17.905716
0.052319999784231186,4.198812,31.875836,16.085439682006836,0.8920000195503235,263796,0.965422,0.425253,13.22531,302,18.177479
0.050944000482559204,2.003369,30.646361,15.899968147277832,0.8010879755020142,17031,0.894427,0.423196,12.371393,303,17.808483
0.056703999638557434,2.932257,29.857847,15.891424179077148,0.8295040130615234,9914,0.877996,0.424408,11.572088,304,17.817344
0.05116799846291542,1.920328,31.986075,15.896479606628418,0.8507519960403442,267670,0.836114,0.41914,13.723452,305,17.799985
0.05161599814891815,2.000504,31.229585,15.864928245544434,0.8272320032119751,251140,0.891938,0.412626,12.977902,306,17.795839
0.050944000482559204,2.657906,29.241084,15.979071617126465,0.8010560274124146,189226,0.908495,0.422716,10.877274,307,17.899545
0.0504320003092289,2.138397,28.723382,15.994463920593262,0.7998080253601074,256518,0.933279,0.428116,10.308517,308,17.944218
0.0790719985961914,2.39939,32.522557,17.83625602722168,0.7905920147895813,58111,0.922671,0.463726,12.205422,309,19.80212
0.051392000168561935,3.001965,33.16799,16.104095458984375,0.8024960160255432,434247,0.900294,0.416292,14.679495,310,18.022122
0.05056000128388405,3.278521,29.565031,15.981056213378906,0.8224639892578125,387916,0.859262,0.422787,11.223703,311,17.872478
0.050944000482559204,3.10762,29.44751,15.904831886291504,0.7927359938621521,281759,0.910644,0.416961,11.163087,312,17.823712
0.05164799839258194,3.587727,30.541502,15.952768325805664,0.841759979724884,35279,0.864386,0.42259,12.188721,313,17.882237
0.05366399884223938,3.369855,30.991086,15.987263679504395,0.8533440232276917,471789,0.868998,0.432602,12.574661,314,17.933052
0.058687999844551086,2.03006,31.99313,15.973567962646484,0.8599680066108704,405205,0.857146,0.429799,13.593937,315,17.921726
0.05113599821925163,2.052689,30.677992,15.889663696289062,0.8444799780845642,139684,0.914418,0.423306,12.348275,316,17.862762
0.05116799846291542,2.36304,28.80661,15.989472389221191,0.8005120158195496,580410,0.947503,0.433175,10.375543,317,17.952632
0.05129599943757057,2.86035,29.372429,15.894335746765137,0.8332480192184448,449996,0.86417,0.448958,11.078001,318,17.800932
0.050783999264240265,2.606755,27.181971,15.950271606445312,0.8078399896621704,312278,0.91367,0.416484,8.840516,319,17.881612
0.04992000013589859,3.053303,29.915871,15.989791870117188,0.8403199911117554,476810,0.869904,0.425283,11.528213,320,17.913849
0.05129599943757057,4.017382,31.881952,16.0032958984375,0.8754559755325317,286182,0.915609,0.422969,13.394174,321,18.01906
0.05084799975156784,2.650736,29.223508,15.91312026977539,0.863103985786438,187513,0.869416,0.421048,10.905242,322,17.854634
0.051231998950242996,3.527212,31.016882,16.056640625,0.8085439801216125,217753,0.919054,0.440696,12.51972,323,18.007531
0.05222399905323982,3.925098,31.072188,16.000640869140625,0.8563200235366821,464824,0.901655,0.421589,12.632177,324,17.974004
0.05375999957323074,3.181545,29.452528,16.04047966003418,0.7920960187911987,99054,0.916415,0.424223,11.016205,325,17.968123
0.05056000128388405,3.016532,32.303491,15.906432151794434,0.8036159873008728,506279,0.955519,0.418335,13.962064,326,17.879508
0.052671998739242554,3.200758,29.932232,16.016000747680664,0.8081279993057251,509735,0.925737,0.437123,11.4707,327,17.972996
0.05161599814891815,3.882786,31.319903,15.931839942932129,0.814079999923706,230450,0.922038,0.422853,12.955201,328,17.890506
0.052352000027894974,3.32317,30.538946,16.030784606933594,0.843392014503479,447169,0.891681,0.427773,12.087359,329,17.979291
0.05004800111055374,3.376772,29.069006,15.970848083496094,0.8179200291633606,314294,0.945902,0.423881,10.648048,330,17.952534
0.05081599950790405,1.759371,29.967241,15.897151947021484,0.8018559813499451,390902,0.850592,0.411473,11.752651,331,17.759365
0.055135998874902725,2.833533,29.247222,15.951040267944336,0.7994239926338196,79408,0.963833,0.420792,10.847273,332,17.9369
0.05129599943757057,2.757646,29.257567,16.020000457763672,0.8036479949951172,526751,0.939467,0.419435,10.813173,333,17.98014
0.050016000866889954,3.4778,33.166973,15.921024322509766,0.8210880160331726,409268,0.86164,0.417411,14.887741,334,17.818207
0.05110400170087814,1.901896,31.430884,15.985759735107422,0.7985919713973999,61333,0.91461,0.424438,13.037888,335,17.921748
0.0496320016682148,4.263396,30.791968,15.959775924682617,0.8358399868011475,290833,0.891505,0.417407,12.423996,336,17.905212
0.050624001771211624,3.138747,30.169667,15.95241641998291,0.8652799725532532,183965,0.901432,0.423409,11.765957,337,17.934198
0.05084799975156784,2.812007,30.534006,16.03990364074707,0.8807680010795593,248112,0.93728,0.426861,11.977443,338,18.083707
0.05056000128388405,3.634249,30.1671,15.892416000366211,0.8615040183067322,343561,0.858727,0.427457,11.871183,339,17.824414
0.05132799968123436,3.314812,30.592471,15.996959686279297,0.8507199883460999,17379,0.892099,0.419572,12.16741,340,17.959854
0.052191998809576035,2.815599,31.415055,15.848128318786621,0.841376006603241,356387,0.876447,0.418136,13.172075,341,17.779361
0.050783999264240265,2.886648,29.205734,15.888959884643555,0.8425279855728149,404805,0.898428,0.420724,10.896212,342,17.845315
0.0517439991235733,3.166859,32.945468,15.915424346923828,0.822655975818634,271997,0.934818,0.418231,14.587783,343,17.893239
0.05020799860358238,2.984605,33.187491,15.985088348388672,0.7916799783706665,90284,0.979576,0.426785,14.74006,344,17.976324
0.051711998879909515,2.318879,28.865766,15.981696128845215,0.8019199967384338,473237,0.930674,0.416985,10.465776,345,17.937494
0.05036799982190132,3.07909,29.271412,15.902112007141113,0.8212159872055054,110721,0.875128,0.423068,10.9972,346,17.807431
0.05177599936723709,2.743199,29.377898,15.989888191223145,0.8111680150032043,512476,0.968493,0.428714,10.912073,347,17.988964
0.052000001072883606,4.442582,32.820148,16.092031478881836,0.8506240248680115,176606,1.048043,0.440685,14.114591,348,18.217734
0.04947200044989586,2.281828,28.889962,15.896415710449219,0.7916799783706665,490171,0.887952,0.424379,10.633465,349,17.788538
0.05036799982190132,2.168758,31.960493,15.889311790466309,0.8370879888534546,300913,0.830702,0.419175,13.728816,350,17.767255
0.05129599943757057,3.218644,29.559477,15.932255744934082,0.8480319976806641,58655,0.895825,0.420405,11.198448,351,17.89639
0.06022400036454201,2.44884,32.792917,16.131967544555664,0.8120959997177124,400367,2.151792,0.418332,12.998252,352,19.331429
0.05084799975156784,2.685624,33.428382,16.157920837402344,0.8158400058746338,17436,0.984475,0.428582,14.772569,353,18.181844
0.051552001386880875,2.674773,29.309809,15.978560447692871,0.7921919822692871,419379,0.860304,0.419535,11.004627,354,17.841928
0.05225599929690361,2.038495,30.774563,15.977375984191895,0.8080000281333923,285894,0.929554,0.427126,12.366384,355,17.936209
0.05110400170087814,1.79117,30.582266,15.894944190979004,0.7920960187911987,94336,0.880439,0.415764,12.34351,356,17.778942
0.05750399827957153,3.572931,30.228393,15.941568374633789,0.7871040105819702,451090,0.901532,0.423218,11.905418,357,17.855167
0.05056000128388405,2.214554,28.268273,16.019807815551758,0.8378239870071411,3661,0.895648,0.430449,9.818021,358,17.974104
0.05161599814891815,2.930909,29.635939,16.00441551208496,0.8202239871025085,382122,0.961186,0.421025,11.153802,359,18.008422
0.05177599936723709,3.054518,30.305914,16.091039657592773,0.8265920281410217,81738,0.908374,0.423747,11.78875,360,18.043845
0.05183999985456467,2.786852,29.300743,15.929120063781738,0.8096960186958313,177539,0.945731,0.426064,10.93094,361,17.899257
0.05056000128388405,3.33709,29.835822,15.964256286621094,0.7893760204315186,148999,0.884799,0.423706,11.517227,362,17.851334
0.04956800118088722,3.584802,29.897679,15.9334077835083,0.7904959917068481,20059,0.914314,0.419337,11.583385,363,17.85232
0.0504320003092289,2.428669,27.334315,15.892864227294922,0.773311972618103,47828,0.897443,0.414237,9.104156,364,17.772669
0.04944000020623207,2.691483,29.137635,15.894720077514648,0.7836480140686035,183049,0.884279,0.410603,10.912855,365,17.771121
0.05104000121355057,3.547219,30.817527,16.06208038330078,0.8696960210800171,245173,0.880016,0.424008,12.316863,366,18.029608
0.051552001386880875,2.870174,29.598983,15.94166374206543,0.853056013584137,509258,0.848584,0.426492,11.275772,367,17.852649
0.05027199909090996,2.556881,30.221258,16.04332733154297,0.839743971824646,44068,0.9577,0.416144,11.69667,368,18.063059
0.060416001826524734,3.771457,31.02186,15.975168228149414,0.8026559948921204,401862,0.922018,0.425634,12.622663,369,17.927374
0.05113599821925163,2.864787,29.263098,15.994272232055664,0.827072024345398,226984,0.888643,0.426786,10.865818,370,17.926607
0.05084799975156784,2.987393,29.261009,15.952704429626465,0.80348801612854,62692,0.929204,0.424393,10.889035,371,17.902408
0.05244800075888634,3.082622,30.440414,15.99728012084961,0.8442879915237427,203488,0.840195,0.418975,12.077898,372,17.897908
0.05110400170087814,3.241614,29.708044,16.11952018737793,0.8170880079269409,524108,0.963512,0.426123,11.116815,373,18.120169
0.0498879998922348,2.447511,32.252237,15.996512413024902,0.8489599823951721,545129,0.867091,0.416768,13.863283,374,17.926473
0.052191998809576035,3.33882,30.79724,16.032255172729492,0.8023999929428101,477441,0.926208,0.420111,12.346339,375,17.98579
0.051552001386880875,3.569935,33.931151,15.94927978515625,0.8586239814758301,229553,0.84156,0.429884,15.575374,376,17.880386
0.05075199902057648,2.509785,28.995038,15.998080253601074,0.8125759959220886,383339,0.931433,0.41399,10.573986,377,17.961671
0.05100800096988678,2.939719,29.175174,15.940256118774414,0.7956799864768982,52891,0.911281,0.412549,10.84642,378,17.864301
0.051552001386880875,4.254113,33.832013,16.028831481933594,0.7999039888381958,251537,0.9187,0.424749,15.392544,379,17.969868
0.050944000482559204,2.060041,31.838013,15.925375938415527,0.8492159843444824,491366,0.871453,0.423186,13.514307,380,17.856306
0.05193600058555603,2.297078,32.21352,16.07923126220703,0.8754879832267761,519764,0.931157,0.436767,13.614963,381,18.114409
0.051263999193906784,3.347808,29.736793,15.88428783416748,0.8558080196380615,157767,0.899511,0.428074,11.413013,382,17.850814
0.052319999784231186,3.629449,30.107266,15.962016105651855,0.8484799861907959,281414,0.902805,0.426178,11.709418,383,17.927076
0.05113599821925163,1.79244,30.269795,15.93008041381836,0.8282240033149719,428867,0.88998,0.416232,11.947104,384,17.861271
0.052000001072883606,2.606483,32.255332,16.01683235168457,0.8492479920387268,292456,0.906357,0.428002,13.797545,385,17.986951
0.052000001072883606,2.763651,29.235879,15.973024368286133,0.8287039995193481,117719,0.971178,0.425954,10.770929,386,17.994381
0.05721599981188774,3.51189,30.470183,16.132543563842773,0.8134400248527527,422706,0.937938,0.42445,11.884769,387,18.113574
0.050016000866889954,3.142005,29.492846,15.951359748840332,0.8114240169525146,444142,0.911995,0.420753,11.139006,388,17.888073
0.05177599936723709,2.563147,32.63301,15.91215991973877,0.8000959753990173,149375,0.919895,0.421905,14.315787,389,17.849657
0.050783999264240265,2.206993,28.50549,15.925951957702637,0.8206719756126404,356432,0.912442,0.421862,10.161275,390,17.877064
0.05135999992489815,3.837818,34.004948,16.07846450805664,0.8527680039405823,535156,0.915673,0.432302,15.452387,391,18.073099
0.05040000006556511,3.551708,29.959719,15.9169921875,0.8487039804458618,398203,0.893808,0.423346,11.623395,392,17.867691
0.05241600051522255,3.186165,30.794848,16.09814453125,0.9080320000648499,138241,0.938926,0.424525,12.144217,393,18.176515
0.05183999985456467,2.510241,28.346116,15.9966402053833,0.8284800052642822,294831,0.967304,0.546689,9.745199,394,18.009586
0.052000001072883606,3.706107,30.748637,16.332927703857422,0.832319974899292,146831,0.853787,0.416941,12.048461,395,18.232979
0.05193600058555603,3.25227,29.497294,15.915936470031738,0.8452159762382507,554002,0.892684,0.42012,11.16669,396,17.865977
0.05142400041222572,2.323337,29.518718,15.926143646240234,0.8544639945030212,144706,0.850416,0.414334,11.216327,397,17.844142
0.052799999713897705,2.765288,30.022878,16.007680892944336,0.8828160166740417,352491,0.89598,0.423614,11.544853,398,18.009565
0.05299200117588043,4.489102,34.231883,16.074079513549805,0.8628159761428833,229858,0.920382,0.425473,15.681748,399,18.080155
0.051552001386880875,3.246871,30.270908,16.212928771972656,0.8228800296783447,249129,0.969351,0.441337,11.561156,400,18.221481
0.0517439991235733,2.263521,29.314258,16.296415328979492,0.855679988861084,422670,0.922993,0.428057,10.541521,401,18.298958
0.05331199988722801,3.124647,31.408131,16.268831253051758,0.8687999844551086,74209,0.979959,0.437871,12.55787,402,18.352628
0.051392000168561935,3.388553,30.206205,16.023391723632812,0.9007999897003174,562207,0.898443,0.440201,11.681478,403,18.036642
0.05132799968123436,3.425656,30.206911,16.048736572265625,0.8553919792175293,31118,0.913964,0.440177,11.68241,404,18.038585
0.054816000163555145,2.919087,29.748576,16.08255958557129,0.879584014415741,288391,0.928188,0.428114,11.158749,405,18.115494
0.050783999264240265,4.482692,32.392083,16.08684730529785,0.874239981174469,435880,0.924099,0.440867,13.787779,406,18.115482
0.05161599814891815,2.449466,28.931216,15.954912185668945,0.8527039885520935,553221,0.908221,0.42395,10.531349,407,17.931228
0.05036799982190132,3.416962,30.077328,15.961088180541992,0.8086720108985901,552371,0.900744,0.432227,11.721421,408,17.879748
0.05158400163054466,2.469298,29.00377,16.001983642578125,0.8377919793128967,495054,0.891501,0.415664,10.593288,409,17.950124
0.05135999992489815,2.713852,29.125477,15.93990421295166,0.8447039723396301,98287,0.836302,0.412918,10.840568,410,17.828718
0.05209600180387497,2.754429,29.836735,15.957088470458984,0.8626559972763062,73533,0.886939,0.424939,11.444345,411,17.923129
0.05152000114321709,2.625435,28.798979,15.887231826782227,0.7897599935531616,504074,0.920487,0.422659,10.521342,412,17.810036
0.0506879985332489,1.625382,30.914741,15.914463996887207,0.8431680202484131,474786,0.882694,0.421906,12.594188,413,17.854582
0.05011200159788132,1.712116,32.101769,16.088895797729492,0.9118720293045044,239843,0.885592,0.423072,13.527436,414,18.104036
0.051392000168561935,3.012619,29.530935,16.002527236938477,0.8177919983863831,166259,1.013878,0.426061,11.003604,415,18.055935
0.05183999985456467,1.562951,31.158962,16.058208465576172,0.8674240112304688,498919,0.885296,0.424287,12.662544,416,18.025498
0.05177599936723709,2.076971,32.193308,16.110591888427734,0.8788800239562988,424545,0.92092,0.436513,13.576934,417,18.132676
0.05052800104022026,2.536089,29.32908,16.007007598876953,0.8498560190200806,466256,0.915018,0.424964,10.877844,418,17.982082
0.05116799846291542,3.161794,33.102937,16.03843116760254,0.813696026802063,215114,0.94653,0.433681,14.603939,419,18.01867
0.05097600072622299,2.367984,29.149094,15.961952209472656,0.788864016532898,365521,0.899428,0.41816,10.824984,420,17.860268
0.05196800082921982,3.922589,30.454009,16.01203155517578,0.8102399706840515,396863,0.934559,0.444167,11.987556,421,17.979341
0.05129599943757057,3.134381,29.795127,15.970272064208984,0.8015999794006348,261732,0.963356,0.425909,11.371897,422,17.952651
0.049855999648571014,2.486584,29.09307,15.959967613220215,0.7833279967308044,575357,0.911489,0.416123,10.767594,423,17.865156
0.05673599988222122,2.373497,29.034625,16.152320861816406,0.8091840147972107,489339,0.953638,0.436952,10.403471,424,18.147239
0.051392000168561935,3.673422,29.199753,15.847583770751953,0.7902399897575378,341058,0.911771,0.415212,10.97519,425,17.764269
0.0522879995405674,3.043551,30.892311,16.181760787963867,0.9005759954452515,482585,0.98665,0.437912,12.096774,426,18.306734
0.05119999870657921,2.909476,30.42065,16.012479782104492,0.9001280069351196,499775,0.918488,0.430825,11.898738,427,18.04485
0.052799999713897705,4.469741,32.081451,16.054208755493164,0.8939200043678284,322211,0.895888,0.427076,13.537651,428,18.06886
0.051711998879909515,3.056243,29.540207,16.006656646728516,0.8312000036239624,49060,0.967575,0.427949,11.046957,429,18.020046
0.05129599943757057,2.197041,31.96068,16.006559371948242,0.8475199937820435,232244,0.854999,0.423635,13.568948,430,17.922839
0.050912000238895416,2.105675,28.750113,16.03696060180664,0.8151040077209473,117425,0.949247,0.418245,10.270484,431,18.016007
0.0514880008995533,4.564556,31.601058,15.963520050048828,0.7985919713973999,1000,0.916193,0.416748,13.242514,432,17.896044
0.05116799846291542,1.88714,30.496379,16.04355239868164,0.8443840146064758,515577,0.844744,0.432659,12.076601,433,17.943108
0.0506879985332489,2.626203,29.143792,15.92182445526123,0.8474239706993103,293794,0.880526,0.421769,10.815701,434,17.863053
0.051711998879909515,3.586028,30.764517,15.961664199829102,0.8507840037345886,234413,0.878506,0.415389,12.397515,435,17.907403
0.05164799839258194,2.212856,29.551861,16.024703979492188,0.8823040127754211,546826,0.897505,0.440614,11.04243,436,18.023376
0.05270399898290634,3.168187,29.997313,16.000160217285156,0.8696960210800171,272136,0.850826,0.42818,11.586426,437,17.936448
0.05084799975156784,3.266259,34.00475,16.377920150756836,0.8943039774894714,329455,0.925386,0.432254,15.100704,438,18.420316
0.05152000114321709,3.140747,31.657855,15.965312004089355,0.879040002822876,271116,0.87551,0.427841,13.247629,439,17.937094
0.05145600065588951,2.981038,29.89985,16.001951217651367,0.8177599906921387,160012,0.925072,0.419069,11.472358,440,17.963306
0.050624001771211624,2.974899,29.160108,15.949952125549316,0.8163840174674988,89697,0.860465,0.419909,10.860846,441,17.836159
0.05484800040721893,2.561172,32.004776,15.927071571350098,0.7946879863739014,286523,0.901736,0.421805,13.699639,442,17.840443
0.05087999999523163,3.119107,30.712675,15.948384284973145,0.8534079790115356,451714,0.855011,0.430925,12.364226,443,17.871781
0.05129599943757057,2.834388,29.635216,16.057279586791992,0.8238400220870972,515828,0.946273,0.420391,11.121654,444,18.048271
0.05164799839258194,3.231808,29.792335,15.956512451171875,0.7931519746780396,399764,0.896679,0.420338,11.463557,445,17.864927
0.05177599936723709,2.618611,28.931385,15.966912269592285,0.8238400220870972,253452,0.856242,0.436363,10.590037,446,17.862346
0.05097600072622299,2.736899,29.435085,15.946144104003906,0.8591679930686951,435003,0.906953,0.432159,11.035481,447,17.924441
0.05196800082921982,2.552351,29.059036,15.931072235107422,0.8343679904937744,443844,0.875517,0.42315,10.735676,448,17.856695
0.050016000866889954,3.057848,28.889126,15.901280403137207,0.8310719728469849,236690,0.875822,0.415974,10.617071,449,17.813826
0.05238400027155876,1.760594,28.913498,15.896896362304688,0.8614720106124878,451155,0.850683,0.42519,10.622005,450,17.822002
0.05167999863624573,3.459082,29.824184,15.93552017211914,0.8611840009689331,293200,0.896024,0.408654,11.461523,451,17.909926
0.052032001316547394,3.199348,30.195318,15.920191764831543,0.8628159761428833,486573,0.862527,0.430063,11.861669,452,17.858355
0.05158400163054466,2.963895,30.319415,16.119583129882812,0.8133440017700195,246308,0.951292,0.427134,11.739215,453,18.107117
0.05097600072622299,3.078974,33.211718,16.0665283203125,0.8146560192108154,552612,0.973931,0.432893,14.659105,454,18.074104
0.052352000027894974,3.256567,30.569226,16.012447357177734,0.8457599878311157,368940,0.889831,0.420528,12.140096,455,17.96335
0.05100800096988678,1.720933,28.078579,15.906720161437988,0.8493760228157043,355610,0.900684,0.424695,9.743657,456,17.867011
0.05116799846291542,2.038301,28.801318,16.162687301635742,0.8862720131874084,553094,0.962199,0.418154,10.107135,457,18.230297
0.04947200044989586,4.946194,32.338872,16.026016235351562,0.8108159899711609,60347,0.956208,0.425004,13.857174,458,18.011695
0.0530879981815815,3.435239,31.653162,16.17862319946289,0.8884159922599792,500211,0.920406,0.429411,12.962059,459,18.213101
0.05407999828457832,2.534715,29.144603,16.061887741088867,0.8210560083389282,333745,0.957523,0.424899,10.615397,460,18.061113
0.05142400041222572,3.207208,33.059847,16.009504318237305,0.8232640027999878,140286,0.869831,0.414142,14.680636,461,17.921419
0.0498879998922348,2.627091,29.907799,16.031808853149414,0.8566399812698364,41990,0.86758,0.421386,11.475934,462,17.966371
0.05081599950790405,2.531481,31.994026,15.95792007446289,0.8410559892654419,531135,0.876012,0.432044,13.624455,463,17.89246
0.05135999992489815,3.67573,30.884862,16.017087936401367,0.8112639784812927,21839,0.934122,0.414956,12.435572,464,17.989533
0.05132799968123436,2.036459,32.101049,16.02751922607422,0.8409280180931091,371749,0.827646,0.416604,13.734624,465,17.904059
0.05289600044488907,5.404249,35.379634,16.121631622314453,0.8609600067138672,239274,0.966177,0.426064,16.725514,466,18.181215
0.050335999578237534,3.210891,32.258383,15.946880340576172,0.8303679823875427,534605,0.88456,0.41492,13.92699,467,17.87218
0.0517439991235733,2.637702,29.852961,15.998016357421875,0.8620479702949524,312549,0.888564,0.426067,11.417033,468,17.965072
0.05161599814891815,3.348995,30.64958,15.997632026672363,0.873088002204895,64499,0.905918,0.429377,12.180433,469,17.994326
0.05206400156021118,3.607399,31.144704,16.06857681274414,0.8757759928703308,505169,0.883897,0.472026,12.564304,470,18.05294
0.0498879998922348,1.473293,25.045766,15.876416206359863,0.7913920283317566,143068,0.911013,0.419813,6.801669,471,17.781978
0.05161599814891815,3.756461,30.025591,15.930399894714355,0.8218240141868591,44699,0.850591,0.423018,11.751637,472,17.807426
0.05161599814891815,2.976034,29.304481,15.98742389678955,0.8243839740753174,383443,0.866468,0.414416,10.95227,473,17.893511
0.05167999863624573,2.685785,29.859783,16.01523208618164,0.8686720132827759,555005,0.872142,0.419832,11.423075,474,17.97302
0.05177599936723709,2.631132,29.716766,16.021312713623047,0.8724799752235413,306700,0.901175,0.428125,11.235904,475,18.007748
0.05244800075888634,2.651204,29.319533,15.96566390991211,0.8770880103111267,13546,0.861114,0.426443,10.930625,476,17.9162
0.050335999578237534,2.513285,29.603309,15.987520217895508,0.8769599795341492,68765,0.92472,0.421445,11.134142,477,18.000699
0.051392000168561935,2.849291,29.911629,15.935551643371582,0.8681920170783997,408112,0.846348,0.434102,11.571567,478,17.861475
0.051711998879909515,2.092356,31.732431,15.988896369934082,0.86844801902771,416256,0.893957,0.427994,13.286865,479,17.970433
0.050624001771211624,3.543425,30.803297,16.002656936645508,0.8884159922599792,466567,0.937708,0.428496,12.286876,480,18.042996
0.05244800075888634,3.020082,31.907463,16.87334442138672,0.9043520092964172,445365,0.883745,0.475459,12.410132,481,18.928934
0.05129599943757057,4.592453,34.629948,16.022432327270508,0.823360025882721,203864,0.94926,0.427096,16.145161,482,18.012853
0.051552001386880875,2.587587,29.083628,15.94217586517334,0.7960320115089417,180878,0.907348,0.421819,10.756606,483,17.862019
0.051552001386880875,2.78279,29.728201,15.963680267333984,0.7868160009384155,90108,0.916996,0.43335,11.364485,484,17.88513
0.050912000238895416,2.942088,29.339472,15.920736312866211,0.7882239818572998,106048,0.874616,0.434211,11.068055,485,17.793927
0.05257600173354149,4.481728,34.640807,16.144319534301758,0.819104015827179,363875,0.981633,0.445549,15.978879,486,18.171059
0.05350400134921074,3.933376,30.712269,15.988767623901367,0.7841280102729797,532481,0.888283,0.424773,12.366814,487,17.877537
0.052191998809576035,2.079768,29.760979,16.09881591796875,0.7942079901695251,21465,0.929184,0.429355,11.2386,488,18.049612
0.050912000238895416,3.402111,30.336525,15.95900821685791,0.7944319844245911,376322,0.909089,0.43341,11.978851,489,17.876334
0.0517439991235733,3.666806,30.274417,15.983424186706543,0.850271999835968,294783,0.868237,0.42611,11.891804,490,17.912669
0.053119998425245285,2.816248,29.40852,16.100095748901367,0.8273919820785522,386352,0.863623,0.428116,10.929001,491,18.007447
0.0514880008995533,2.66327,29.112214,15.930784225463867,0.8512960076332092,58539,0.902494,0.431539,10.742975,492,17.894119
0.0517439991235733,3.754305,30.953261,15.947296142578125,0.8611519932746887,486046,0.84429,0.422526,12.622798,493,17.863123
0.05318399891257286,2.420964,29.527213,16.01817512512207,0.875711977481842,442463,0.903952,0.430432,11.035219,494,18.017022
0.05110400170087814,5.021979,34.526815,16.08188819885254,0.807424008846283,17029,0.956124,0.434041,15.985749,495,18.060743
0.05113599821925163,2.111792,27.305157,15.979616165161133,0.7878080010414124,228942,0.902507,0.424996,8.95503,496,17.880771
0.055615998804569244,1.981301,29.047245,15.939135551452637,0.8369600176811218,66635,0.848954,0.426672,10.737599,497,17.83895
0.05190400034189224,4.655968,32.325207,16.075807571411133,0.8748480081558228,241319,0.855206,0.445475,13.808498,498,18.025999
0.052191998809576035,3.90299,30.897561,16.072959899902344,0.8202880024909973,282037,0.968051,0.430488,12.335616,499,18.085047
0.05177599936723709,2.676915,30.016501,16.034624099731445,0.8610560297966003,211825,0.864049,0.424932,11.57058,500,17.975166
0.052032001316547394,3.068814,30.462027,16.005023956298828,0.8759999871253967,313130,0.881408,0.427526,12.011407,501,17.978517
0.052480001002550125,2.454341,29.230588,16.047807693481445,0.8352000117301941,283037,0.937156,0.429293,10.716812,502,18.040441
0.05238400027155876,2.722051,29.09003,15.96729564666748,0.8260160088539124,785,0.889508,0.423387,10.723945,503,17.897666
0.05100800096988678,3.563717,29.801816,15.995455741882324,0.8247680068016052,414170,0.855528,0.433956,11.443641,504,17.881272
0.05087999999523163,2.682825,29.600833,16.03696060180664,0.8357120156288147,367569,0.86199,0.424389,11.190489,505,17.944591
0.050783999264240265,2.048132,28.337106,15.940352439880371,0.8279039859771729,343218,0.869826,0.421681,10.026491,506,17.847614
0.05183999985456467,1.818999,28.006386,15.916319847106934,0.8228480219841003,195918,0.878067,0.42343,9.711124,507,17.829174
0.05164799839258194,2.325725,29.437529,16.00556755065918,0.8499839901924133,147415,0.869389,0.430673,11.025407,508,17.938228
0.05209600180387497,2.907929,32.877186,16.015167236328125,0.8412160277366638,125850,0.892024,0.431662,14.433974,509,17.965912
0.06224000081419945,3.265596,30.307708,15.957695960998535,0.8608319759368896,213033,0.873826,0.433873,11.911413,510,17.917118
0.052639998495578766,4.229696,31.459696,15.965632438659668,0.8703680038452148,481390,0.923247,0.427947,13.009818,511,17.975827
0.052352000027894974,2.44532,32.523481,16.093887329101562,0.8780480027198792,189475,0.873123,0.428913,13.980747,512,18.067384
0.05145600065588951,3.573411,33.674017,15.916000366210938,0.8315200209617615,67213,0.962251,0.424586,15.274188,513,17.928921
0.050464000552892685,2.801006,31.542989,16.021888732910156,0.8002560138702393,349594,0.930259,0.442033,13.089292,514,17.967303
0.05119999870657921,2.600644,29.873785,15.958527565002441,0.860319972038269,451693,0.869741,0.427905,11.497267,515,17.90352
0.050944000482559204,3.958693,31.387355,16.04800033569336,0.81113600730896,8211,0.942857,0.420008,12.894222,516,18.025859
0.05129599943757057,2.911065,29.29319,16.030176162719727,0.8171839714050293,266206,0.877521,0.413363,10.897333,517,17.937696
0.05183999985456467,2.839209,29.262706,16.000160217285156,0.830784022808075,126137,0.864399,0.43822,10.874277,518,17.904624
0.05110400170087814,4.28192,31.527706,15.912991523742676,0.8568639755249023,282298,0.830448,0.422744,13.248057,519,17.81206
0.05023999884724617,4.020871,33.431059,16.052703857421875,0.8425920009613037,263969,0.933109,0.433919,14.906662,520,18.046857
0.05180799961090088,3.274619,30.618188,15.966879844665527,0.8607360124588013,382696,0.884092,0.439813,12.209685,521,17.925279
0.05270399898290634,1.862058,28.767134,15.968480110168457,0.885919988155365,453860,0.867436,0.438746,10.342835,522,17.938932
0.0551999993622303,3.459011,31.309818,16.743999481201172,0.811743974685669,186980,0.962067,0.49105,11.985335,523,18.7716
0.05164799839258194,2.45278,29.074857,16.19715118408203,0.820576012134552,500270,0.877661,0.438389,10.471052,524,18.109283
0.052352000027894974,2.103309,29.322699,15.994784355163574,0.8687679767608643,433915,0.915652,0.415042,10.868778,525,17.993558
0.051392000168561935,2.31646,29.149035,16.03059196472168,0.879423975944519,65736,0.896931,0.434139,10.647189,526,18.022558
0.05087999999523163,2.42354,32.111846,16.00214385986328,0.845471978187561,406417,0.891014,0.432596,13.682097,527,17.951779
0.05129599943757057,3.096837,29.852007,16.048992156982422,0.80348801612854,327701,0.958238,0.427632,11.34981,528,18.028659
0.05183999985456467,3.520357,29.767902,15.896991729736328,0.8192319869995117,51326,0.870101,0.430948,11.497845,529,17.795933
0.05049600079655647,3.268376,33.27924,15.906335830688477,0.8438079953193665,109118,0.881049,0.419845,14.970761,530,17.844871
0.051711998879909515,3.79394,33.768008,16.032800674438477,0.8401280045509338,359855,0.869637,0.432195,15.329251,531,17.962433
0.05056000128388405,2.777673,30.202888,15.992256164550781,0.8823999762535095,173008,0.897324,0.435246,11.732855,532,17.989385
0.05075199902057648,2.927374,29.270777,15.956640243530273,0.831712007522583,71877,0.89395,0.410981,10.918755,533,17.897428
0.05129599943757057,2.336555,27.73236,15.932031631469727,0.8045759797096252,46378,0.981358,0.416881,9.337855,534,17.93375
0.0514880008995533,2.865866,29.848669,15.891488075256348,0.8308159708976746,157756,0.804322,0.434646,11.636874,535,17.734102
0.05129599943757057,2.708827,29.847402,15.992735862731934,0.8672320246696472,31620,0.90463,0.424771,11.394053,536,17.983608
0.05180799961090088,3.509351,30.648117,16.054880142211914,0.873088002204895,477955,0.891072,0.42056,12.145336,537,18.03715
0.05164799839258194,2.221961,29.584201,15.9967679977417,0.8685759902000427,107226,0.858658,0.421112,11.175405,538,17.940521
0.0514880008995533,1.588885,31.109812,16.02979278564453,0.865119993686676,161861,0.910887,0.425064,12.617285,539,18.022096
0.0517439991235733,2.326505,29.273632,15.97987174987793,0.864192008972168,258388,0.879975,0.427972,10.858159,540,17.940122
0.051231998950242996,1.943505,30.754186,15.994688034057617,0.8056640028953552,255483,0.960523,0.424101,12.306277,541,17.980137
0.057312000542879105,3.06382,30.573437,16.03811264038086,0.8063039779663086,88432,0.971213,0.421028,12.06404,542,18.042883
0.05161599814891815,4.467885,34.46199,16.115135192871094,0.81740802526474,137576,0.941323,0.428205,15.889366,543,18.099781
0.05145600065588951,2.08981,31.750733,16.01068878173828,0.8425920009613037,357978,0.855617,0.418657,13.365031,544,17.923403
0.050655998289585114,4.007283,34.154023,16.0982723236084,0.8355200290679932,61747,0.991548,0.42609,15.530091,545,18.151413
0.05116799846291542,2.480811,28.13532,15.956319808959961,0.8058879971504211,302030,0.902247,0.466208,9.754326,546,17.872045
0.05225599929690361,2.983173,30.723364,16.17430305480957,0.872767984867096,136334,0.879071,0.427305,12.100096,547,18.15047
0.051231998950242996,3.266921,33.175242,16.0150089263916,0.8261119723320007,315257,0.964991,0.439602,14.664261,548,18.026399
0.051872000098228455,3.309391,30.867989,16.06287956237793,0.8594880104064941,543300,0.833028,0.430704,12.417591,549,17.973437
0.051072001457214355,3.165501,32.72522,15.993375778198242,0.8314560055732727,489611,0.940762,0.433097,14.263722,550,17.982474
0.05104000121355057,3.839645,30.796014,15.951519966125488,0.8367360234260559,82846,0.808808,0.421157,12.530909,551,17.800548
0.05135999992489815,3.263887,30.382586,16.00704002380371,0.8716480135917664,512248,0.897579,0.422741,11.923045,552,17.991287
0.0514880008995533,4.035177,31.545812,16.091487884521484,0.8724480271339417,83113,0.919019,0.426637,12.972652,553,18.100839
0.05238400027155876,2.778333,29.471941,16.020320892333984,0.870464026927948,324818,0.866183,0.423583,11.032829,554,17.970365
0.051711998879909515,2.027964,30.736294,16.07676887512207,0.8083840012550354,446703,0.949433,0.435054,12.204307,555,18.054713
0.05177599936723709,1.070816,29.667038,16.004383087158203,0.8118399977684021,22371,0.945323,0.435776,11.213273,556,17.97424
0.050464000552892685,2.746401,32.53416,16.097631454467773,0.81523197889328,189828,0.927873,0.436654,13.988525,557,18.064235
0.050464000552892685,3.708509,30.976681,15.950688362121582,0.8349760174751282,516677,0.887092,0.429307,12.620689,558,17.881796
0.05164799839258194,1.412575,30.342361,16.122880935668945,0.8628479838371277,447611,0.895086,0.4241,11.772661,559,18.100091
0.051711998879909515,2.038881,29.40279,16.112064361572266,0.8235840201377869,61418,0.965439,0.436522,10.800459,560,18.120353
0.050175998359918594,2.67296,29.471482,16.00377655029297,0.8106240034103394,405970,0.89298,0.439015,11.067983,561,17.919293
0.050944000482559204,2.57452,31.715104,18.715103149414062,0.8561599850654602,257865,0.901561,0.425904,10.560691,562,20.686188
0.05100800096988678,3.322861,30.776154,16.014720916748047,0.8818560242652893,434548,0.903232,0.424752,12.288517,563,18.016153
0.05193600058555603,2.891661,31.154739,16.271711349487305,0.9103040099143982,171757,0.978689,0.434609,12.27289,564,18.397473
0.05225599929690361,3.033201,31.075283,16.396575927734375,0.9586880207061768,224724,0.916884,0.440748,12.082275,565,18.503506
0.05190400034189224,3.190506,30.618921,16.1757755279541,0.9060479998588562,385029,0.964793,0.443621,11.857553,566,18.27028
0.0522879995405674,2.5427,29.588331,16.154016494750977,0.8851839900016785,225670,0.928974,0.438132,10.920262,567,18.183984
0.05084799975156784,2.108603,29.681789,16.143775939941406,0.8620479702949524,112298,0.894724,0.436613,11.077093,568,18.11816
0.05119999870657921,2.300979,32.472813,16.288639068603516,0.8585280179977417,347254,0.989779,0.444431,13.619825,569,18.361937
0.05071999877691269,2.535248,32.531379,15.989343643188477,0.8615999817848206,322352,0.838557,0.429348,14.149767,570,17.900974
0.05132799968123436,1.954445,31.323034,15.958815574645996,0.8698239922523499,87244,0.916881,0.429179,12.892211,571,17.956978
0.051392000168561935,2.468025,29.652743,15.949151992797852,0.8586239814758301,171190,0.835512,0.431071,11.321603,572,17.856467
0.051711998879909515,2.816421,29.244052,16.022111892700195,0.8648319840431213,579635,0.904743,0.42683,10.763962,573,18.007475
0.052319999784231186,3.062718,29.275708,16.00796890258789,0.8346880078315735,27696,0.898754,0.425321,10.851616,574,17.955554
0.05100800096988678,2.335549,30.791848,15.93068790435791,0.8327680230140686,428280,0.902592,0.420981,12.445465,575,17.880391
0.05104000121355057,2.449515,29.069517,15.939423561096191,0.8618879914283752,322944,0.870733,0.419128,10.723511,576,17.882678
0.05129599943757057,2.718726,29.633055,16.22643280029297,0.8706880211830139,44279,0.875251,0.44352,10.957331,577,18.186702
0.050144001841545105,2.619043,29.066662,15.946911811828613,0.8104320168495178,495732,0.939422,0.428484,10.685228,578,17.90975
0.05286400020122528,3.909315,33.181203,16.993215560913086,0.9262080192565918,551794,0.881312,0.45734,13.574983,579,19.0779
0.06307200342416763,4.343606,31.777716,16.07766342163086,0.8765760064125061,104455,0.888437,0.447832,13.214455,580,18.066634
0.05158400163054466,3.889009,30.62575,16.042943954467773,0.8166720271110535,183437,0.936761,0.430649,12.12079,581,18.023217
0.050592001527547836,3.556881,30.764932,15.92255973815918,0.8346239924430847,507975,0.828714,0.419088,12.501831,582,17.796412
0.053247999399900436,1.533561,31.504682,16.181856155395508,0.8905280232429504,7784,0.925935,0.429269,12.808247,583,18.220273
0.05145600065588951,3.274822,30.617619,16.016992568969727,0.8630719780921936,179141,0.898643,0.434521,12.138201,584,17.994035
0.05183999985456467,1.682003,28.399894,16.011327743530273,0.8867520093917847,353180,0.881044,0.428279,9.928734,585,17.997669
0.0517439991235733,3.361535,31.603952,16.083423614501953,0.8236799836158752,435081,0.956507,0.445975,13.029905,586,18.082412
0.05142400041222572,1.647185,30.243584,16.01785659790039,0.796671986579895,446005,0.933871,0.435614,11.801414,587,17.961745
0.056543998420238495,2.374567,32.579668,16.19481658935547,0.8694720268249512,164883,0.936946,0.441984,13.843547,588,18.243506
0.05116799846291542,3.550851,31.090986,16.21513557434082,0.8147839903831482,191013,0.938879,0.436501,12.417026,589,18.191824
0.053119998425245285,5.770664,35.978049,16.15180778503418,0.8312640190124512,278353,0.961529,0.436399,17.327646,590,18.168072
0.05164799839258194,3.132778,29.584757,16.00716781616211,0.8162559866905212,466416,0.868706,0.4304,11.194421,591,17.906716
0.05177599936723709,4.15236,31.276548,15.999168395996094,0.847648024559021,458755,0.873267,0.420362,12.874112,592,17.937148
0.051263999193906784,2.917827,28.620879,16.06220817565918,0.7951359748840332,439180,0.911626,0.426399,10.162164,593,17.985608
0.05135999992489815,3.048446,30.275424,16.097087860107422,0.8594880104064941,491613,0.861066,0.436372,11.74739,594,18.037888
0.051263999193906784,2.511983,32.378626,16.077152252197266,0.8183680176734924,167902,0.918041,0.423536,13.874739,595,18.035443
0.05110400170087814,2.534745,30.172552,16.27846336364746,0.8343999981880188,86956,0.958601,0.439635,11.395459,596,18.291606
0.05196800082921982,1.936415,28.645729,15.993663787841797,0.7978879809379578,44652,0.899023,0.413266,10.276385,597,17.909994
0.051231998950242996,4.154255,30.868488,16.106239318847656,0.8041920065879822,505565,0.887713,0.427303,12.383077,598,18.01333
0.050912000238895416,2.53112,28.702974,15.936767578125,0.8239679932594299,184324,0.854514,0.438343,10.393433,599,17.827668
0.050464000552892685,2.7382,29.745684,16.044063568115234,0.8560320138931274,368982,0.921892,0.449592,11.213641,600,18.037191
0.05087999999523163,2.196399,32.114222,16.155359268188477,0.8728320002555847,174231,0.893333,0.434564,13.488929,601,18.144732
0.05132799968123436,2.600936,29.772517,15.976223945617676,0.8946239948272705,366141,0.882082,0.434043,11.325048,602,17.96871
0.05164799839258194,4.722122,34.247963,16.062559127807617,0.8212800025939941,149406,0.957134,0.424689,15.707881,603,18.063358
0.05110400170087814,2.708885,28.330157,15.943743705749512,0.7861440181732178,488251,0.906682,0.432766,10.003932,604,17.849476
0.050624001771211624,2.990674,29.312901,15.955583572387695,0.8267520070075989,15597,0.826254,0.428949,11.019925,605,17.822025
0.050944000482559204,3.494726,30.414117,15.890463829040527,0.8311359882354736,436315,0.807814,0.425667,12.208082,606,17.736954
0.050624001771211624,2.783467,28.915933,15.892064094543457,0.8467199802398682,533816,0.888066,0.420992,10.612627,607,17.837976
0.052000001072883606,2.215125,28.200486,15.955167770385742,0.8303359746932983,6818,0.853719,0.418104,9.888546,608,17.850854
0.05190400034189224,3.079269,30.173778,16.011104583740234,0.8596799969673157,462904,0.883503,0.434041,11.729525,609,17.965755
0.05206400156021118,2.533897,32.515631,16.118623733520508,0.8685439825057983,312263,0.926663,0.426578,13.907395,610,18.134306
0.0506879985332489,3.391011,29.279657,15.876416206359863,0.8501120209693909,198805,0.904601,0.430297,10.965141,611,17.838973
0.05056000128388405,3.068831,29.9587,15.957056045532227,0.8574079871177673,175443,0.852732,0.433897,11.609088,612,17.872826
0.0506879985332489,3.675204,29.613586,15.94495964050293,0.8527680039405823,546659,0.918362,0.420197,11.223914,613,17.927429
0.05110400170087814,3.206363,30.11552,15.945152282714844,0.8505920171737671,287714,0.829855,0.411569,11.828627,614,17.830596
0.0517439991235733,3.824682,30.97914,16.05036735534668,0.8644160032272339,530466,0.903554,0.419103,12.474746,615,18.038559
0.05238400027155876,3.076507,29.371689,16.08790397644043,0.8313919901847839,278973,0.898134,0.425253,10.870408,616,18.031987
0.05180799961090088,2.972627,29.578115,16.051456451416016,0.8102080225944519,124975,0.954906,0.420994,11.074479,617,18.03484
0.04982399940490723,2.914832,29.71625,15.944671630859375,0.7927680015563965,167486,0.894104,0.41334,11.419407,618,17.839928
0.05158400163054466,3.187588,30.361262,16.012128829956055,0.8684800267219543,507037,0.857869,0.436768,11.923173,619,17.956512
0.0525440014898777,3.053741,29.456385,15.9967679977417,0.8364160060882568,431693,0.895866,0.413335,11.051393,620,17.947519
0.057312000542879105,2.733809,29.563346,16.148448944091797,0.8423680067062378,344100,0.991755,0.438798,10.868779,621,18.210408
0.05180799961090088,3.702666,30.949261,16.091007232666016,0.8432000279426575,400573,0.824417,0.48128,12.452651,622,17.971018
0.05145600065588951,3.168197,30.517513,15.959648132324219,0.8787199854850769,516143,0.920701,0.433708,12.065556,623,17.972102
0.05180799961090088,5.112768,31.798756,15.990464210510254,0.8440639972686768,269113,0.911457,0.426944,13.367682,624,17.961519
0.05532800033688545,3.45831,30.396283,15.928159713745117,0.8616639971733093,175535,0.885534,0.430268,12.029262,625,17.891849
0.052671998739242554,2.048219,31.704938,15.923295974731445,0.864031970500946,116068,0.865233,0.43014,13.359589,626,17.868905
0.050944000482559204,2.081478,28.389864,15.903871536254883,0.8668479919433594,299720,0.916048,0.407584,10.040837,627,17.896409
0.050912000238895416,2.60902,28.773392,15.915136337280273,0.8336319923400879,449909,0.888554,0.426286,10.445463,628,17.8549
0.05241600051522255,1.790094,28.942442,16.042463302612305,0.8553919792175293,521601,0.900029,0.435709,10.449004,629,18.011167
0.05152000114321709,3.582897,30.110066,15.955327987670898,0.8663679957389832,413404,0.936046,0.422208,11.669754,630,17.972864
0.05270399898290634,2.006926,28.11704,15.921088218688965,0.8599039912223816,285047,0.890131,0.419932,9.769047,631,17.883233
0.050464000552892685,3.769396,29.834814,15.879648208618164,0.8298879861831665,155571,0.874314,0.408953,11.587456,632,17.794584
0.0506879985332489,2.330238,27.13594,15.910112380981445,0.7889919877052307,323709,0.900209,0.410344,8.873556,633,17.808611
0.05142400041222572,2.008058,30.768804,16.031967163085938,0.8128640055656433,127494,0.945485,0.43218,12.272439,634,18.018928
0.06003199890255928,2.06186,28.909173,16.053119659423828,0.7903040051460266,52591,2.108108,0.422758,9.270949,635,19.169506
0.051072001457214355,2.442037,29.427459,15.972319602966309,0.8510720133781433,370999,0.897499,0.433101,11.0116,636,17.937158
0.050783999264240265,3.327935,29.927529,15.880607604980469,0.8550400137901306,144333,0.839808,0.413854,11.682019,637,17.788247
0.05116799846291542,2.419874,28.657922,16.020288467407227,0.8174399733543396,90956,0.930744,0.416693,10.212001,638,17.984802
0.05167999863624573,3.231309,32.254021,15.898367881774902,0.7777280211448669,489924,0.891408,0.414029,14.013839,639,17.78255
0.05119999870657921,2.807072,29.428881,15.935999870300293,0.795199990272522,469174,0.923069,0.416998,11.095827,640,17.868145
0.052191998809576035,3.733646,31.097161,15.950976371765137,0.8426560163497925,297147,0.840879,0.408912,12.795545,641,17.848454
0.052000001072883606,2.806965,29.781508,16.074399948120117,0.8038719892501831,98520,0.94499,0.423246,11.264301,642,18.049925
0.054976001381874084,2.133446,31.220271,16.016223907470703,0.8076159954071045,573094,0.842542,0.430471,12.866075,643,17.878826
0.050912000238895416,3.062579,29.356542,15.920000076293945,0.8290560245513916,279887,0.93683,0.421594,10.99495,644,17.89835
0.049984000623226166,1.587367,29.309045,15.96992015838623,0.7978240251541138,270908,0.917577,0.425727,10.947126,645,17.893162
0.05049600079655647,3.009178,29.629229,16.03900718688965,0.8010560274124146,167540,0.91589,0.436942,11.17005,646,17.976245
0.052352000027894974,3.325589,30.254566,15.985695838928223,0.8223680257797241,222991,0.859856,0.41937,11.904871,647,17.885394
0.05119999870657921,2.306337,29.218566,16.00160026550293,0.7954879999160767,3156,0.92956,0.431793,10.796716,648,17.945874
0.05071999877691269,2.166037,30.8725,16.01238441467285,0.7906559705734253,109798,0.901763,0.423135,12.48944,649,17.916479
0.050912000238895416,2.92101,32.980619,16.070463180541992,0.8129280209541321,289343,0.934028,0.433543,14.465933,650,18.03595
0.050783999264240265,2.531135,29.151276,16.009952545166016,0.7983360290527344,39484,0.897585,0.423918,10.766499,651,17.917749
0.05100800096988678,2.034767,28.115197,15.947263717651367,0.8440319895744324,112626,0.838505,0.423212,9.814346,652,17.83573
0.0504320003092289,2.587888,29.386534,16.029216766357422,0.8240320086479187,209753,0.855312,0.421289,11.000412,653,17.921378
0.052000001072883606,2.315997,31.621022,15.917856216430664,0.8542079925537109,220858,0.890069,0.436917,13.258221,654,17.873982
0.059808000922203064,2.79429,30.141588,16.035808563232422,0.8681600093841553,60363,0.883532,0.425932,11.661876,655,18.008185
0.05052800104022026,3.255326,29.788317,15.942048072814941,0.8458240032196045,476770,0.927188,0.415647,11.401971,656,17.92475
0.05104000121355057,2.427063,27.926565,15.861344337463379,0.822655975818634,254368,0.867336,0.421664,9.707133,657,17.75641
0.05084799975156784,2.103967,28.528834,15.965087890625,0.8343679904937744,109992,0.902729,0.425864,10.141546,658,17.917586
0.051263999193906784,2.668134,29.780222,15.964768409729004,0.8458880186080933,284623,0.862873,0.429162,11.424457,659,17.882082
0.05056000128388405,3.31758,30.579432,16.07948875427246,0.8634240031242371,562121,0.861517,0.427911,12.084587,660,18.020277
0.056703999638557434,2.248431,31.388427,15.934656143188477,0.8022080063819885,491683,0.929172,0.425124,13.034116,661,17.886172
0.05084799975156784,2.541834,28.71872,15.986720085144043,0.7853760123252869,235241,0.886503,0.421043,10.379144,662,17.874217
0.0514880008995533,1.011511,30.326969,16.110240936279297,0.849951982498169,312552,1.026609,0.43585,11.634732,663,18.20999
0.05167999863624573,3.63974,29.927792,15.868032455444336,0.7804480195045471,153510,0.867751,0.410461,11.748468,664,17.725829
0.05008000135421753,3.117537,29.407309,15.912863731384277,0.7892799973487854,16228,0.925386,0.42027,11.105156,665,17.839922
0.05049600079655647,3.707741,29.52865,15.856831550598145,0.7976959943771362,459437,0.825734,0.416932,11.379203,666,17.688606
0.05084799975156784,2.137825,28.760295,15.892191886901855,0.8319680094718933,88218,0.887439,0.416416,10.477026,667,17.823785
0.050303999334573746,3.80491,29.949225,15.838335990905762,0.813152015209198,323263,0.886795,0.419622,11.740797,668,17.744556
0.050783999264240265,2.718027,29.919434,16.064319610595703,0.8558719754219055,224664,0.903296,0.423528,11.403791,669,18.045511
0.05008000135421753,2.2229,27.627688,15.950016021728516,0.799232006072998,98716,0.937821,0.412361,9.277876,670,17.894499
0.05104000121355057,3.666389,30.669795,15.9684476852417,0.8030400276184082,73702,0.931461,0.431156,12.273423,671,17.921157
0.05110400170087814,4.116194,33.590557,16.033119201660156,0.805791974067688,493772,0.970489,0.430501,15.080524,672,18.032337
0.050655998289585114,3.335515,29.821763,15.959903717041016,0.7874240279197693,460147,0.852563,0.421648,11.541126,673,17.812961
0.05110400170087814,3.171513,29.919253,16.0468807220459,0.807807981967926,438774,0.947976,0.430423,11.424176,674,18.020412
0.05206400156021118,3.407776,29.719488,15.911423683166504,0.7824640274047852,159977,0.889338,0.417482,11.458537,675,17.799029
0.0506879985332489,3.13284,30.355899,16.024959564208984,0.8399680256843567,383676,0.850311,0.433529,11.949183,676,17.929154
0.05190400034189224,4.043301,31.303677,15.946463584899902,0.8649920225143433,67896,0.854152,0.421459,12.967542,677,17.87117
0.05100800096988678,2.217275,28.430821,15.918432235717773,0.853983998298645,22192,0.912028,0.429093,10.064205,678,17.892837
0.05011200159788132,3.765782,29.778787,15.859871864318848,0.8227519989013672,563653,0.865229,0.412484,11.56822,679,17.753687
0.05596800148487091,3.183464,30.274314,15.958975791931152,0.861407995223999,539962,0.88627,0.427698,11.881074,680,17.921803
0.05145600065588951,3.668817,29.977992,16.023679733276367,0.8369920253753662,304291,0.893754,0.420152,11.547503,681,17.965645
0.0522879995405674,2.560875,28.750775,15.913439750671387,0.8318399786949158,136915,0.866958,0.412827,10.470032,682,17.825497
0.052000001072883606,1.345842,30.343711,15.963552474975586,0.8409600257873535,149222,0.865984,0.425565,11.993742,683,17.881063
0.05135999992489815,4.354983,33.748354,16.056415557861328,0.8006719946861267,134882,0.958374,0.426431,15.248971,684,18.029217
0.04992000013589859,3.57112,30.426288,15.964127540588379,0.7969599962234497,267537,0.904754,0.417353,12.078424,685,17.886401
0.0517439991235733,1.951684,28.201592,15.902048110961914,0.8150079846382141,80273,0.852668,0.439459,9.944148,686,17.773884
0.050783999264240265,2.900812,29.721152,15.839743614196777,0.8347520232200623,223959,0.803707,0.411493,11.581812,687,17.684624
0.050655998289585114,3.647007,29.772085,16.09347152709961,0.8562880158424377,370486,0.904035,0.427509,11.237939,688,18.062392
0.050783999264240265,2.96672,29.556274,16.083616256713867,0.8764479756355286,135890,0.974312,0.42281,10.936266,689,18.150599
0.05075199902057648,2.785221,29.091755,15.928000450134277,0.8425599932670593,283412,0.884029,0.422972,10.76238,690,17.861823
0.05321599915623665,1.803965,30.469372,16.197120666503906,0.8285120129585266,569700,0.862654,0.426977,11.895501,691,18.102745
0.050655998289585114,2.973102,28.766125,16.27676773071289,0.7991039752960205,36678,0.932026,0.422714,10.080743,692,18.217631
0.050592001527547836,2.986711,29.935442,15.909279823303223,0.8193920254707336,130826,0.796201,0.413028,11.742175,693,17.738041
0.050592001527547836,2.819669,29.176525,15.921695709228516,0.8543040156364441,238866,0.877355,0.422292,10.844496,694,17.865522
0.05276799947023392,2.893482,31.860113,16.097408294677734,0.8072320222854614,47801,0.929883,0.420835,13.338699,695,18.052014
0.05318399891257286,2.753973,30.500399,16.17692756652832,0.8771839737892151,216497,0.846398,0.431815,11.903286,696,18.118791
0.05075199902057648,3.520512,30.635242,15.960991859436035,0.8502399921417236,119365,0.917904,0.425292,12.220793,697,17.944125
0.05926400050520897,2.813987,30.287495,15.951359748840332,0.8564800024032593,369757,0.859632,0.465054,11.890389,698,17.886415
0.05113599821925163,3.287364,29.738873,16.015487670898438,0.8230400085449219,404678,0.976109,0.431934,11.230571,699,18.031583
0.04979199916124344,2.6814,28.136469,15.909503936767578,0.7862719893455505,146358,0.862977,0.421109,9.908777,700,17.764031
0.049984000623226166,2.762974,29.703013,15.950592041015625,0.8282880187034607,74256,0.8712,0.421524,11.370988,701,17.864751
0.050912000238895416,2.560108,30.042277,16.088319778442383,0.8443520069122314,342006,0.836027,0.42916,11.588906,702,17.978774
0.05116799846291542,2.582943,29.761532,16.021984100341797,0.8559359908103943,394510,0.910679,0.428123,11.283177,703,18.005138
0.05158400163054466,3.165165,30.54174,15.925567626953125,0.8469439744949341,196759,0.84495,0.422274,12.248078,704,17.826169
0.05052800104022026,1.517915,28.990598,16.01728057861328,0.7957760095596313,302452,0.948601,0.414671,10.547027,705,17.984244
0.05119999870657921,3.181299,30.817248,16.034656524658203,0.8145599961280823,146498,0.918469,0.432191,12.353712,706,17.984215
0.05164799839258194,3.808793,30.394287,15.94166374206543,0.8111680150032043,283520,0.909081,0.423466,12.04653,707,17.879787
0.05215999856591225,3.759545,30.17285,15.985055923461914,0.7985919713973999,372260,0.903988,0.42889,11.797788,708,17.90269
0.05273599922657013,3.715539,30.655497,15.957280158996582,0.8636800050735474,2532,0.863611,0.423876,12.280979,709,17.903935
0.05104000121355057,3.622749,33.416308,16.1059513092041,0.8361279964447021,386134,0.944069,0.43724,14.824004,710,18.109094
0.05100800096988678,3.59549,30.728427,16.057600021362305,0.8629760146141052,356248,0.88084,0.440277,12.224322,711,18.017621
0.052480001002550125,2.447591,29.785603,15.968159675598145,0.8760640025138855,350023,0.889887,0.434084,11.350984,712,17.953679
0.05183999985456467,3.841913,31.364338,16.086944580078125,0.8332800269126892,457078,0.940634,0.429896,12.804355,713,18.08264
0.0517439991235733,2.106452,28.355043,15.923328399658203,0.8199359774589539,464358,0.867187,0.423263,10.066472,714,17.820054
0.05084799975156784,4.357626,30.501629,15.873567581176758,0.8288639783859253,509403,0.860884,0.419083,12.268445,715,17.769985
0.05536000058054924,1.672106,31.050003,15.958047866821289,0.8358719944953918,366178,0.809538,0.421829,12.768243,716,17.814404
0.05097600072622299,2.163578,29.065465,16.007200241088867,0.8606079816818237,179392,0.887909,0.436968,10.615691,717,17.968708
0.05164799839258194,1.867503,31.420068,15.996447563171387,0.8550400137901306,533145,0.884179,0.42069,13.007691,718,17.949876
0.05158400163054466,3.90132,30.284025,15.982272148132324,0.8555520176887512,330818,0.864581,0.423087,11.901295,719,17.913446
0.053279999643564224,2.969062,30.001021,15.940863609313965,0.8483520150184631,189752,0.905378,0.424754,11.625083,720,17.907916
0.05132799968123436,2.562347,30.021842,15.97379207611084,0.8626239895820618,86755,0.874189,0.436304,11.61424,721,17.925325
0.051231998950242996,2.710013,29.625019,16.15577507019043,0.8758080005645752,304396,1.053097,0.432448,10.840459,722,18.305477
0.050783999264240265,2.205028,27.96459,15.877440452575684,0.7968959808349609,90631,0.91649,0.425844,9.698409,723,17.795834
0.05164799839258194,2.051961,30.481265,16.016544342041016,0.807424008846283,410612,0.904939,0.430928,12.058741,724,17.947133
0.05036799982190132,3.85045,30.160417,15.97753620147705,0.8714240193367004,416837,0.879033,0.416592,11.761702,725,17.93779
0.05110400170087814,3.26323,30.602891,16.1146240234375,0.8615040183067322,470121,0.912785,0.436523,12.009979,726,18.110927
0.050655998289585114,3.161171,30.897551,16.000608444213867,0.8726720213890076,496854,0.89116,0.427369,12.446386,727,17.97695
0.0514880008995533,2.053628,28.074198,16.307167053222656,0.8214399814605713,122927,0.998508,0.443331,9.232398,728,18.352688
0.05222399905323982,3.946455,31.971573,16.272159576416016,0.8208640217781067,122166,0.960755,0.446037,13.199366,729,18.279982
0.0506879985332489,1.868094,28.803794,16.05504035949707,0.8103359937667847,571008,0.929941,0.422712,10.324274,730,18.010289
0.053408000618219376,1.918961,30.867763,16.139968872070312,0.8217599987983704,426166,0.941955,0.436028,12.25618,731,18.128704
0.05129599943757057,3.158686,29.916434,15.989119529724121,0.8705919981002808,289702,0.875915,0.448086,11.473785,732,17.94809
0.05212799832224846,3.392304,30.466243,16.30745506286621,0.9126080274581909,514540,0.958938,0.444961,11.562604,733,18.408916
0.05251200124621391,3.918505,31.535317,16.159807205200195,0.8312000036239624,87470,0.98342,0.42847,12.85881,734,18.201259
0.05183999985456467,2.276401,29.313918,16.140607833862305,0.825984001159668,239627,0.965043,0.430422,10.675409,735,18.158756
0.05849599838256836,2.896988,32.660053,15.898431777954102,0.8329600095748901,184791,0.809616,0.427469,14.428611,736,17.75759
0.04992000013589859,3.638586,29.910647,15.968159675598145,0.8520960211753845,349678,0.881627,0.437231,11.517741,737,17.911486
0.05027199909090996,2.258416,31.588926,15.947711944580078,0.8624320030212402,130386,0.863842,0.421359,13.236536,738,17.885489
0.050303999334573746,2.86092,28.871009,15.920831680297852,0.8492479920387268,34760,0.898425,0.418545,10.532393,739,17.875605
0.051263999193906784,3.351386,30.220143,15.866975784301758,0.8442879915237427,125257,0.830478,0.415368,12.004064,740,17.756738
0.05104000121355057,2.786793,28.264456,15.98851203918457,0.8076159954071045,456143,0.954987,0.42037,9.833914,741,17.966456
0.05145600065588951,3.421179,32.311968,15.977151870727539,0.8118079900741577,561465,0.913492,0.433446,13.91529,742,17.919287
0.05379199981689453,3.570154,30.471714,16.08348846435547,0.8731520175933838,199236,0.864463,0.426569,11.945538,743,18.053023
0.05087999999523163,2.246262,31.020168,15.944607734680176,0.8024960160255432,128699,0.932565,0.424889,12.65662,744,17.893683
0.05040000006556511,1.652029,29.673878,15.8471040725708,0.7968320250511169,450488,0.872914,0.424132,11.48329,745,17.722464
0.0530879981815815,2.212273,29.188426,16.043136596679688,0.8340160250663757,456559,0.862499,0.435118,10.753873,746,17.956014
0.054655998945236206,2.060636,30.935514,16.528640747070312,0.8209599852561951,344621,0.87184,0.435376,12.023859,747,18.432868
0.05040000006556511,3.527049,30.395723,16.023231506347656,0.7940800189971924,548780,0.903732,0.433449,11.983088,748,17.935181
0.0525440014898777,2.622488,31.738452,16.012704849243164,0.8543360233306885,562561,0.87535,0.418518,13.319628,749,17.956322
0.05116799846291542,3.357325,33.411443,15.926912307739258,0.8406080007553101,110972,0.848928,0.430964,15.105474,750,17.830009
0.05104000121355057,3.505065,29.756752,16.0263671875,0.8418239951133728,574520,0.926911,0.418907,11.281559,751,18.010953
0.05196800082921982,2.154223,28.585631,15.892800331115723,0.8360000252723694,170955,0.860526,0.427498,10.316251,752,17.797505
0.0570559985935688,2.448448,29.246393,15.988703727722168,0.8858879804611206,535094,0.853424,0.424484,10.826795,753,17.948869
0.05212799832224846,2.159474,30.701017,16.02934455871582,0.8083199858665466,351609,0.925368,0.433883,12.23744,754,17.984632
0.05196800082921982,3.591852,30.569691,16.174816131591797,0.8834239840507507,115898,0.989361,0.427922,11.827343,755,18.26735
0.052191998809576035,3.526695,30.219473,15.986623764038086,0.8238720297813416,31296,0.90222,0.426243,11.820731,756,17.926964
0.05081599950790405,3.017124,29.473298,16.018047332763672,0.8243200182914734,220764,0.8789,0.415648,11.081204,757,17.932384
0.05152000114321709,2.5901,31.797704,16.060543060302734,0.859935998916626,437351,0.900539,0.434332,13.280743,758,18.037422
0.05087999999523163,2.710074,29.272195,15.968576431274414,0.8101440072059631,530854,0.88073,0.419804,10.932828,759,17.874198
0.05113599821925163,4.068728,30.439551,15.939135551452637,0.8183680176734924,217285,0.880498,0.417003,12.125541,760,17.850629
0.05177599936723709,3.371039,29.782806,15.946208000183105,0.842303991317749,281447,0.826532,0.431368,11.477168,761,17.828375
0.05132799968123436,2.016333,29.147086,16.10086441040039,0.8749120235443115,402783,0.907299,0.439465,10.559999,762,18.10154
0.050783999264240265,4.058885,31.731097,15.955904006958008,0.8714879751205444,148707,0.874748,0.43277,13.341618,763,17.910483
0.05110400170087814,2.341683,29.163046,16.072288513183594,0.8251199722290039,566282,0.98938,0.427663,10.584117,764,18.105202
0.06364800035953522,2.316227,31.66072,15.86524772644043,0.7967680096626282,20553,0.887809,0.41274,13.436266,765,17.767551
0.050912000238895416,3.649109,30.913197,16.017759323120117,0.8099200129508972,190648,0.906448,0.415194,12.498027,766,17.953615
0.05145600065588951,2.512197,28.341876,15.977312088012695,0.8111039996147156,550797,0.897779,0.425167,9.973448,767,17.897936
0.051872000098228455,2.853861,30.251173,16.11257553100586,0.7936319708824158,121153,0.91357,0.41626,11.751282,768,18.039362
0.052191998809576035,3.339454,29.405412,15.961440086364746,0.8145599961280823,476119,0.838573,0.41742,11.120866,769,17.821821
0.05040000006556511,2.991701,29.394612,15.981087684631348,0.8049600124359131,406129,0.926789,0.418399,11.006998,770,17.923558
0.050335999578237534,3.360183,30.000885,15.94700813293457,0.8231359720230103,538236,0.803316,0.42499,11.753327,771,17.777405
0.05020799860358238,2.637403,29.766856,16.028383255004883,0.8185920119285583,443426,0.951135,0.423959,11.279415,772,18.019627
0.05110400170087814,4.410998,34.471831,16.08790397644043,0.8041920065879822,307658,0.944933,0.427408,15.93935,773,18.060047
0.05222399905323982,4.116186,33.568425,15.993375778198242,0.8041599988937378,364636,0.936443,0.420942,15.153335,774,17.950152
0.050175998359918594,2.170102,25.923764,15.866368293762207,0.7735679745674133,44590,0.864603,0.430314,7.73892,775,17.710535
0.052480001002550125,2.072298,28.73032,16.060991287231445,0.8440319895744324,80022,0.893165,0.425778,10.239198,776,18.017951
0.050912000238895416,1.158542,24.347381,15.923040390014648,0.782368004322052,460682,0.911487,0.414074,6.067981,777,17.822145
0.05020799860358238,2.056085,30.909788,15.87161636352539,0.8019199967384338,97924,0.77558,0.424553,12.788451,778,17.652758
0.05158400163054466,3.330582,29.981022,16.006336212158203,0.8150399923324585,53624,0.951075,0.417969,11.524132,779,17.993009
0.05734400078654289,3.327204,29.990458,15.931615829467773,0.8343999981880188,571718,0.795534,0.422149,11.746034,780,17.775499
0.051072001457214355,2.134977,28.477686,15.962431907653809,0.8354880213737488,209222,0.880813,0.414061,10.128265,781,17.890563
0.05183999985456467,3.168879,29.622055,16.091167449951172,0.8386560082435608,396200,0.861251,0.430011,11.142719,782,18.005096
0.05142400041222572,4.227679,31.514882,15.969023704528809,0.8144320249557495,227187,0.953244,0.419741,13.096021,783,17.9546
0.05100800096988678,2.492783,29.863948,15.931520462036133,0.8405439853668213,366884,0.828822,0.428023,11.574889,784,17.815756
0.05097600072622299,2.87847,31.529514,16.107200622558594,0.8119680285453796,357816,0.967651,0.421791,12.955095,785,18.109917
0.051231998950242996,2.805608,29.887271,15.976896286010742,0.8052160143852234,469828,0.888175,0.414939,11.545026,786,17.883848
0.05097600072622299,3.385482,30.519789,16.019615173339844,0.8082240223884583,162581,0.926225,0.431926,12.070287,787,17.972118
0.05257600173354149,2.449369,30.464046,16.220928192138672,0.8944960236549377,34873,0.930767,0.453597,11.672996,788,18.274066
0.051263999193906784,2.220051,32.169773,16.05449676513672,0.8249599933624268,235399,0.951681,0.431294,13.638881,789,18.052253
0.05244800075888634,4.383949,31.966611,16.04921531677246,0.8520960211753845,404923,0.842311,0.43279,13.531478,790,17.956144
0.05145600065588951,2.246537,28.887568,16.06051254272461,0.805184006690979,492758,0.949406,0.423882,10.387274,791,18.031507
0.050016000866889954,1.688848,30.424432,16.004863739013672,0.8396480083465576,407403,0.830156,0.41871,12.082151,792,17.881612
0.05084799975156784,2.76216,30.071656,16.062847137451172,0.8095999956130981,325114,0.935311,0.423662,11.573944,793,18.030346
0.05049600079655647,6.476472,36.091116,16.04310417175293,0.8226879835128784,442306,0.945074,0.429474,17.581695,794,18.033541
0.052480001002550125,3.061915,32.395942,16.200895309448242,0.8121600151062012,326462,0.927128,0.42634,13.767225,795,18.158444
0.05164799839258194,2.942451,29.423594,16.028671264648438,0.8129600286483765,309678,0.962206,0.430724,10.925077,796,18.021362
0.05075199902057648,3.503898,30.642784,16.07209587097168,0.8104000091552734,424135,0.894041,0.419644,12.189461,797,17.98851
0.05116799846291542,1.907089,28.975277,16.033344268798828,0.8058239817619324,222735,0.942844,0.419251,10.505672,798,18.004159
0.04992000013589859,3.832862,29.893338,15.905632019042969,0.8067520260810852,132796,0.847973,0.424688,11.657189,799,17.76628
0.05052800104022026,2.709423,29.844735,15.993632316589355,0.8019520044326782,36861,0.933169,0.422714,11.425065,800,17.950797
0.05036799982190132,3.185517,30.742189,15.94547176361084,0.8470399975776672,450758,0.819238,0.461355,12.41703,801,17.818674
0.051552001386880875,4.41111,31.607726,16.016000747680664,0.825439989566803,451571,0.965629,0.419699,13.115985,802,18.024146
0.05299200117588043,3.626844,31.627267,17.413536071777344,0.7917760014533997,28285,0.862654,0.501973,11.766325,803,19.308365
0.05110400170087814,3.168362,30.960362,16.413984298706055,0.8017600178718567,34139,0.942784,0.433963,12.09501,804,18.377667
0.05145600065588951,2.842651,27.961961,15.885791778564453,0.7917119860649109,31817,0.886947,0.421848,9.718563,805,17.778549
0.05110400170087814,3.190802,30.422087,15.985504150390625,0.7996159791946411,393056,0.923044,0.421263,12.032805,806,17.924359
0.05052800104022026,3.811746,33.464481,16.047199249267578,0.7996479868888855,459634,0.94307,0.427647,14.98198,807,18.010316
0.05392000079154968,3.647739,31.224489,15.975647926330566,0.8406400084495544,305695,0.824167,0.445095,12.873029,808,17.860146
0.0506879985332489,2.16592,30.765466,15.965279579162598,0.8237119913101196,125936,0.965245,0.429145,12.325586,809,17.966921
0.05104000121355057,3.444509,30.135011,16.029760360717773,0.8571839928627014,316054,0.889213,0.426971,11.674604,810,17.987727
0.04992000013589859,2.669578,29.897691,15.990015983581543,0.8701760172843933,153529,0.881106,0.430654,11.470538,811,17.950151
0.05183999985456467,3.719117,30.446652,16.08038330078125,0.8086079955101013,569565,0.927033,0.440106,11.926587,812,18.033684
0.05158400163054466,2.797504,29.138206,15.994175910949707,0.8134719729423523,513524,0.865849,0.424738,10.777916,813,17.891114
0.050783999264240265,1.851737,31.231397,15.938272476196289,0.8568000197410583,505942,0.872063,0.428393,12.880789,814,17.877737
0.05152000114321709,3.29958,30.346241,15.951552391052246,0.8378239870071411,537812,0.818286,0.422074,12.064288,815,17.814642
0.05212799832224846,3.450688,30.675734,16.025663375854492,0.8113600015640259,118594,0.952621,0.422456,12.196916,816,18.009364
0.049984000623226166,2.825271,28.766426,15.866496086120605,0.8145279884338379,80340,0.848303,0.408708,10.580519,817,17.733885
0.050944000482559204,2.745834,30.048175,16.065792083740234,0.8112639784812927,35326,0.92225,0.429287,11.548656,818,18.020062
0.050655998289585114,2.183943,28.087432,15.927583694458008,0.8141120076179504,413552,0.861351,0.422543,9.803059,819,17.817431
0.0498879998922348,3.800173,30.340776,16.020383834838867,0.8085119724273682,568290,0.929296,0.418526,11.901797,820,17.976351
0.05110400170087814,1.999193,31.451052,16.231903076171875,0.8747199773788452,396526,0.93684,0.437743,12.687069,821,18.274905
0.052480001002550125,2.907094,30.63306,16.226240158081055,0.872767984867096,382734,0.938862,0.434357,11.881679,822,18.268149
0.050783999264240265,3.505144,30.721944,16.03923225402832,0.807968020439148,202339,0.948931,0.437883,12.222714,823,18.014725
0.05161599814891815,2.600276,29.597787,15.938783645629883,0.8270080089569092,287545,0.903788,0.430102,11.239764,824,17.882983
0.051263999193906784,1.942426,27.58862,15.9585599899292,0.8142719864845276,92124,0.916505,0.42926,9.207596,825,17.905259
0.05075199902057648,2.94899,30.316419,16.089792251586914,0.8080639839172363,130599,0.933729,0.433894,11.787305,826,18.050223
0.050335999578237534,3.209244,29.306784,15.969696044921875,0.8128960132598877,191672,0.844661,0.419961,11.006134,827,17.835143
0.05113599821925163,2.912989,30.196044,16.17683219909668,0.8025919795036316,84674,0.921823,0.438007,11.590914,828,18.121284
0.05110400170087814,1.69997,30.479044,15.941311836242676,0.8179200291633606,318908,0.968428,0.42441,12.066534,829,17.942281
0.050464000552892685,2.746691,32.76865,16.04275131225586,0.8027840256690979,42528,0.915465,0.422475,14.323394,830,17.976035
0.05036799982190132,3.128578,30.202997,15.879327774047852,0.8301119804382324,203389,0.799537,0.417625,12.02152,831,17.71919
0.05056000128388405,3.031587,29.389415,16.029951095581055,0.8299520015716553,271402,0.925023,0.426322,10.918836,832,17.999999
0.05222399905323982,3.616564,30.814095,15.99398422241211,0.8509119749069214,211069,0.867787,0.434113,12.402946,833,17.933239
0.05158400163054466,3.061704,31.150654,16.283647537231445,0.9149119853973389,25393,0.933049,0.442325,12.294262,834,18.364477
0.05135999992489815,3.228642,30.50383,16.03571128845215,0.8638399839401245,361268,0.927191,0.428681,11.983332,835,18.045004
0.05040000006556511,2.427762,30.206999,15.927743911743164,0.8157439827919006,532901,0.900279,0.424973,11.887633,836,17.849186
0.05177599936723709,3.261402,30.060051,16.035903930664062,0.8358719944953918,121417,0.878554,0.42221,11.631482,837,17.961903
0.0514880008995533,2.186604,28.544979,15.880512237548828,0.7807999849319458,336628,0.899827,0.422762,10.301854,838,17.776692
0.05027199909090996,3.11228,30.145593,16.00307273864746,0.8281919956207275,360661,0.893886,0.433552,11.729732,839,17.937374
0.05023999884724617,2.17988,27.571527,15.849823951721191,0.7874879837036133,355240,0.94391,0.416704,9.326647,840,17.786176
0.0496320016682148,2.473369,28.06442,15.97276782989502,0.787775993347168,482978,0.936171,0.427518,9.679357,841,17.912315
0.05158400163054466,2.806065,32.73849,16.044960021972656,0.864575982093811,459195,0.861653,0.433817,14.264894,842,17.991486
0.052032001316547394,2.739381,28.459084,16.023935317993164,0.8288000226020813,348708,0.912245,0.42935,10.009471,843,17.975999
0.05113599821925163,3.335226,29.522628,15.906368255615234,0.8233280181884766,416269,0.83658,0.417553,11.288095,844,17.77274
0.051231998950242996,3.761952,30.847395,16.0118408203125,0.8124480247497559,257896,0.942916,0.426693,12.387496,845,17.986696
0.05104000121355057,2.345204,28.30405,15.865280151367188,0.8021759986877441,15254,0.841513,0.429624,10.118224,846,17.713067
0.05209600180387497,2.063758,31.191212,15.982560157775879,0.8404800295829773,64462,0.864172,0.414124,12.833909,847,17.896955
0.050624001771211624,2.615376,28.223362,16.027551651000977,0.7990720272064209,217219,0.915874,0.422826,9.800884,848,17.956468
0.05097600072622299,2.200289,31.52246,15.999711990356445,0.837440013885498,16249,0.850084,0.428958,13.149153,849,17.899471
0.0517439991235733,3.074618,30.25748,16.021728515625,0.8715199828147888,297562,0.876533,0.4261,11.801705,850,17.98237
0.050944000482559204,2.157644,29.209145,16.019039154052734,0.8169919848442078,558558,0.973457,0.426589,10.71063,851,18.026081
0.052191998809576035,4.255945,34.162552,16.04128074645996,0.8327360153198242,493905,0.962132,0.435537,15.620525,852,18.058857
0.050016000866889954,2.746258,29.196272,15.901472091674805,0.7809280157089233,20333,0.872062,0.425177,10.962195,853,17.764171
0.05270399898290634,3.580132,31.259386,16.613088607788086,1.1239039897918701,363666,1.036882,0.447083,11.728236,854,19.036838
0.051711998879909515,2.836922,30.282819,15.98521614074707,0.8633599877357483,463527,0.900154,0.439051,11.835144,855,17.96322
0.05283199995756149,2.269434,31.616825,15.90880012512207,0.8414400219917297,331280,0.846843,0.429763,13.330948,856,17.8103
0.05100800096988678,2.426501,28.38163,16.007680892944336,0.8311359882354736,272148,0.920192,0.428973,9.935119,857,17.971738
0.05100800096988678,3.765687,32.839616,16.003360748291016,0.8115839958190918,335954,0.916046,0.426872,14.42174,858,17.947695
0.05503999814391136,2.704976,30.10551,16.622432708740234,0.8529919981956482,486438,0.832288,0.480829,11.005966,859,18.555387
0.05100800096988678,2.188206,28.899057,16.201311111450195,0.8052480220794678,43581,0.911898,0.43749,10.266483,860,18.139269
0.052032001316547394,3.705093,31.010588,16.078367233276367,0.8575360178947449,22589,0.881213,0.441651,12.490031,861,18.0318
0.05145600065588951,2.904859,29.98576,15.987903594970703,0.8648959994316101,546717,0.878951,0.425581,11.57081,862,17.942591
0.05100800096988678,2.704618,29.352984,15.99407958984375,0.8171839714050293,374083,0.95556,0.435115,10.889879,863,17.981338
0.05084799975156784,2.723969,28.996982,16.017343521118164,0.8172159790992737,396205,0.860668,0.422298,10.625693,864,17.902576
0.05023999884724617,1.710969,29.882164,15.9202241897583,0.8118079900741577,136466,0.866904,0.422623,11.606711,865,17.808509
0.05830400064587593,3.412274,30.654131,16.096288681030273,0.8479679822921753,493019,0.882636,0.431379,12.127363,866,18.048296
0.0498879998922348,4.491114,34.171002,16.030752182006836,0.8147199749946594,397681,0.929785,0.426997,15.71039,867,17.988343
0.05027199909090996,3.988446,30.320951,15.97209644317627,0.799456000328064,31322,0.904972,0.420988,11.964009,868,17.891793
0.050303999334573746,4.134052,30.356734,15.98902416229248,0.7798399925231934,296657,0.883731,0.424062,12.027844,869,17.861018
0.04995200037956238,1.8002,31.075133,16.005887985229492,0.7930880188941956,67406,0.909078,0.426163,12.68422,870,17.920496
0.05087999999523163,1.628347,29.741241,15.943615913391113,0.7977920174598694,105249,0.815379,0.424816,11.514239,871,17.758092
0.049247998744249344,2.204652,31.542597,16.022815704345703,0.8270080089569092,101420,0.868088,0.433956,13.140456,872,17.925082
0.049695998430252075,1.97884,29.97358,15.929856300354004,0.8052480220794678,301376,0.905881,0.412495,11.676924,873,17.842088
0.0498879998922348,2.753654,29.461786,15.981856346130371,0.8315839767456055,231339,0.881072,0.425429,11.087998,874,17.902851
0.05193600058555603,4.324935,32.400979,16.093151092529297,0.8722559809684753,195045,0.890983,0.437575,13.837134,875,18.078205
0.050592001527547836,1.637567,27.150833,16.07904052734375,0.813152015209198,141671,0.944368,0.427058,8.627647,876,18.050677
0.05004800111055374,2.745303,29.011733,15.916895866394043,0.7862719893455505,452793,0.882151,0.431713,10.740179,877,17.795734
0.05097600072622299,2.597703,28.822077,16.044063568115234,0.7953280210494995,84031,0.904985,0.422443,10.403371,878,17.95298
0.05129599943757057,1.680741,30.121479,15.899616241455078,0.8199999928474426,579970,0.834402,0.423246,11.888736,879,17.761651
0.05104000121355057,3.503353,30.975802,16.04947280883789,0.8624320030212402,569273,0.884141,0.427084,12.486918,880,18.016033
0.05110400170087814,3.223517,29.995291,16.04172706604004,0.8101119995117188,335081,0.935484,0.442913,11.501638,881,18.005127
0.05129599943757057,2.842402,28.542245,16.05881690979004,0.7989439964294434,361586,0.924737,0.418383,10.078801,882,18.000258
0.05161599814891815,2.505476,29.730218,15.979840278625488,0.7891839742660522,496597,0.91032,0.42161,11.361704,883,17.899736
0.05081599950790405,3.915919,31.441705,15.9585599899292,0.844864010810852,389812,0.824311,0.426731,13.124139,884,17.838961
0.05225599929690361,3.734337,30.86028,16.039648056030273,0.818336009979248,376856,0.966117,0.417387,12.352504,885,18.044323
0.050175998359918594,3.005681,29.360164,15.960224151611328,0.78438401222229,492110,0.860896,0.417608,11.087464,886,17.81095
0.051872000098228455,1.855616,31.852303,16.34172821044922,1.0985920429229736,427077,1.180677,0.440775,12.470515,887,18.887937
0.05142400041222572,2.817118,30.081735,15.921631813049316,0.8543999791145325,159399,0.823639,0.422369,11.80764,888,17.806718
0.051392000168561935,2.731743,30.24259,16.10246467590332,0.8184959888458252,277584,0.94712,0.430715,11.675408,889,18.090277
0.05071999877691269,2.912402,28.989768,15.992671966552734,0.8018239736557007,7108,0.840634,0.433232,10.668279,890,17.843465
0.05110400170087814,2.142426,29.395243,15.956064224243164,0.8095679879188538,227482,0.933259,0.423731,11.012146,891,17.916452
0.05152000114321709,2.313077,27.293467,15.92255973815918,0.8013120293617249,416991,0.915304,0.424415,8.974914,892,17.848638
0.05180799961090088,2.280291,29.100602,16.091903686523438,0.8144320249557495,570782,0.941824,0.436101,10.547047,893,18.072401
0.053408000618219376,3.182919,29.920581,16.269439697265625,0.832256019115448,328238,0.893806,0.448338,11.209859,894,18.216044
0.0525440014898777,3.237169,30.436917,16.148479461669922,0.8300480246543884,81061,0.975918,0.441621,11.76991,895,18.178086
0.05212799832224846,2.962789,29.471172,16.129919052124023,0.8396480083465576,329319,0.903298,0.440971,10.892697,896,18.089086
0.051231998950242996,2.244243,30.811426,15.980031967163086,0.8281919956207275,447088,0.887388,0.421879,12.438408,897,17.904457
0.050783999264240265,3.703162,30.371246,16.143808364868164,0.8330240249633789,319369,0.932271,0.441536,11.756007,898,18.129056
0.051392000168561935,2.831973,29.35029,16.01795196533203,0.8109760284423828,136033,0.96306,0.438124,10.858204,899,18.008875
0.05075199902057648,2.932342,30.639016,16.391199111938477,0.9075199961662292,520832,0.899649,0.443027,11.726431,900,18.423347
0.05145600065588951,2.595012,31.562438,16.037311553955078,0.8445119857788086,578489,0.886205,0.433049,13.102795,901,17.982194
0.052480001002550125,3.027931,33.207345,16.22012710571289,0.8111680150032043,6012,0.929652,0.434577,14.536032,902,18.190253
0.05087999999523163,3.913768,30.679807,16.097631454467773,0.844864010810852,192607,0.925518,0.445659,12.091689,903,18.095535
0.051231998950242996,2.964596,30.55746,16.14240074157715,0.8314560055732727,256775,0.927555,0.430074,11.95612,904,18.125029
0.050944000482559204,2.784006,28.922443,15.962976455688477,0.8102080225944519,221872,0.868179,0.417957,10.613467,905,17.847677
0.05110400170087814,2.448425,28.905836,16.040096282958984,0.8101119995117188,423971,0.927557,0.426243,10.439334,906,17.994086
0.05273599922657013,3.534806,30.450087,16.007232666015625,0.7943999767303467,499313,0.903999,0.454309,12.034819,907,17.917863
0.052352000027894974,1.931654,31.348366,16.169248580932617,0.8632320165634155,411774,0.919021,0.436968,12.696847,908,18.169176
0.050944000482559204,2.577226,29.773389,15.896575927734375,0.847104012966156,513567,0.830533,0.426451,11.524967,909,17.778715
0.05158400163054466,2.894384,29.400231,16.062335968017578,0.8113920092582703,337055,0.938732,0.425199,10.899018,910,18.031047
0.050335999578237534,3.145942,32.38091,16.037952423095703,0.8004800081253052,54605,0.935654,0.438924,13.90377,911,17.993695
0.0498879998922348,2.674725,29.033778,15.950719833374023,0.8452479839324951,360960,0.807901,0.42206,10.741889,912,17.824328
0.049536000937223434,3.344913,30.524621,16.032480239868164,0.8527039885520935,46031,0.886864,0.431175,12.061542,913,17.986232
0.0504320003092289,3.974086,30.370765,16.041215896606445,0.802016019821167,54593,0.890034,0.419811,11.957704,914,17.942053
0.050464000552892685,3.620516,30.545944,16.03603172302246,0.8355839848518372,263644,0.900788,0.427094,12.085166,915,17.989153
0.05135999992489815,3.823051,30.25439,15.98316764831543,0.7819520235061646,265108,0.885273,0.434456,11.914822,916,17.862507
0.05084799975156784,3.569722,29.723059,15.980704307556152,0.7943999767303467,241297,0.894153,0.416965,11.375219,917,17.886152
0.052000001072883606,2.756206,29.831156,15.962335586547852,0.8486400246620178,161008,0.85878,0.421979,11.484632,918,17.879644
0.05087999999523163,3.986536,31.102331,15.973471641540527,0.8328319787979126,103548,0.844586,0.422198,12.769967,919,17.864953
0.05283199995756149,3.39957,30.860685,16.242847442626953,0.883840024471283,192191,1.010968,0.43936,12.01414,920,18.361097
0.05183999985456467,4.854057,35.267693,15.965791702270508,0.818560004234314,359781,0.912467,0.437041,16.874167,921,17.912116
0.05225599929690361,1.603367,31.412785,16.14508819580078,0.8180800080299377,430875,0.915644,0.437271,12.83241,922,18.096555
0.05164799839258194,3.604934,29.736543,15.947232246398926,0.8241599798202515,382111,0.850441,0.422053,11.437882,923,17.831282
0.0522879995405674,3.198962,29.586595,16.0449275970459,0.7982079982757568,51961,0.925157,0.428425,11.123611,924,17.98877
0.05132799968123436,2.786094,29.967721,15.971136093139648,0.8446400165557861,72813,0.804315,0.418822,11.676496,925,17.827498
0.05225599929690361,2.238305,28.813694,16.00934410095215,0.7945280075073242,407943,0.941129,0.423873,10.382073,926,17.964242
0.05206400156021118,2.920092,29.980572,16.003807067871094,0.8337600231170654,163057,0.804455,0.441491,11.645866,927,17.847895
0.05318399891257286,4.880455,34.326374,15.981727600097656,0.8160640001296997,286908,0.97555,0.435144,15.851637,928,17.994535
0.05283199995756149,2.68343,29.781769,16.00694465637207,0.7910720109939575,455267,0.8918,0.430777,11.397523,929,17.908974
0.052032001316547394,2.958322,32.309128,16.08505630493164,0.8220800161361694,572462,0.95563,0.423194,13.749189,930,18.091923
0.05193600058555603,3.139737,30.180549,16.063295364379883,0.8050879836082458,109441,0.877443,0.430363,11.741163,931,17.96549
0.06319999694824219,3.51958,31.348153,17.050336837768555,1.1839679479599,65074,0.942538,0.468999,11.391141,932,19.434782
0.05129599943757057,3.132282,30.094949,16.004192352294922,0.794975996017456,196009,0.900919,0.423243,11.698702,933,17.923114
0.052352000027894974,4.069707,31.276877,16.036672592163086,0.8108159899711609,410934,0.905692,0.421505,12.83052,934,17.973831
0.0514880008995533,2.543874,28.535745,15.869279861450195,0.8148159980773926,561009,0.851616,0.418847,10.323737,935,17.748161
0.054655998945236206,2.430202,28.918129,16.01523208618164,0.8073279857635498,500826,0.91978,0.417797,10.475255,936,17.972084
0.05071999877691269,3.426263,29.792302,15.93337631225586,0.8353279829025269,431727,0.806728,0.41564,11.54972,937,17.782644
0.050783999264240265,3.184464,30.457231,16.04230308532715,0.8171839714050293,313562,0.948405,0.426143,11.9575,938,18.028226
0.050335999578237534,3.831041,29.732325,15.902015686035156,0.8028799891471863,354547,0.837975,0.419778,11.523336,939,17.746965
0.05113599821925163,2.209971,27.735524,15.9617280960083,0.8063679933547974,476258,0.914925,0.414833,9.380583,940,17.897477
0.052191998809576035,2.623552,32.761574,16.1461124420166,0.8872960209846497,60770,0.911996,0.455983,14.090707,941,18.168489
0.05040000006556511,4.686879,31.965939,16.011167526245117,0.8118399977684021,343934,0.935513,0.44398,13.493567,942,17.983333
0.05167999863624573,2.140299,28.129176,15.999711990356445,0.8116480112075806,54592,0.838881,0.422457,9.798485,943,17.864979
0.05196800082921982,2.145874,30.570599,15.991392135620117,0.8293120265007019,408774,0.867308,0.418113,12.212766,944,17.895916
0.05132799968123436,3.453774,32.847959,16.065120697021484,0.8134719729423523,512929,0.938853,0.429645,14.330296,945,18.042883
0.05152000114321709,2.677983,30.002443,16.04729652404785,0.8488320112228394,11615,0.824086,0.423663,11.600703,946,17.93356
0.05052800104022026,2.66042,29.225184,16.030752182006836,0.8092799782752991,426329,0.944393,0.422137,10.751125,947,18.006081
0.05132799968123436,2.124712,31.544488,15.950207710266113,0.8265920281410217,528977,0.78788,0.427578,13.298184,948,17.776101
0.05097600072622299,3.529124,30.152768,16.095935821533203,0.8090879917144775,402774,0.950761,0.427465,11.605186,949,18.074182
0.05116799846291542,3.035824,30.136774,15.944992065429688,0.8192960023880005,565563,0.795447,0.429975,11.896636,950,17.767699
0.05052800104022026,2.206852,28.8132,16.032255172729492,0.8141760230064392,213593,0.934261,0.428826,10.344741,951,17.994846
0.051072001457214355,2.322395,28.75476,15.958208084106445,0.8444479703903198,347693,0.812435,0.430089,10.459993,952,17.821621
0.05145600065588951,2.973291,32.819149,16.230207443237305,0.8297600150108337,3501,1.000182,0.437174,14.032987,953,18.300086
0.05567999929189682,4.368025,31.297052,15.9900484085083,0.8044480085372925,508730,0.903346,0.427889,12.904784,954,17.919854
0.05100800096988678,3.212266,30.489168,16.022111892700195,0.8177919983863831,176634,0.921452,0.426842,12.037798,955,17.978604
0.05142400041222572,3.169721,29.174504,15.92131233215332,0.8098559975624084,31217,0.849437,0.416611,10.925117,956,17.788934
0.0522879995405674,2.717289,29.909273,16.043615341186523,0.8097919821739197,311180,0.92379,0.424938,11.444204,957,17.995744
0.050655998289585114,2.339288,28.179197,15.942015647888184,0.8010879755020142,551439,0.834799,0.420109,9.930286,958,17.786506
0.05113599821925163,2.160654,30.572032,16.021535873413086,0.8351039886474609,303499,0.896313,0.424377,12.144246,959,17.960198
0.05212799832224846,3.069909,29.797235,16.1627197265625,0.8178240060806274,328286,0.938371,0.437776,11.173654,960,18.139694
0.05116799846291542,2.870434,30.43025,16.0731201171875,0.8826239705085754,84650,0.911671,0.42867,11.861524,961,18.094236
0.050303999334573746,2.096594,28.614862,16.022048950195312,0.8082559704780579,487583,0.901876,0.431758,10.188698,962,17.943286
0.05206400156021118,2.232979,31.553787,16.007328033447266,0.8024960160255432,225757,0.900421,0.434613,13.14802,963,17.926678
0.05097600072622299,2.915692,29.144113,15.972415924072266,0.8025599718093872,16958,0.88522,0.433635,10.800254,964,17.866665
0.05257600173354149,2.418253,28.5543,16.0578556060791,0.8066239953041077,160728,0.928847,0.45431,10.043024,965,18.012207
0.052352000027894974,3.365195,32.597062,16.151103973388672,0.8104959726333618,115245,0.916156,0.4301,14.023105,966,18.097957
0.050303999334573746,1.711345,28.797029,15.94262409210205,0.7885760068893433,83531,0.898372,0.435923,10.475537,967,17.842167
0.050655998289585114,2.033641,31.473841,15.958399772644043,0.8279039859771729,4495,0.790081,0.422286,13.224053,968,17.784292
0.05075199902057648,3.642069,30.063797,16.032352447509766,0.8024960160255432,410428,0.931,0.418685,11.616994,969,17.982033
0.05180799961090088,1.542551,30.990011,15.939007759094238,0.8260800242424011,223747,0.80672,0.422639,12.747046,970,17.777184
0.05084799975156784,2.224768,31.690631,15.963135719299316,0.8525440096855164,212072,0.866875,0.422679,13.328865,971,17.894376
0.05417599901556969,3.964288,31.134632,15.960607528686523,0.8749439716339111,143931,0.890335,0.425805,12.722906,972,17.93831
0.0525440014898777,2.32295,31.120098,16.0350399017334,0.8701760172843933,431545,0.854116,0.417704,12.67179,973,17.985192
0.05167999863624573,3.542631,33.700009,16.179424285888672,0.8589760065078735,374545,1.035931,0.424206,14.922178,974,18.304884
0.05276799947023392,2.290913,31.882313,15.922944068908691,0.7939839959144592,139077,0.89163,0.424212,13.594882,975,17.819559
0.05190400034189224,2.860869,33.237906,16.011680603027344,0.7998719811439514,395180,0.910277,0.43079,14.817981,976,17.942608
0.05222399905323982,2.985462,30.399914,16.12224006652832,0.8935040235519409,460683,0.908439,0.432629,11.770945,977,18.148255
0.05289600044488907,0.48583,28.622031,15.920991897583008,0.8466879725456238,98261,0.875236,0.424765,10.293055,978,17.858303
0.052032001316547394,3.371952,30.125498,16.04956817626953,0.8123840093612671,546219,0.910704,0.431499,11.658322,979,17.992291
0.05167999863624573,3.789674,31.045917,15.969247817993164,0.8363519906997681,423617,0.811899,0.423152,12.752259,980,17.826008
0.05196800082921982,2.849926,30.218243,16.063743591308594,0.8102719783782959,475678,0.945201,0.427395,11.703572,981,18.042059
0.05212799832224846,0.805619,29.981565,15.994144439697266,0.8368639945983887,448263,0.811197,0.426209,11.654846,982,17.856167
0.051552001386880875,2.107624,28.58562,16.067359924316406,0.8150079846382141,378605,0.942503,0.433075,10.066404,983,18.04207
0.050624001771211624,4.685087,34.183036,16.03843116760254,0.7948480248451233,325031,0.922144,0.419989,15.747968,984,17.969078
0.05347200110554695,2.575035,29.540783,15.99071979522705,0.8563519716262817,336209,0.817527,0.452271,11.156029,985,17.884836
0.051552001386880875,3.348618,29.893362,16.01705551147461,0.8273599743843079,332318,0.967299,0.417445,11.406196,986,18.025681
0.05132799968123436,2.935226,33.697021,16.09529685974121,0.8165119886398315,63552,0.950937,0.4304,15.13395,987,18.086804
0.05081599950790405,2.915669,29.393571,16.03971290588379,0.7928959727287292,14473,0.894741,0.415221,10.99102,988,17.941358
0.0514880008995533,3.039728,30.144044,16.049728393554688,0.8285760283470154,87144,0.864306,0.430934,11.71067,989,17.95902
0.05097600072622299,2.164744,31.604772,15.964223861694336,0.8281919956207275,465822,0.798081,0.419301,13.348098,990,17.794674
0.05238400027155876,3.427602,30.073627,16.088735580444336,0.8083199858665466,289938,0.938866,0.420263,11.551821,991,18.056254
0.050624001771211624,3.266814,29.603544,15.883135795593262,0.8278399705886841,304365,0.808988,0.423054,11.416103,992,17.722619
0.051263999193906784,2.057718,32.146062,16.199071884155273,0.8847039937973022,55002,0.90723,0.428089,13.455008,993,18.214581
0.050912000238895416,2.854759,29.217283,16.02092742919922,0.8461440205574036,442822,0.898154,0.43026,10.769819,994,17.974172
0.051231998950242996,1.642449,29.916406,15.93836784362793,0.8434240221977234,309173,0.838921,0.416022,11.624815,995,17.830637
0.05023999884724617,3.373029,32.252027,16.006656646728516,0.8080000281333923,535253,0.942787,0.426705,13.810163,996,17.971692
0.05113599821925163,1.939314,30.917531,15.956831932067871,0.8440960049629211,183716,0.825944,0.423169,12.607294,997,17.843328
0.0504320003092289,1.309923,27.104623,15.976287841796875,0.803712010383606,329614,0.925458,0.428225,8.708527,998,17.923937
0.052000001072883606,3.134417,30.604248,16.008607864379883,0.811519980430603,557501,0.931219,0.432851,12.158545,999,17.969837
