run_id,case_id,policy,arrival_type,rate_multiplier,trace_seed,offered_rate_rps,backend,precision,cohort_throughput_rps_including_drain,completed,completed_measurement_batches,completion_ratio,cpu_measurement_scope,dummy_lane_fraction,failed,generator_lag_p99_ms,goodput_rps,late_completed,latency_p50_ms,latency_p95_ms,latency_p99_ms,loadgen_limited,loop_overrun_after_cap_ms,main_process_cpu_core_equivalents,main_process_cpu_seconds,measurement_seconds,observation_cutoff_ns,observed_seconds_including_drain,offered,ontime,peak_pending,protocol_version,rejected,shared_gpu_jobs_observed,slo_success,steady_window_completion_rps,trace_sha256,unfinished,gpu_peak_allocated_gib,gpu_reserved_gib,pinned_host_mib
v2_A0_burst_rho0.9_seed17-20261009T042449-1763cd95,v2_A0_burst_rho0.9_seed17,A0,burst,0.9,17,150.7998545350627,graph,fp32,153.87237270357983,9237,2400,1.0,main_process_warmup_measurement_drain_and_request_export_excludes_loadgen,0.0051484784407465276,0,0.274034799999967,5.416666666666667,8912,450.456993,875.5968375999998,987.3391256799971,False,0.0,4.429210397808024,317.5608293430005,60,3715885416311846,60.030269487,9237,325,199,2,0,False,0.0351845837393093,153.81666666666666,be75506b3aa64dfd78214f93dd5b7618ef52f07e47d85b64d077ecf957c094c9,0,0.9876527786254883,6.810546875,235.4736328125
v2_A0_burst_rho0.9_seed2026-20261009T043602-527121fc,v2_A0_burst_rho0.9_seed2026,A0,burst,0.9,2026,150.7998545350627,graph,fp32,149.1134578335352,8949,2341,1.0,main_process_warmup_measurement_drain_and_request_export_excludes_loadgen,0.006035639011304849,0,0.30050180000000787,6.133333333333334,8581,442.679084,896.8899288000001,1102.5215561600003,False,0.0,4.315282463291446,309.2948150230004,60,3716558491124036,60.01470377,8949,368,187,2,0,False,0.04112191306291206,149.13333333333333,f28047f28db8c220878886fe0a73bba9002cd4c886d962e4d855589e4dbd564e,0,0.9876527786254883,6.810546875,235.4736328125
v2_A0_burst_rho0.9_seed42-20261010T114429-dd832f15,v2_A0_burst_rho0.9_seed42,A0,burst,0.9,42,150.7998545350627,graph,fp32,151.86666666666667,9112,2359,1.0,main_process_warmup_measurement_drain_and_request_export_excludes_loadgen,0.0052518053080746595,0,0.22015415999999985,5.083333333333333,8807,473.928135,930.90329795,1107.2568460699986,False,0.0,4.441208516550111,317.572277684,60,3828665798647706,60.0,9112,305,187,2,0,False,0.033472344161545216,151.86666666666667,ea557a305412b917aa90f4236cada7e774299c6bfe56102e0001b5b502863c0a,0,0.9876527786254883,5.830078125,235.4736328125
v2_A0_burst_rho1.1_seed17-20261009T162411-e4a98ab3,v2_A0_burst_rho1.1_seed17,A0,burst,1.1,17,184.3109333206322,graph,fp32,154.7202110974331,9620,2405,0.8561765752936988,main_process_warmup_measurement_drain_and_request_export_excludes_loadgen,8.66776458351391e-05,0,0.015637149999999975,0.0,9620,2788.762108,3299.6066641499997,3502.981450399999,False,0.0,4.7194090676854135,348.8526088180006,60,3759047946391150,62.176750741000006,11236,0,512,2,1616,False,0.0,159.4,8b5390d301d8d17d112eb13828abeb9b1e3388e13f8e4b783253ebe47955d967,0,0.9876527786254883,7.005859375,235.4736328125
v2_A0_burst_rho1.1_seed2026-20261009T154759-a2fec172,v2_A0_burst_rho1.1_seed2026,A0,burst,1.1,2026,184.3109333206322,graph,fp32,155.5494169637695,9674,2419,0.8808960116554362,main_process_warmup_measurement_drain_and_request_export_excludes_loadgen,0.0,0,0.012707560000000014,0.0,9674,2760.6161060000004,3380.1562415500002,3701.50570112,False,0.0,4.6566199917656155,344.27616339700035,60,3756875540970264,62.192454262,10982,0,512,2,1308,False,0.0,158.13333333333333,895bcb75009445f59530d45e118f5c504ab28dacd382228c0474c7d799a637e2,0,0.9876527786254883,7.005859375,235.4736328125
v2_A0_burst_rho1.1_seed42-20261010T121940-939f3254,v2_A0_burst_rho1.1_seed42,A0,burst,1.1,42,184.3109333206322,graph,fp32,151.69209531054852,9429,2358,0.844211657265646,main_process_warmup_measurement_drain_and_request_export_excludes_loadgen,0.0,0,0.013067039999999986,0.0,9429,2854.701693,3418.4101504,3656.1553229599995,False,0.0,4.668569214432723,344.9630679789998,60,3830776088414610,62.158809137000006,11169,0,512,2,1740,False,0.0,154.26666666666668,9efffd6da0094fe915ec1496fa376311f47851dc7900db04cd9411ecbae71009,0,0.9876527786254883,6.810546875,235.4736328125
v2_A0_poisson_rho0.9_seed17-20261010T133911-5c8de013,v2_A0_poisson_rho0.9_seed17,A0,poisson,0.9,17,150.7998545350627,graph,fp32,154.005711495532,9260,2644,1.0,main_process_warmup_measurement_drain_and_request_export_excludes_loadgen,0.02279690034240418,0,0.002244049999999999,46.36666666666667,6478,120.7542945,362.5941784499999,505.02666914999986,False,0.0,5.611844511059809,404.1808529640002,60,3835547105525356,60.127640138000004,9260,2782,85,2,0,False,0.30043196544276457,154.25,c09a3c82afffc74b045303765880fe8b27c55d906f340e79f85b585c7a6dded2,0,0.9876527786254883,6.810546875,235.4736328125
v2_A0_poisson_rho0.9_seed2026-20261009T144459-9ea553a7,v2_A0_poisson_rho0.9_seed2026,A0,poisson,0.9,2026,150.7998545350627,graph,fp32,147.87262638458438,8932,2830,1.0,main_process_warmup_measurement_drain_and_request_export_excludes_loadgen,0.03511877037727008,0,0.0022417600000000024,58.21666666666667,5439,111.0973585,266.42038279999974,403.6940816900001,False,0.0,5.418019738788438,390.36850812100056,60,3753095468743273,60.403336428,8932,3493,68,2,0,False,0.39106583072100315,148.28333333333333,f0b27fd95cfd2154ed0e484796726dba8003c075bc7330861a07717f4c6c54dc,0,0.9876527786254883,7.005859375,235.4736328125
v2_A0_poisson_rho0.9_seed42-20261009T143231-a340e292,v2_A0_poisson_rho0.9_seed42,A0,poisson,0.9,42,150.7998545350627,graph,fp32,151.876400336253,9121,2821,1.0,main_process_warmup_measurement_drain_and_request_export_excludes_loadgen,0.03326346486831246,0,0.0028743999999999905,56.333333333333336,5741,112.321892,300.168694,419.7563089999993,False,0.0,5.4193811067866795,390.309777554,60,3752347235649895,60.055413348,9121,3380,72,2,0,False,0.3705734020392501,152.13333333333333,449d1e1ae3b1506d4502aea8af196ffcccb3f3899ad1fec8298ee1128afb7f15,0,0.9876527786254883,7.005859375,235.4736328125
v2_A0_poisson_rho1.1_seed17-20261009T164703-240ac4a5,v2_A0_poisson_rho1.1_seed17,A0,poisson,1.1,17,184.3109333206322,graph,fp32,163.26947421252552,10274,2571,0.9147894221351616,main_process_warmup_measurement_drain_and_request_export_excludes_loadgen,0.0,0,0.0019189000000000124,0.0,10274,2959.5776015,3233.1279764,3370.2657140900005,False,0.0,5.620917295872241,420.0512246619983,60,3760419803548064,62.926643510999995,11231,0,512,2,957,False,0.0,168.13333333333333,08d31b4336f2e0cbf16147b13efd92f6a7b805c36f07070deac3dd1362acc25c,0,0.9876527786254883,7.005859375,235.4736328125
v2_A0_poisson_rho1.1_seed2026-20261009T045353-43a813d6,v2_A0_poisson_rho1.1_seed2026,A0,poisson,1.1,2026,184.3109333206322,graph,fp32,161.87188548685276,10184,2550,0.9275045537340619,main_process_warmup_measurement_drain_and_request_export_excludes_loadgen,0.0009195786657749538,0,0.002142839999999996,0.0,10184,2964.1692544999996,3319.8038881499997,3460.52322757,False,0.0,5.628684624870257,420.07399363400145,60,3717629293899768,62.913951792000006,10980,0,512,2,796,False,0.0,163.53333333333333,6f2f0709f33289b3293ca8702c7d4f304c70608b23b971037275fc4f422e54b0,0,0.9876527786254883,6.810546875,235.4736328125
v2_A0_poisson_rho1.1_seed42-20261010T120951-18115570,v2_A0_poisson_rho1.1_seed42,A0,poisson,1.1,42,184.3109333206322,graph,fp32,157.29100407273577,9902,2479,0.8864816472694718,main_process_warmup_measurement_drain_and_request_export_excludes_loadgen,0.0,0,0.0021537799999999806,0.0,9902,3070.6787525,3436.8071610999996,3655.5952538700003,False,0.0,5.580143888819047,416.9066065099996,60,3830187622768144,62.95337777500001,11170,0,512,2,1268,False,0.0,160.86666666666667,55058b887ff913f83ff6bc204638bbb5d7bdd006e877abe36dc6e4e1dc92c264,0,0.9876527786254883,6.810546875,235.4736328125
v2_C0_burst_rho0.3_seed17-20261009T054632-9251569f,v2_C0_burst_rho0.3_seed17,C0,burst,0.3,17,50.26661817835423,compile,fp32,52.03333333333333,3122,492,1.0,main_process_warmup_measurement_drain_and_request_export_excludes_loadgen,0.03879651623119522,0,0.68877257,6.616666666666666,2725,251.37674600000003,346.89313425,532.91245495,False,0.0,2.1413163335793652,152.03409060000195,60,3720788665498180,60.0,3122,397,53,2,0,False,0.12716207559256887,52.03333333333333,f544f3c5cfad8ce018354af072ed36a3bd3f3f3cab23add1a43373ca3d0ecc8e,0,1.4273920059204102,6.810546875,235.4736328125
v2_C0_burst_rho0.3_seed2026-20261009T050226-7524cc80,v2_C0_burst_rho0.3_seed2026,C0,burst,0.3,2026,50.26661817835423,compile,fp32,50.28333333333333,3017,553,1.0,main_process_warmup_measurement_drain_and_request_export_excludes_loadgen,0.08950939457202448,0,0.6965231600000001,10.6,2381,179.088881,317.4220775999998,349.66409116,False,0.0,1.9649715542852293,139.51885120600127,60,3718142533593996,60.0,3017,636,51,2,0,False,0.2108054358634405,50.28333333333333,1769275a11fe878f5251893d38a92d49b09c8a53a4dd9046479c2bff4e8b3964,0,1.4273920059204102,6.810546875,235.4736328125
v2_C0_burst_rho0.3_seed42-20261010T113948-e133da3f,v2_C0_burst_rho0.3_seed42,C0,burst,0.3,42,50.26661817835423,compile,fp32,50.1,3006,490,1.0,main_process_warmup_measurement_drain_and_request_export_excludes_loadgen,0.04541745988577604,0,0.69670945,7.583333333333333,2551,230.5874635,336.53735225,576.5233869999997,False,0.0,2.100878274793676,149.176792412,60,3828384768044152,60.0,3006,455,57,2,0,False,0.1513639387890885,50.1,d8eb649b0fc92f03c87cb6beed02020559d2259081938a6869dc836e241815c3,0,1.3961420059204102,5.666015625,235.4736328125
v2_C0_burst_rho0.6_seed17-20261009T161709-b513f348,v2_C0_burst_rho0.6_seed17,C0,burst,0.6,17,100.53323635670846,compile,fp32,103.55,6213,876,1.0,main_process_warmup_measurement_drain_and_request_export_excludes_loadgen,0.01983270372369127,0,0.5108436800000115,7.25,5778,351.8459,594.1469569999999,673.14254424,False,0.0,3.204963633694209,228.20012956700157,60,3758625375258439,60.0,6213,435,106,2,0,False,0.0700144857556736,103.55,29de34386c934e2b4e9abdc4c1900606c69874440646383900faedde2ae948b8,0,1.4273920059204102,7.005859375,235.4736328125
v2_C0_burst_rho0.6_seed2026-20261009T040626-9daa052d,v2_C0_burst_rho0.6_seed2026,C0,burst,0.6,2026,100.53323635670846,compile,fp32,98.68333333333334,5921,844,1.0,main_process_warmup_measurement_drain_and_request_export_excludes_loadgen,0.027588168373151464,0,0.5627040000000012,6.15,5552,342.976944,614.52959,710.9177330000001,False,0.0,3.1467404864036412,224.65703826000004,60,3714782850723927,60.0,5921,369,108,2,0,False,0.06232055396047965,98.68333333333334,ed2f113927c5fe25bf1fa52d0505d0c4e15487e5039da542332897befb2c7cd6,0,1.3961420059204102,6.646484375,235.4736328125
v2_C0_burst_rho0.6_seed42-20261010T130953-e7f2770e,v2_C0_burst_rho0.6_seed42,C0,burst,0.6,42,100.53323635670846,compile,fp32,102.63333333333334,6158,860,1.0,main_process_warmup_measurement_drain_and_request_export_excludes_loadgen,0.015566882490701173,0,0.673849770000002,5.0,5858,410.99418249999997,681.58176495,844.0955805600152,False,0.0,3.3627489890437867,240.1368933420017,60,3833788996099134,60.0,6158,300,122,2,0,False,0.04871711594673595,102.63333333333334,0172cfcd8e03c5ca8300f0f3ef437f2b40e177616475ecd809c98cd011c32314,0,1.4273920059204102,6.810546875,235.4736328125
v2_C0_burst_rho0.9_seed17-20261009T042603-40406802,v2_C0_burst_rho0.9_seed17,C0,burst,0.9,17,150.7998545350627,compile,fp32,153.5386915812147,9237,1222,1.0,main_process_warmup_measurement_drain_and_request_export_excludes_loadgen,0.008975180877369694,0,0.18088807999999432,5.0,8937,540.78612,942.8696365999998,1175.1998940399994,False,0.0,4.237146275081063,304.1798507049998,60,3715959341403872,60.160731506000005,9237,300,218,2,0,False,0.03247807729782397,154.6,be75506b3aa64dfd78214f93dd5b7618ef52f07e47d85b64d077ecf957c094c9,0,1.4273920059204102,6.810546875,235.4736328125
v2_C0_burst_rho0.9_seed2026-20261009T044119-4d597f07,v2_C0_burst_rho0.9_seed2026,C0,burst,0.9,2026,150.7998545350627,compile,fp32,149.03745530456274,8949,1183,1.0,main_process_warmup_measurement_drain_and_request_export_excludes_loadgen,0.010679889386859888,0,0.32453076000000775,4.466666666666667,8681,588.845909,994.6886918000004,1259.0853294000003,False,0.0,4.274080304900809,306.4281610500002,60,3716875164190147,60.04530862199999,8949,268,190,2,0,False,0.029947480165381606,148.85,f28047f28db8c220878886fe0a73bba9002cd4c886d962e4d855589e4dbd564e,0,1.4273920059204102,6.810546875,235.4736328125
v2_C0_burst_rho0.9_seed42-20261010T115110-516bb814,v2_C0_burst_rho0.9_seed42,C0,burst,0.9,42,150.7998545350627,compile,fp32,151.86666666666667,9112,1198,1.0,main_process_warmup_measurement_drain_and_request_export_excludes_loadgen,0.008969447818368672,0,0.2981462799999961,3.85,8881,600.318749,1059.2178735499988,1309.0477045499997,False,0.0,4.274746029989655,306.188432832,60,3829066356359152,60.0,9112,231,251,2,0,False,0.02535118525021949,151.86666666666667,ea557a305412b917aa90f4236cada7e774299c6bfe56102e0001b5b502863c0a,0,1.4273920059204102,6.810546875,235.4736328125
v2_C0_burst_rho1.1_seed17-20261009T163141-1cbdf145,v2_C0_burst_rho1.1_seed17,C0,burst,1.1,17,184.3109333206322,compile,fp32,178.23641534535014,10965,1371,0.975881096475614,main_process_warmup_measurement_drain_and_request_export_excludes_loadgen,0.0,0,0.012541499999999916,0.0,10965,2179.98049,2816.1917029999995,3133.6709855600097,False,0.0,4.629840881838505,339.1496473970001,60,3759497273569723,61.519414979000004,11236,0,512,2,271,False,0.0,180.8,8b5390d301d8d17d112eb13828abeb9b1e3388e13f8e4b783253ebe47955d967,0,1.4273920059204102,7.005859375,235.4736328125
v2_C0_burst_rho1.1_seed2026-20261009T153817-fed8a701,v2_C0_burst_rho1.1_seed2026,C0,burst,1.1,2026,184.3109333206322,compile,fp32,174.35883694874298,10722,1341,0.9763248952831907,main_process_warmup_measurement_drain_and_request_export_excludes_loadgen,0.00024019215372297832,0,0.01595478000000003,0.0,10722,2192.587289,2956.7964917,3323.272113099998,False,0.0,4.594460558562488,336.4044508300012,60,3756293347663645,61.493871991999995,10982,0,512,2,260,False,0.0,175.73333333333332,895bcb75009445f59530d45e118f5c504ab28dacd382228c0474c7d799a637e2,0,1.4273920059204102,7.005859375,235.4736328125
v2_C0_burst_rho1.1_seed42-20261010T123104-f36d9d84,v2_C0_burst_rho1.1_seed42,C0,burst,1.1,42,184.3109333206322,compile,fp32,172.8022983037408,10639,1330,0.952547228937237,main_process_warmup_measurement_drain_and_request_export_excludes_loadgen,0.0,0,0.011930079999999996,0.0,10639,2319.486232,3040.7047130000005,3352.043349040002,False,0.0,4.648635571072936,340.7286455409994,60,3831460206897448,61.567468167,11169,0,512,2,530,False,0.0,174.93333333333334,9efffd6da0094fe915ec1496fa376311f47851dc7900db04cd9411ecbae71009,0,1.4273920059204102,6.810546875,235.4736328125
v2_C0_periodic_rho0.3_seed17-20261009T152411-45041507,v2_C0_periodic_rho0.3_seed17,C0,periodic,0.3,17,50.26661817835423,compile,fp32,50.250652653839694,3016,2907,1.0,main_process_warmup_measurement_drain_and_request_export_excludes_loadgen,0.0011353959693443077,0,0.001548649999999999,45.88333333333333,263,57.600286999999994,73.0030065,85.37264004999996,False,0.0,2.254107975009009,161.67914429700068,60,3755447695239935,60.019120961,3016,2753,5,2,0,False,0.9127984084880637,50.266666666666666,b9e212fdb8b354367e79a6f9e8ed4f376177450cb6a1535b6a87dc96e178ac8d,0,1.2083559036254883,7.005859375,235.4736328125
v2_C0_periodic_rho0.3_seed2026-20261010T132248-57dc8ec2,v2_C0_periodic_rho0.3_seed2026,C0,periodic,0.3,2026,50.26661817835423,compile,fp32,50.22317086108263,3016,2954,1.0,main_process_warmup_measurement_drain_and_request_export_excludes_loadgen,0.0005680204487361543,0,0.0017456499999999992,42.06666666666667,492,61.5488705,79.3995795,92.5203804,False,0.0,2.5679059688820858,184.1736603770005,60,3834564333640632,60.051963033999996,3016,2524,6,2,0,False,0.8368700265251989,50.266666666666666,9d899d12611723176fa824b30a93542dd88c91e759a2baa5804d025867d15b2d,0,1.2083559036254883,6.810546875,235.4736328125
v2_C0_periodic_rho0.3_seed42-20261009T054406-baaaa908,v2_C0_periodic_rho0.3_seed42,C0,periodic,0.3,42,50.26661817835423,compile,fp32,50.22169452450172,3016,2870,1.0,main_process_warmup_measurement_drain_and_request_export_excludes_loadgen,0.0028336639274582024,0,0.0015725999999999987,40.833333333333336,566,62.551756,87.22603975,110.6614805999999,False,0.0,2.621208886512249,188.00408683500063,60,3720642099184723,60.053728344999996,3016,2450,6,2,0,False,0.8123342175066313,50.233333333333334,aa855238018031ee002552d6a3047acb9ae188fc32e75d168cc348cb5da30301,0,1.2083559036254883,6.810546875,235.4736328125
v2_C0_periodic_rho0.6_seed17-20261009T155915-0d36e0df,v2_C0_periodic_rho0.6_seed17,C0,periodic,0.6,17,100.53323635670846,compile,fp32,100.40685471757847,6032,2089,1.0,main_process_warmup_measurement_drain_and_request_export_excludes_loadgen,0.16591609386110753,0,0.001558449999999998,42.93333333333333,3456,115.5114015,152.04240385,174.10663794999994,False,0.0,4.50347221013798,323.65784742300093,60,3757551868508115,60.075579669999996,6032,2576,18,2,0,False,0.4270557029177719,100.56666666666666,29da8ce27517b2a8e82e042e0e8e20fd3c5efe55eca3ff73aec2ec02c266c48d,0,1.4273920059204102,7.005859375,235.4736328125
v2_C0_periodic_rho0.6_seed2026-20261009T051723-2d4c2c75,v2_C0_periodic_rho0.6_seed2026,C0,periodic,0.6,2026,100.53323635670846,compile,fp32,100.41929111766761,6032,2583,1.0,main_process_warmup_measurement_drain_and_request_export_excludes_loadgen,0.12744854946691117,0,0.002841,47.96666666666667,3154,100.763953,137.86363545,151.44105636999996,False,0.0,4.5091209764466855,323.8763272080014,60,3719039679366203,60.068139626000004,6032,2878,15,2,0,False,0.4771220159151194,100.6,bf039de12a7b8a965986ec3b131087898d7a79085d1b02dffccda7c0506fc496,0,1.4271059036254883,6.810546875,235.4736328125
v2_C0_periodic_rho0.6_seed42-20261009T141818-7c8feb49,v2_C0_periodic_rho0.6_seed42,C0,periodic,0.6,42,100.53323635670846,compile,fp32,100.41394451215483,6032,2180,1.0,main_process_warmup_measurement_drain_and_request_export_excludes_loadgen,0.1742344244984178,0,0.002253519999999997,46.21666666666667,3259,109.5973045,141.7362597,156.18437646999996,False,0.0,4.5918814572643205,330.1526122949999,60,3751494109076567,60.071337993,6032,2773,15,2,0,False,0.45971485411140584,100.51666666666667,d5b52ee89e82c90a4e95c69f9e643fd3fb9d2309b6c0dddcf00a956904d8faca,0,1.4273920059204102,7.005859375,235.4736328125
v2_C0_periodic_rho0.9_seed17-20261010T120303-677d945c,v2_C0_periodic_rho0.9_seed17,C0,periodic,0.9,17,150.7998545350627,compile,fp32,150.54454147190054,9048,1366,1.0,main_process_warmup_measurement_drain_and_request_export_excludes_loadgen,0.12055319503456903,0,0.0018490600000000013,19.05,7905,309.9966945,1911.1833977999997,2092.04453124,False,0.0,5.6358555266481565,405.7122909910004,60,3829779051573492,60.101813799,9048,1143,314,2,0,False,0.1263262599469496,150.68333333333334,bee2f9be04d0d1bdeaea7583177e33eb7bcb91f52f59c0f32f6158dfda772148,0,1.4273920059204102,6.810546875,235.4736328125
v2_C0_periodic_rho0.9_seed2026-20261010T123537-16f45249,v2_C0_periodic_rho0.9_seed2026,C0,periodic,0.9,2026,150.7998545350627,compile,fp32,143.53889905037462,8926,1147,0.9865163572060124,main_process_warmup_measurement_drain_and_request_export_excludes_loadgen,0.01982151244715814,0,0.0017275300000000006,5.3,8608,1495.6849505,3526.0714575,3820.4885919999997,False,0.0,5.522926464412531,407.848330371,60,3831733920015530,62.185233822,9048,318,512,2,122,False,0.035145888594164454,140.81666666666666,123e6206f2bf72ecb28daaa631f449e9a1b416d34a99a9127e4ad7085ee0f731,0,1.4273920059204102,6.810546875,235.4736328125
v2_C0_periodic_rho0.9_seed42-20261009T141347-8c931033,v2_C0_periodic_rho0.9_seed42,C0,periodic,0.9,42,150.7998545350627,compile,fp32,150.53818369235486,9048,1366,1.0,main_process_warmup_measurement_drain_and_request_export_excludes_loadgen,0.12853958556921202,0,0.002367060000000001,19.383333333333333,7885,317.5245545,1846.2282014,1926.9113191600002,False,0.0,5.639901115680462,406.20798308400026,60,3751223901964207,60.104352119,9048,1163,289,2,0,False,0.12853669319186561,150.9,3181830f4a2c00ba7582158261508b43c771e9346d392495d8a61cd8c5beae23,0,1.4273920059204102,7.005859375,235.4736328125
v2_C0_periodic_rho1.1_seed17-20261010T124758-c0183e16,v2_C0_periodic_rho1.1_seed17,C0,periodic,1.1,17,184.3109333206322,compile,fp32,146.21366437008916,9093,1137,0.8223005968529571,main_process_warmup_measurement_drain_and_request_export_excludes_loadgen,0.00027713625866050814,0,0.0017484300000000003,0.0,9093,3372.027798,3933.0194862000003,4059.82292848,False,0.0,5.656522006955838,418.01307110000016,60,3832474720791993,62.189809955,11058,0,510,2,1965,False,0.0,151.46666666666667,21f7d045303ea44a36575a367db9c07af76ca7f2612d5c7caa71ee4005c64178,0,1.4273920059204102,6.810546875,235.4736328125
v2_C0_periodic_rho1.1_seed2026-20261009T145411-4b322084,v2_C0_periodic_rho1.1_seed2026,C0,periodic,1.1,2026,184.3109333206322,compile,fp32,181.01701920695223,10880,1475,0.9839030566105986,main_process_warmup_measurement_drain_and_request_export_excludes_loadgen,0.061582712589422904,0,0.0014774300000000003,22.216666666666665,9547,559.189295,3141.278675399999,3273.7522005799997,False,0.0,5.832319748895634,420.62872620800044,60,3753647584245720,60.104845653,11058,1333,505,2,178,False,0.12054621088804486,181.66666666666666,1e435436bbf72295a5be78a7ca0970540b424350d6bcb0f1d8f1b98603e62cbc,0,1.4273920059204102,7.005859375,235.4736328125
v2_C0_periodic_rho1.1_seed42-20261009T041859-b7a600cd,v2_C0_periodic_rho1.1_seed42,C0,periodic,1.1,42,184.3109333206322,compile,fp32,154.704198660765,9628,1204,0.8706818592873937,main_process_warmup_measurement_drain_and_request_export_excludes_loadgen,0.009583009583009538,0,0.0024921500000000016,0.0,9628,3094.39391,3578.555597,3641.8243386399995,False,0.0,5.665493558578128,419.06108287100005,60,3715535606378662,62.234897845999996,11058,0,512,2,1430,False,0.0,158.8,47594d920731da0f47d68901837cc6b5b15ba3e39fb049533712a0a381477fd9,0,1.4273920059204102,6.810546875,235.4736328125
v2_C0_poisson_rho0.3_seed17-20261009T151301-1d3fe222,v2_C0_poisson_rho0.3_seed17,C0,poisson,0.3,17,50.26661817835423,compile,fp32,52.010031703574995,3123,2466,1.0,main_process_warmup_measurement_drain_and_request_export_excludes_loadgen,0.04512067156348364,0,0.0016807799999999998,35.916666666666664,968,68.616915,107.8060306,126.66835853999999,False,0.0,2.562660258208773,183.79794881900125,60,3754777580428953,60.04610837,3123,2155,13,2,0,False,0.6900416266410503,52.083333333333336,f58f3fdba9c82b5ffdd3f93aea74f89d0419d5e0a7644d7145e88671637a541b,0,1.4273920059204102,7.005859375,235.4736328125
v2_C0_poisson_rho0.3_seed2026-20261009T153522-6fbe2a32,v2_C0_poisson_rho0.3_seed2026,C0,poisson,0.3,2026,50.26661817835423,compile,fp32,50.172343729182785,3013,2249,1.0,main_process_warmup_measurement_drain_and_request_export_excludes_loadgen,0.05516304347826086,0,0.0017754400000000014,33.25,1018,73.14167,123.17192240000001,142.02908904000003,False,0.0,2.490988051864383,178.71338003500023,60,3756118846870897,60.053004824,3013,1995,15,2,0,False,0.6621307666777299,50.2,ac50fe51a46f4d1881e84280fb8a64c542ca20bd6ebc3cb74dbf10797fcd4dc0,0,1.4272494316101074,7.005859375,235.4736328125
v2_C0_poisson_rho0.3_seed42-20261009T160501-0d7572a3,v2_C0_poisson_rho0.3_seed42,C0,poisson,0.3,42,50.26661817835423,compile,fp32,49.79072977507369,2990,2201,1.0,main_process_warmup_measurement_drain_and_request_export_excludes_loadgen,0.054909385988639224,0,0.0026671000000000012,33.71666666666667,967,72.234409,122.99939964999999,143.94043072000002,False,0.0,2.453038066378199,175.9139703639994,60,3757897035963291,60.051339145,2990,2023,16,2,0,False,0.6765886287625418,49.833333333333336,63ad26e040f24f4b069f84bbf0fb22021db3a0c49f0dbf99114a5232f592a41f,0,1.4271059036254883,7.005859375,235.4736328125
v2_C0_poisson_rho0.6_seed17-20261010T125522-b1fdd49d,v2_C0_poisson_rho0.6_seed17,C0,poisson,0.6,17,100.53323635670846,compile,fp32,103.5514055732291,6220,2604,1.0,main_process_warmup_measurement_drain_and_request_export_excludes_loadgen,0.15228544776119401,0,0.002309099999999995,49.86666666666667,3228,103.64854500000001,151.94171029999998,173.47256321999987,False,0.0,4.4428474069861394,319.01625200799936,60,3832918459765365,60.066784854999995,6220,2992,34,2,0,False,0.4810289389067524,103.66666666666667,45420eb30d1219a26a90ed0186358623896e695612ab698074625890a50eb911,0,1.4273920059204102,6.810546875,235.4736328125
v2_C0_poisson_rho0.6_seed2026-20261009T060710-0867146a,v2_C0_poisson_rho0.6_seed2026,C0,poisson,0.6,2026,100.53323635670846,compile,fp32,98.57864093611659,5919,2819,1.0,main_process_warmup_measurement_drain_and_request_export_excludes_loadgen,0.12715434699349598,0,0.001654459999999999,49.333333333333336,2959,97.436867,151.49332940000002,186.65358727999998,False,0.0,4.3400773897077825,311.41984475,60,3722025960467547,60.043432773999996,5919,2960,31,2,0,False,0.5000844737286704,98.71666666666667,ee5d0b9338e084c7fbe3b0ad729d9957c3b80cffb625f4f8c26c319377632b88,0,1.3648920059204102,5.501953125,235.4736328125
v2_C0_poisson_rho0.6_seed42-20261009T052315-b4f98ea5,v2_C0_poisson_rho0.6_seed42,C0,poisson,0.6,42,100.53323635670846,compile,fp32,102.30719892744415,6150,2808,1.0,main_process_warmup_measurement_drain_and_request_export_excludes_loadgen,0.14117364117364462,0,0.0017637700000000059,50.63333333333333,3112,99.024831,154.75925475,193.86323531,False,0.0,4.473281892157453,321.36571907600046,60,3719391757043623,60.113071851,6150,3038,31,2,0,False,0.49398373983739835,102.25,3550708f2c46335e73bf67984a62a283e062b3554793ac2a3eb5cf3111e975cf,0,1.4273920059204102,6.810546875,235.4736328125
v2_C0_poisson_rho0.9_seed17-20261010T133151-27ba08de,v2_C0_poisson_rho0.9_seed17,C0,poisson,0.9,17,150.7998545350627,compile,fp32,152.91422346659198,9214,1245,0.9950323974082074,main_process_warmup_measurement_drain_and_request_export_excludes_loadgen,0.022626482034573184,0,0.0017062299999999996,7.416666666666667,8769,928.9560015,3234.35322725,3358.1736991300004,False,0.0,5.59821890516511,403.4375291899996,60,3835107361537487,60.25600360200001,9260,445,512,2,46,False,0.048056155507559394,160.53333333333333,c09a3c82afffc74b045303765880fe8b27c55d906f340e79f85b585c7a6dded2,0,1.4273920059204102,6.810546875,235.4736328125
v2_C0_poisson_rho0.9_seed2026-20261009T144614-34f4d83e,v2_C0_poisson_rho0.9_seed2026,C0,poisson,0.9,2026,150.7998545350627,compile,fp32,148.57054187475651,8932,1758,1.0,main_process_warmup_measurement_drain_and_request_export_excludes_loadgen,0.13998671537693871,0,0.001457760000000002,39.36666666666667,6570,152.1151285,342.3887046499985,452.5640129300002,False,0.0,5.44811035596563,392.526680125,60,3753169982177577,60.119589571999995,8932,2362,69,2,0,False,0.2644424540976265,148.71666666666667,f0b27fd95cfd2154ed0e484796726dba8003c075bc7330861a07717f4c6c54dc,0,1.4273920059204102,7.005859375,235.4736328125
v2_C0_poisson_rho0.9_seed42-20261009T142759-23170a11,v2_C0_poisson_rho0.9_seed42,C0,poisson,0.9,42,150.7998545350627,compile,fp32,151.83476931399903,9121,1511,1.0,main_process_warmup_measurement_drain_and_request_export_excludes_loadgen,0.0870126516911958,0,0.0027613999999999833,26.483333333333334,7532,194.704127,1555.447512,1679.9607487999997,False,0.0,5.499024402260203,396.027276326,60,3752075167669560,60.071879722999995,9121,1589,276,2,0,False,0.17421335379892555,152.18333333333334,449d1e1ae3b1506d4502aea8af196ffcccb3f3899ad1fec8298ee1128afb7f15,0,1.4273920059204102,7.005859375,235.4736328125
v2_C0_poisson_rho1.1_seed17-20261009T163835-cbd9c72e,v2_C0_poisson_rho1.1_seed17,C0,poisson,1.1,17,184.3109333206322,compile,fp32,164.00941892370233,10202,1276,0.9083785949603775,main_process_warmup_measurement_drain_and_request_export_excludes_loadgen,8.250144377526605e-05,0,0.0015904000000000014,0.0,10202,2803.6190975,3529.4972266,3801.82565834,False,0.0,5.631786580489192,416.316182175,60,3759911518926953,62.203744559,11231,0,512,2,1029,False,0.0,167.06666666666666,08d31b4336f2e0cbf16147b13efd92f6a7b805c36f07070deac3dd1362acc25c,0,1.4273920059204102,7.005859375,235.4736328125
v2_C0_poisson_rho1.1_seed2026-20261009T044832-812e1698,v2_C0_poisson_rho1.1_seed2026,C0,poisson,1.1,2026,184.3109333206322,compile,fp32,176.62412431479504,10707,1384,0.975136612021858,main_process_warmup_measurement_drain_and_request_export_excludes_loadgen,0.013262388818297135,0,0.001848,6.633333333333334,10309,1137.209951,3331.7095113999994,3653.4046262600014,False,0.0,5.744358660700346,417.376004411999,60,3717308632793881,60.620258085,10980,398,510,2,273,False,0.036247723132969034,184.33333333333334,6f2f0709f33289b3293ca8702c7d4f304c70608b23b971037275fc4f422e54b0,0,1.4273920059204102,6.810546875,235.4736328125
v2_C0_poisson_rho1.1_seed42-20261010T121109-d97d03a2,v2_C0_poisson_rho1.1_seed42,C0,poisson,1.1,42,184.3109333206322,compile,fp32,165.79720535225977,10311,1290,0.9230975828111012,main_process_warmup_measurement_drain_and_request_export_excludes_loadgen,0.0005778438170711571,0,0.00224688999999999,0.0,10311,2213.663739,3650.621096,4052.0747443,False,0.0,5.619482800207236,415.76163380100024,60,3830265367222802,62.190433053999996,11170,0,512,2,859,False,0.0,169.33333333333334,55058b887ff913f83ff6bc204638bbb5d7bdd006e877abe36dc6e4e1dc92c264,0,1.4273920059204102,6.810546875,235.4736328125
v2_D0_burst_rho0.3_seed17-20261009T054745-7eccf955,v2_D0_burst_rho0.3_seed17,D0,burst,0.3,17,50.26661817835423,graph,fp32,52.03333333333333,3122,3014,1.0,main_process_warmup_measurement_drain_and_request_export_excludes_loadgen,0.0,0,0.70163873,5.1,2816,204.900353,433.72961215,516.37345979,False,0.0,2.1734397051045327,154.3931095400003,60,3720861552466248,60.0,3122,306,52,2,0,False,0.0980140935297886,52.03333333333333,f544f3c5cfad8ce018354af072ed36a3bd3f3f3cab23add1a43373ca3d0ecc8e,0,0.9876527786254883,6.810546875,235.4736328125
v2_D0_burst_rho0.3_seed2026-20261009T051057-485778d3,v2_D0_burst_rho0.3_seed2026,D0,burst,0.3,2026,50.26661817835423,graph,fp32,50.28333333333333,3017,2904,1.0,main_process_warmup_measurement_drain_and_request_export_excludes_loadgen,0.0,0,0.6920794000000001,5.533333333333333,2685,180.471127,400.6273796,489.9932663200004,False,0.0,2.083733145790901,147.8080481149991,60,3718653036122304,60.0,3017,332,49,2,0,False,0.11004308916141863,50.28333333333333,1769275a11fe878f5251893d38a92d49b09c8a53a4dd9046479c2bff4e8b3964,0,0.9876527786254883,6.810546875,235.4736328125
v2_D0_burst_rho0.3_seed42-20261009T164821-239ae293,v2_D0_burst_rho0.3_seed42,D0,burst,0.3,42,50.26661817835423,graph,fp32,50.1,3006,2872,1.0,main_process_warmup_measurement_drain_and_request_export_excludes_loadgen,0.0,0,0.6819396999999999,6.083333333333333,2641,184.81012950000002,420.4790655,468.2342815999999,False,0.0,2.045000566872964,145.22163088100206,60,3760497287263489,60.0,3006,365,55,2,0,False,0.12142381902860945,50.1,d8eb649b0fc92f03c87cb6beed02020559d2259081938a6869dc836e241815c3,0,0.9876527786254883,7.005859375,235.4736328125
v2_D0_burst_rho0.6_seed17-20261009T162007-e140d185,v2_D0_burst_rho0.6_seed17,D0,burst,0.6,17,100.53323635670846,graph,fp32,100.69235829757622,6213,6213,1.0,main_process_warmup_measurement_drain_and_request_export_excludes_loadgen,0.0,0,0.5535270000000002,0.0,6213,1813.958071,2794.7336522,2976.2682610399997,False,0.0,3.4842926113659156,255.45943656300005,60,3758803042956750,61.702795574999996,6213,0,314,2,0,False,0.0,100.85,29de34386c934e2b4e9abdc4c1900606c69874440646383900faedde2ae948b8,0,0.9876527786254883,7.005859375,235.4736328125
v2_D0_burst_rho0.6_seed2026-20261009T040911-4b997e55,v2_D0_burst_rho0.6_seed2026,D0,burst,0.6,2026,100.53323635670846,graph,fp32,98.28841913102714,5921,5846,1.0,main_process_warmup_measurement_drain_and_request_export_excludes_loadgen,0.0,0,0.628094800000003,3.216666666666667,5728,471.228949,924.758837,1081.123754,False,0.0,3.2950735514857254,236.58591076200014,60,3714947269149317,60.24107471000001,5921,193,117,2,0,False,0.03259584529640264,98.25,ed2f113927c5fe25bf1fa52d0505d0c4e15487e5039da542332897befb2c7cd6,0,0.9564027786254883,6.646484375,235.4736328125
v2_D0_burst_rho0.6_seed42-20261010T131337-6bf4eafa,v2_D0_burst_rho0.6_seed42,D0,burst,0.6,42,100.53323635670846,graph,fp32,101.04776362268633,6158,6144,1.0,main_process_warmup_measurement_drain_and_request_export_excludes_loadgen,0.0,0,0.6672148400000021,0.5166666666666667,6127,888.0298415,1727.8306729999995,1856.4974684200001,False,0.0,3.405391205994318,247.13306246299908,60,3834013668469220,60.941477369,6158,31,200,2,0,False,0.005034101981162715,101.0,0172cfcd8e03c5ca8300f0f3ef437f2b40e177616475ecd809c98cd011c32314,0,0.9876527786254883,6.810546875,235.4736328125
v2_D0_burst_rho0.9_seed17-20261009T042332-89aea766,v2_D0_burst_rho0.9_seed17,D0,burst,0.9,17,150.7998545350627,graph,fp32,92.31863633311418,5883,5883,0.636895095810328,main_process_warmup_measurement_drain_and_request_export_excludes_loadgen,0.0,0,0.15267131999998726,0.0,5883,4796.915978,5352.286127300001,5464.3428918399995,False,0.0,3.5724304689012305,269.2399735979998,60,3715807970635154,63.724944753,9237,0,512,2,3354,False,0.0,98.03333333333333,be75506b3aa64dfd78214f93dd5b7618ef52f07e47d85b64d077ecf957c094c9,0,0.9876527786254883,6.810546875,235.4736328125
v2_D0_burst_rho0.9_seed2026-20261009T044001-f3db8942,v2_D0_burst_rho0.9_seed2026,D0,burst,0.9,2026,150.7998545350627,graph,fp32,89.812615061211,5720,5720,0.6391775617387417,main_process_warmup_measurement_drain_and_request_export_excludes_loadgen,0.0,0,0.2636136400000009,0.0,5720,4917.891275,5486.1411828,5554.46330952,False,0.0,3.5151214456501543,264.8437444279998,60,3716797769758058,63.688157794999995,8949,0,512,2,3229,False,0.0,95.45,f28047f28db8c220878886fe0a73bba9002cd4c886d962e4d855589e4dbd564e,0,0.9876527786254883,6.810546875,235.4736328125
v2_D0_burst_rho0.9_seed42-20261010T114819-1e36fb9c,v2_D0_burst_rho0.9_seed42,D0,burst,0.9,42,150.7998545350627,graph,fp32,92.59253925469037,5896,5896,0.6470588235294118,main_process_warmup_measurement_drain_and_request_export_excludes_loadgen,0.0,0,0.22310066999999942,0.0,5896,4790.518711000001,5341.07720125,5418.18670495,False,0.0,3.591153392941926,270.64481064899996,60,3828895634757607,63.676836681,9112,0,512,2,3216,False,0.0,98.25,ea557a305412b917aa90f4236cada7e774299c6bfe56102e0001b5b502863c0a,0,0.9876527786254883,6.810546875,235.4736328125
v2_D0_burst_rho1.1_seed17-20261009T162843-0b39093a,v2_D0_burst_rho1.1_seed17,D0,burst,1.1,17,184.3109333206322,graph,fp32,93.35614020718346,5944,5944,0.5290138839444642,main_process_warmup_measurement_drain_and_request_export_excludes_loadgen,0.0,0,0.0137203,0.0,5944,4769.1356025000005,5321.1302835999995,5502.366129739999,False,0.0,3.573894280147632,269.5454090610001,60,3759319306360817,63.67015588700001,11236,0,512,2,5292,False,0.0,99.1,8b5390d301d8d17d112eb13828abeb9b1e3388e13f8e4b783253ebe47955d967,0,0.9876527786254883,7.005859375,235.4736328125
v2_D0_burst_rho1.1_seed2026-20261009T154222-1b65d991,v2_D0_burst_rho1.1_seed2026,D0,burst,1.1,2026,184.3109333206322,graph,fp32,92.70484645607056,5904,5904,0.5376069932617009,main_process_warmup_measurement_drain_and_request_export_excludes_loadgen,0.0,0,0.014882180000000165,0.0,5904,4793.369866,5345.94391695,5471.234919240001,False,0.0,3.5692760658097695,269.1671437160003,60,3756538636019378,63.685990816,10982,0,512,2,5078,False,0.0,98.36666666666666,895bcb75009445f59530d45e118f5c504ab28dacd382228c0474c7d799a637e2,0,0.9876527786254883,7.005859375,235.4736328125
v2_D0_burst_rho1.1_seed42-20261010T122215-fb4888b8,v2_D0_burst_rho1.1_seed42,D0,burst,1.1,42,184.3109333206322,graph,fp32,92.28570381414276,5872,5872,0.5257408899632913,main_process_warmup_measurement_drain_and_request_export_excludes_loadgen,0.0,0,0.019586239999999887,0.0,5872,4813.4835,5384.13299775,5468.592212019999,False,0.0,3.554479534758579,267.76721401600025,60,3830931069217894,63.628490192,11169,0,512,2,5297,False,0.0,97.91666666666667,9efffd6da0094fe915ec1496fa376311f47851dc7900db04cd9411ecbae71009,0,0.9876527786254883,6.810546875,235.4736328125
v2_D0_periodic_rho0.3_seed17-20261009T151415-f4dc68f7,v2_D0_periodic_rho0.3_seed17,D0,periodic,0.3,17,50.26661817835423,graph,fp32,50.23903253108194,3016,3009,1.0,main_process_warmup_measurement_drain_and_request_export_excludes_loadgen,0.0,0,0.0014069499999999993,48.81666666666667,87,54.714423,66.1644445,73.64008605,False,0.0,2.310992691235238,165.84582462399885,60,3754851753683914,60.033003186,3016,2929,4,2,0,False,0.9711538461538461,50.25,b9e212fdb8b354367e79a6f9e8ed4f376177450cb6a1535b6a87dc96e178ac8d,0,0.9876527786254883,7.005859375,235.4736328125
v2_D0_periodic_rho0.3_seed2026-20261010T131750-0700ae2f,v2_D0_periodic_rho0.3_seed2026,D0,periodic,0.3,2026,50.26661817835423,graph,fp32,50.229211883568205,3016,2999,1.0,main_process_warmup_measurement_drain_and_request_export_excludes_loadgen,0.0,0,0.0018583999999999996,48.583333333333336,101,53.5988375,66.75603,77.55260729999996,False,0.0,2.2941749910211655,164.62912853299713,60,3834266449648042,60.04474063799999,3016,2915,5,2,0,False,0.9665119363395226,50.28333333333333,9d899d12611723176fa824b30a93542dd88c91e759a2baa5804d025867d15b2d,0,0.9876527786254883,6.810546875,235.4736328125
v2_D0_periodic_rho0.3_seed42-20261009T053720-d37d0737,v2_D0_periodic_rho0.3_seed42,D0,periodic,0.3,42,50.26661817835423,graph,fp32,50.23876857190444,3016,3004,1.0,main_process_warmup_measurement_drain_and_request_export_excludes_loadgen,0.0,0,0.0027527999999999993,49.65,37,52.212045,63.30326575,70.42959234999994,False,0.0,2.1870884473195424,156.9172517019997,60,3720236208142144,60.033318605000005,3016,2979,4,2,0,False,0.9877320954907162,50.28333333333333,aa855238018031ee002552d6a3047acb9ae188fc32e75d168cc348cb5da30301,0,0.9876527786254883,6.810546875,235.4736328125
v2_D0_periodic_rho0.6_seed17-20261009T155801-a36917a1,v2_D0_periodic_rho0.6_seed17,D0,periodic,0.6,17,100.53323635670846,graph,fp32,100.43682633218398,6032,5728,1.0,main_process_warmup_measurement_drain_and_request_export_excludes_loadgen,0.0,0,0.0023427599999999984,77.85,1361,64.7631915,81.3720017,92.99943505999997,False,0.0,4.447946276337855,319.6905997569993,60,3757476929625787,60.057652360000006,6032,4671,11,2,0,False,0.7743700265251989,100.53333333333333,29da8ce27517b2a8e82e042e0e8e20fd3c5efe55eca3ff73aec2ec02c266c48d,0,0.9876527786254883,7.005859375,235.4736328125
v2_D0_periodic_rho0.6_seed2026-20261009T051210-60930fcd,v2_D0_periodic_rho0.6_seed2026,D0,periodic,0.6,2026,100.53323635670846,graph,fp32,100.44690411778939,6032,5684,1.0,main_process_warmup_measurement_drain_and_request_export_excludes_loadgen,0.0,0,0.0021490599999999705,85.56666666666666,898,62.343911500000004,76.45204735,85.27997979999999,False,0.0,4.21649511180706,303.0582074369995,60,3718726002508139,60.051626807000005,6032,5134,9,2,0,False,0.8511273209549072,100.55,bf039de12a7b8a965986ec3b131087898d7a79085d1b02dffccda7c0506fc496,0,0.9876527786254883,6.810546875,235.4736328125
v2_D0_periodic_rho0.6_seed42-20261009T142345-b9f51d01,v2_D0_periodic_rho0.6_seed42,D0,periodic,0.6,42,100.53323635670846,graph,fp32,100.44712669790864,6032,5756,1.0,main_process_warmup_measurement_drain_and_request_export_excludes_loadgen,0.0,0,0.002326729999999993,82.38333333333334,1089,63.2768065,78.1736351,87.23789982,False,0.0,4.376553045505771,314.70520755000007,60,3751821697169700,60.051493738999994,6032,4943,9,2,0,False,0.8194628647214854,100.55,d5b52ee89e82c90a4e95c69f9e643fd3fb9d2309b6c0dddcf00a956904d8faca,0,0.9876527786254883,7.005859375,235.4736328125
v2_D0_periodic_rho0.9_seed17-20261010T120010-302c08dc,v2_D0_periodic_rho0.9_seed17,D0,periodic,0.9,17,150.7998545350627,graph,fp32,104.76208409559081,6744,6744,0.7453580901856764,main_process_warmup_measurement_drain_and_request_export_excludes_loadgen,0.0,0,0.0017486500000000033,0.0,6744,4521.755226,4710.97035505,4795.7236771,False,0.0,4.922030384619048,374.70736770600024,60,3829606632868837,64.374435257,9048,0,512,2,2304,False,0.0,112.4,bee2f9be04d0d1bdeaea7583177e33eb7bcb91f52f59c0f32f6158dfda772148,0,0.9876527786254883,6.810546875,235.4736328125
v2_D0_periodic_rho0.9_seed2026-20261010T123838-e706ddd1,v2_D0_periodic_rho0.9_seed2026,D0,periodic,0.9,2026,150.7998545350627,graph,fp32,102.80608045145522,6624,6624,0.7320954907161804,main_process_warmup_measurement_drain_and_request_export_excludes_loadgen,0.0,0,0.0027680600000000014,0.0,6624,4629.4452045,4812.6200241999995,4867.56224029,False,0.0,4.856211850646567,369.8675428100014,60,3831914715786995,64.431986619,9048,0,512,2,2424,False,0.0,109.98333333333333,123e6206f2bf72ecb28daaa631f449e9a1b416d34a99a9127e4ad7085ee0f731,0,0.9876527786254883,6.810546875,235.4736328125
v2_D0_periodic_rho0.9_seed42-20261009T140510-78a91eef,v2_D0_periodic_rho0.9_seed42,D0,periodic,0.9,42,150.7998545350627,graph,fp32,106.84296440201047,6878,6878,0.7601679929266136,main_process_warmup_measurement_drain_and_request_export_excludes_loadgen,0.0,0,0.00158,0.0,6878,4469.88423,4651.564818399999,4696.6092430399995,False,0.0,4.918951598205416,374.63911352599996,60,3750706818023809,64.374851807,9048,0,512,2,2170,False,0.0,113.56666666666666,3181830f4a2c00ba7582158261508b43c771e9346d392495d8a61cd8c5beae23,0,0.9564027786254883,5.6640625,235.4736328125
v2_D0_periodic_rho1.1_seed17-20261010T125403-578c4cfe,v2_D0_periodic_rho1.1_seed17,D0,periodic,1.1,17,184.3109333206322,graph,fp32,104.20098173563247,6708,6708,0.6066196418882257,main_process_warmup_measurement_drain_and_request_export_excludes_loadgen,0.0,0,0.0016998600000000005,0.0,6708,4545.0076085,4813.29339645,4950.58855632,False,0.0,4.86604593941296,370.6224542230011,60,3832839491246524,64.375593092,11058,0,512,2,4350,False,0.0,111.8,21f7d045303ea44a36575a367db9c07af76ca7f2612d5c7caa71ee4005c64178,0,0.9876527786254883,6.810546875,235.4736328125
v2_D0_periodic_rho1.1_seed2026-20261009T145710-fe783759,v2_D0_periodic_rho1.1_seed2026,D0,periodic,1.1,2026,184.3109333206322,graph,fp32,105.27320100046259,6777,6777,0.6128594682582745,main_process_warmup_measurement_drain_and_request_export_excludes_loadgen,0.0,0,0.0022328700000000027,0.0,6777,4517.631623,4706.6269802,4766.95634308,False,0.0,4.876019350385367,371.2594000019999,60,3753826740728478,64.375357979,11058,0,512,2,4281,False,0.0,112.95,1e435436bbf72295a5be78a7ca0970540b424350d6bcb0f1d8f1b98603e62cbc,0,0.9876527786254883,7.005859375,235.4736328125
v2_D0_periodic_rho1.1_seed42-20261009T041741-b372f057,v2_D0_periodic_rho1.1_seed42,D0,periodic,1.1,42,184.3109333206322,graph,fp32,105.16918879203541,6770,6770,0.6122264423946464,main_process_warmup_measurement_drain_and_request_export_excludes_loadgen,0.0,0,0.002525290000000001,0.0,6770,4508.6410295000005,4694.94021105,4741.076264949999,False,0.0,4.875771337826827,371.489578187,60,3715457362085583,64.372465717,11058,0,512,2,4288,False,0.0,112.85,47594d920731da0f47d68901837cc6b5b15ba3e39fb049533712a0a381477fd9,0,0.9876527786254883,6.810546875,235.4736328125
v2_D0_poisson_rho0.3_seed17-20261009T150305-300f38d7,v2_D0_poisson_rho0.3_seed17,D0,poisson,0.3,17,50.26661817835423,graph,fp32,52.01089826476339,3123,2990,1.0,main_process_warmup_measurement_drain_and_request_export_excludes_loadgen,0.0,0,0.0016753399999999991,44.483333333333334,454,59.44341,82.24441139999999,95.3836953999999,False,0.0,2.4912161962021817,178.8007549189988,60,3754181019590746,60.045107933,3123,2669,11,2,0,False,0.8546269612552033,52.06666666666667,f58f3fdba9c82b5ffdd3f93aea74f89d0419d5e0a7644d7145e88671637a541b,0,0.9876527786254883,7.005859375,235.4736328125
v2_D0_poisson_rho0.3_seed2026-20261009T152526-899657cb,v2_D0_poisson_rho0.3_seed2026,D0,poisson,0.3,2026,50.26661817835423,graph,fp32,50.17015767958842,3013,2862,1.0,main_process_warmup_measurement_drain_and_request_export_excludes_loadgen,0.0,0,0.002369920000000001,43.81666666666667,384,59.385011,80.3535902,95.68164772,False,0.0,2.392594745732186,171.7272676900011,60,3755521982648742,60.055621496,3013,2629,11,2,0,False,0.8725522734815798,50.18333333333333,ac50fe51a46f4d1881e84280fb8a64c542ca20bd6ebc3cb74dbf10797fcd4dc0,0,0.9876527786254883,7.005859375,235.4736328125
v2_D0_poisson_rho0.3_seed42-20261009T160913-c618f4c0,v2_D0_poisson_rho0.3_seed42,D0,poisson,0.3,42,50.26661817835423,graph,fp32,49.81578444714748,2990,2814,1.0,main_process_warmup_measurement_drain_and_request_export_excludes_loadgen,0.0,0,0.0018393100000000029,41.65,491,60.883886000000004,86.53788159999995,106.10984184000002,False,0.0,2.443197370370964,175.30085877400052,60,3758148956444875,60.021136537000004,2990,2499,12,2,0,False,0.8357859531772576,49.916666666666664,63ad26e040f24f4b069f84bbf0fb22021db3a0c49f0dbf99114a5232f592a41f,0,0.9876527786254883,7.005859375,235.4736328125
v2_D0_poisson_rho0.6_seed17-20261010T130108-f7523575,v2_D0_poisson_rho0.6_seed17,D0,poisson,0.6,17,100.53323635670846,graph,fp32,103.58140041380813,6220,5409,1.0,main_process_warmup_measurement_drain_and_request_export_excludes_loadgen,0.0,0,0.0029400499999999974,44.333333333333336,3560,88.95832250000001,273.11000034999995,358.9940782799998,False,0.0,4.523635546792853,325.3599435549986,60,3833264693543060,60.049390867,6220,2660,38,2,0,False,0.42765273311897106,103.73333333333333,45420eb30d1219a26a90ed0186358623896e695612ab698074625890a50eb911,0,0.9876527786254883,6.810546875,235.4736328125
v2_D0_poisson_rho0.6_seed2026-20261009T055917-eafec980,v2_D0_poisson_rho0.6_seed2026,D0,poisson,0.6,2026,100.53323635670846,graph,fp32,98.52405635228861,5919,5082,1.0,main_process_warmup_measurement_drain_and_request_export_excludes_loadgen,0.0,0,0.0028618199999999997,57.083333333333336,2494,75.668115,175.39286570000002,284.05028817999994,False,0.0,4.279904110167857,307.39434847099983,60,3721553727846454,60.07669821099999,5919,3425,32,2,0,False,0.578645041392127,98.6,ee5d0b9338e084c7fbe3b0ad729d9957c3b80cffb625f4f8c26c319377632b88,0,0.9876527786254883,6.810546875,235.4736328125
v2_D0_poisson_rho0.6_seed42-20261009T052657-548dad46,v2_D0_poisson_rho0.6_seed42,D0,poisson,0.6,42,100.53323635670846,graph,fp32,102.33223573284259,6150,5171,1.0,main_process_warmup_measurement_drain_and_request_export_excludes_loadgen,0.0,0,0.002646040000000001,60.2,2538,76.62856199999999,194.6396143499996,314.22665928,False,0.0,4.246688390552968,304.9890812729991,60,3719613368178947,60.098364469,6150,3612,31,2,0,False,0.5873170731707317,102.36666666666666,3550708f2c46335e73bf67984a62a283e062b3554793ac2a3eb5cf3111e975cf,0,0.9876527786254883,6.810546875,235.4736328125
v2_D0_poisson_rho0.9_seed17-20261010T134025-1b3c036e,v2_D0_poisson_rho0.9_seed17,D0,poisson,0.9,17,150.7998545350627,graph,fp32,101.38253105937878,6526,6526,0.7047516198704104,main_process_warmup_measurement_drain_and_request_export_excludes_loadgen,0.0,0,0.0017536899999999987,0.0,6526,4688.01077,4874.78424875,4929.9662345,False,0.0,4.756495612337276,362.225826545,60,3835621810541133,64.370063874,9260,0,512,2,2734,False,0.0,108.76666666666667,c09a3c82afffc74b045303765880fe8b27c55d906f340e79f85b585c7a6dded2,0,0.9876527786254883,6.810546875,235.4736328125
v2_D0_poisson_rho0.9_seed2026-20261009T144156-0ec077a7,v2_D0_poisson_rho0.9_seed2026,D0,poisson,0.9,2026,150.7998545350627,graph,fp32,103.77595335506535,6686,6686,0.7485445588893864,main_process_warmup_measurement_drain_and_request_export_excludes_loadgen,0.0,0,0.0027496900000000004,0.0,6686,4618.159305499999,4823.616831249999,4888.8396944999995,False,0.0,4.738075462300414,361.00088375499945,60,3752912851973926,64.427256834,8932,0,512,2,2246,False,0.0,109.56666666666666,f0b27fd95cfd2154ed0e484796726dba8003c075bc7330861a07717f4c6c54dc,0,0.9876527786254883,7.005859375,235.4736328125
v2_D0_poisson_rho0.9_seed42-20261009T143346-420636e6,v2_D0_poisson_rho0.9_seed42,D0,poisson,0.9,42,150.7998545350627,graph,fp32,103.16113012502262,6637,6637,0.7276614406315097,main_process_warmup_measurement_drain_and_request_export_excludes_loadgen,0.0,0,0.0015197999999999993,0.0,6637,4603.472712,4794.2860586,4845.7417823999995,False,0.0,4.785615201694848,364.2744528079993,60,3752422111545224,64.336247499,9121,0,512,2,2484,False,0.0,110.23333333333333,449d1e1ae3b1506d4502aea8af196ffcccb3f3899ad1fec8298ee1128afb7f15,0,0.9876527786254883,7.005859375,235.4736328125
v2_D0_poisson_rho1.1_seed17-20261009T163716-735034e2,v2_D0_poisson_rho1.1_seed17,D0,poisson,1.1,17,184.3109333206322,graph,fp32,102.49060840939818,6604,6604,0.5880153147538064,main_process_warmup_measurement_drain_and_request_export_excludes_loadgen,0.0,0,0.0016785000000000038,0.0,6604,4613.2309045,4826.436740149999,4953.04504855,False,0.0,4.696253505601698,358.11253474800105,60,3759832417254927,64.435172183,11231,0,512,2,4627,False,0.0,110.06666666666666,08d31b4336f2e0cbf16147b13efd92f6a7b805c36f07070deac3dd1362acc25c,0,0.9876527786254883,7.005859375,235.4736328125
v2_D0_poisson_rho1.1_seed2026-20261009T045955-1682cd2c,v2_D0_poisson_rho1.1_seed2026,D0,poisson,1.1,2026,184.3109333206322,graph,fp32,104.07126620808357,6699,6699,0.6101092896174863,main_process_warmup_measurement_drain_and_request_export_excludes_loadgen,0.0,0,0.002589,0.0,6699,4570.793148,4766.1326785,4836.6140648,False,0.0,4.818835696760874,366.6943779189987,60,3717991360938509,64.369352311,10980,0,512,2,4281,False,0.0,111.65,6f2f0709f33289b3293ca8702c7d4f304c70608b23b971037275fc4f422e54b0,0,0.9876527786254883,6.810546875,235.4736328125
v2_D0_poisson_rho1.1_seed42-20261010T121821-d6181406,v2_D0_poisson_rho1.1_seed42,D0,poisson,1.1,42,184.3109333206322,graph,fp32,100.51245350468412,6476,6476,0.5797672336615936,main_process_warmup_measurement_drain_and_request_export_excludes_loadgen,0.0,0,0.0021724799999999957,0.0,6476,4715.264214,4899.7776235,4975.63953125,False,0.0,4.715358081836464,359.017490231,60,3830697247032245,64.429827093,11170,0,512,2,4694,False,0.0,107.91666666666667,55058b887ff913f83ff6bc204638bbb5d7bdd006e877abe36dc6e4e1dc92c264,0,0.9876527786254883,6.810546875,235.4736328125
v2_E0_burst_rho0.3_seed17-20261009T054858-9b8b6617,v2_E0_burst_rho0.3_seed17,E0,burst,0.3,17,50.26661817835423,eager,fp32,13.263182381884816,1187,1187,0.38020499679692504,main_process_warmup_measurement_drain_and_request_export_excludes_loadgen,0.0,0,0.6913296099999999,0.0,1187,29677.208295,30329.8750285,30426.13316356,False,0.0,1.0234518537081705,103.2693346490014,60,3720934540542422,89.495866514,3122,0,1,2,1935,False,0.0,17.1,f544f3c5cfad8ce018354af072ed36a3bd3f3f3cab23add1a43373ca3d0ecc8e,0,1.101424217224121,6.810546875,0.0
v2_E0_burst_rho0.3_seed2026-20261009T050804-b11788e7,v2_E0_burst_rho0.3_seed2026,E0,burst,0.3,2026,50.26661817835423,eager,fp32,14.290041824320253,1225,1225,0.4060324825986079,main_process_warmup_measurement_drain_and_request_export_excludes_loadgen,0.0,0,0.6922078800000001,0.0,1225,28961.679534,29985.70703,30152.24070252,False,0.0,1.0225424329205914,99.32402164300038,60,3718480775267051,85.724031816,3017,0,1,2,1792,False,0.0,17.1,1769275a11fe878f5251893d38a92d49b09c8a53a4dd9046479c2bff4e8b3964,0,1.101424217224121,6.810546875,0.0
v2_E0_burst_rho0.3_seed42-20261010T114102-ba413cf9,v2_E0_burst_rho0.3_seed42,E0,burst,0.3,42,50.26661817835423,eager,fp32,13.177908149982382,1181,1181,0.39288090485695276,main_process_warmup_measurement_drain_and_request_export_excludes_loadgen,0.0,0,0.6940768,0.0,1181,29566.974875,30400.495056,30519.789363800002,False,0.0,1.022673427770617,103.29681300800002,60,3828458488801884,89.619686718,3006,0,1,2,1825,False,0.0,16.983333333333334,d8eb649b0fc92f03c87cb6beed02020559d2259081938a6869dc836e241815c3,0,1.101424217224121,5.830078125,0.0
v2_E0_burst_rho0.6_seed17-20261009T161823-ecab2311,v2_E0_burst_rho0.6_seed17,E0,burst,0.6,17,100.53323635670846,eager,fp32,11.837264144473725,1060,1060,0.17061001126669886,main_process_warmup_measurement_drain_and_request_export_excludes_loadgen,0.0,0,0.6723037600000001,0.0,1060,29038.8642995,30098.934758,30328.18233852,False,0.0,1.0193159721136267,103.00885361399924,60,3758699429323443,89.547718718,6213,0,1,2,5153,False,0.0,17.616666666666667,29de34386c934e2b4e9abdc4c1900606c69874440646383900faedde2ae948b8,0,1.101424217224121,7.005859375,0.0
v2_E0_burst_rho0.6_seed2026-20261009T041025-fb8d33eb,v2_E0_burst_rho0.6_seed2026,E0,burst,0.6,2026,100.53323635670846,eager,fp32,12.261083884224552,1072,1072,0.1810504982266509,main_process_warmup_measurement_drain_and_request_export_excludes_loadgen,0.0,0,0.6687862000000004,0.0,1072,27698.0517765,29051.151526949998,29393.496959509997,False,0.0,1.0183229642893739,100.71544235400006,60,3715021034203564,87.431095825,5921,0,1,2,4849,False,0.0,17.883333333333333,ed2f113927c5fe25bf1fa52d0505d0c4e15487e5039da542332897befb2c7cd6,0,1.101424217224121,6.810546875,0.0
v2_E0_burst_rho0.6_seed42-20261010T130809-be7e67dc,v2_E0_burst_rho0.6_seed42,E0,burst,0.6,42,100.53323635670846,eager,fp32,11.484311111132428,1033,1033,0.1677492692432608,main_process_warmup_measurement_drain_and_request_export_excludes_loadgen,0.0,0,0.6796273800000002,0.0,1033,30116.414219,30703.1374874,30762.96922632,False,0.0,1.0187417576327695,103.33231111700115,60,3833685029774080,89.948799715,6158,0,1,2,5125,False,0.0,17.2,0172cfcd8e03c5ca8300f0f3ef437f2b40e177616475ecd809c98cd011c32314,0,1.101424217224121,6.810546875,0.0
v2_E0_burst_rho0.9_seed17-20261009T042717-4762dee1,v2_E0_burst_rho0.9_seed17,E0,burst,0.9,17,150.7998545350627,eager,fp32,11.242944283804832,1011,1011,0.10945112049366677,main_process_warmup_measurement_drain_and_request_export_excludes_loadgen,0.0,0,0.5175184799999849,0.0,1011,30325.853652,30915.266745,30946.908742800002,False,0.0,1.0176684634787845,103.24238746400079,60,3716033038267838,89.923064144,9237,0,1,2,8226,False,0.0,16.85,be75506b3aa64dfd78214f93dd5b7618ef52f07e47d85b64d077ecf957c094c9,0,1.101424217224121,6.810546875,0.0
v2_E0_burst_rho0.9_seed2026-20261009T044348-9826f49c,v2_E0_burst_rho0.9_seed2026,E0,burst,0.9,2026,150.7998545350627,eager,fp32,11.221462788591458,1005,1005,0.11230305062018102,main_process_warmup_measurement_drain_and_request_export_excludes_loadgen,0.0,0,0.5460777200000015,0.0,1005,30361.068307,30875.5779682,30948.72034212,False,0.0,1.017751396053894,102.89587553000001,60,3717024903623979,89.560516212,8949,0,1,2,7944,False,0.0,16.75,f28047f28db8c220878886fe0a73bba9002cd4c886d962e4d855589e4dbd564e,0,1.101424217224121,6.810546875,0.0
v2_E0_burst_rho0.9_seed42-20261010T114246-72b3c3cd,v2_E0_burst_rho0.9_seed42,E0,burst,0.9,42,150.7998545350627,eager,fp32,11.097619132075852,990,990,0.10864793678665496,main_process_warmup_measurement_drain_and_request_export_excludes_loadgen,0.0,0,0.3044093499999822,0.0,990,30562.785395,31253.4617859,31431.849671070002,False,0.0,1.0155876180677437,102.32007498700005,60,3828562161730293,89.208323715,9112,0,1,2,8122,False,0.0,16.5,ea557a305412b917aa90f4236cada7e774299c6bfe56102e0001b5b502863c0a,0,1.101424217224121,5.830078125,0.0
v2_E0_burst_rho1.1_seed17-20261009T163001-50806b3c,v2_E0_burst_rho1.1_seed17,E0,burst,1.1,17,184.3109333206322,eager,fp32,14.35124768237005,1222,1222,0.10875756496974012,main_process_warmup_measurement_drain_and_request_export_excludes_loadgen,0.0,0,0.2955861999999965,0.0,1222,23351.037766,27476.1766741,28375.42532325,False,0.0,1.014073711585915,98.09755650499937,60,3759397616145807,85.149390983,11236,0,1,2,10014,False,0.0,20.516666666666666,8b5390d301d8d17d112eb13828abeb9b1e3388e13f8e4b783253ebe47955d967,0,1.101424217224121,7.005859375,0.0
v2_E0_burst_rho1.1_seed2026-20261009T154615-8a0f7b1d,v2_E0_burst_rho1.1_seed2026,E0,burst,1.1,2026,184.3109333206322,eager,fp32,14.098856295445767,1268,1268,0.11546166454197779,main_process_warmup_measurement_drain_and_request_export_excludes_loadgen,0.0,0,0.40679375000000256,0.0,1268,27001.9660925,30502.05614365,30753.97467534,False,0.0,1.0096688269188434,102.5178344579981,60,3756771372040142,89.936373095,10982,0,1,2,9714,False,0.0,20.95,895bcb75009445f59530d45e118f5c504ab28dacd382228c0474c7d799a637e2,0,1.101424217224121,7.005859375,0.0
v2_E0_burst_rho1.1_seed42-20261010T122919-0308e53f,v2_E0_burst_rho1.1_seed42,E0,burst,1.1,42,184.3109333206322,eager,fp32,11.11111111111111,1000,1000,0.08953353030710001,main_process_warmup_measurement_drain_and_request_export_excludes_loadgen,0.0,0,0.36500491999999496,0.0,1000,30539.8605695,31036.199404850002,31115.5071048,False,0.007606,1.0127727214249846,102.8826232829997,60,3831355776381704,90.0,11169,0,1,2,10166,False,0.0,16.7,9efffd6da0094fe915ec1496fa376311f47851dc7900db04cd9411ecbae71009,3,1.101424217224121,6.810546875,0.0
v2_E0_periodic_rho0.3_seed17-20261009T152115-8f6951f5,v2_E0_periodic_rho0.3_seed17,E0,periodic,0.3,17,50.26661817835423,eager,fp32,14.366317490715854,1269,1269,0.4207559681697613,main_process_warmup_measurement_drain_and_request_export_excludes_loadgen,0.0,0,0.0014206499999999992,0.0,1269,28299.445306,28784.6409202,28840.67087724,False,0.0,1.0218920565667227,101.92736690700076,60,3755271065781407,88.331613221,3016,0,1,2,1747,False,0.0,18.05,b9e212fdb8b354367e79a6f9e8ed4f376177450cb6a1535b6a87dc96e178ac8d,0,1.101424217224121,7.005859375,0.0
v2_E0_periodic_rho0.3_seed2026-20261010T132402-b69f00d9,v2_E0_periodic_rho0.3_seed2026,E0,periodic,0.3,2026,50.26661817835423,eager,fp32,13.21111111111111,1189,1189,0.3942307692307692,main_process_warmup_measurement_drain_and_request_export_excludes_loadgen,0.0,0,0.0017279499999999994,0.0,1189,30176.140507,30390.3086508,30432.69883448,False,0.003752,1.0227495506571898,103.73244450200218,60,3834638773500318,90.0,3016,0,1,2,1823,False,0.0,16.9,9d899d12611723176fa824b30a93542dd88c91e759a2baa5804d025867d15b2d,4,1.101424217224121,6.810546875,0.0
v2_E0_periodic_rho0.3_seed42-20261009T053423-e5ac95fa,v2_E0_periodic_rho0.3_seed42,E0,periodic,0.3,42,50.26661817835423,eager,fp32,13.611742207920308,1223,1223,0.40550397877984085,main_process_warmup_measurement_drain_and_request_export_excludes_loadgen,0.0,0,0.0016350999999999996,0.0,1223,29512.444169,29906.5398823,29930.899958820002,False,0.0,1.023975686633289,103.68648482699973,60,3720059240865643,89.848895264,3016,0,1,2,1793,False,0.0,17.4,aa855238018031ee002552d6a3047acb9ae188fc32e75d168cc348cb5da30301,0,1.101424217224121,6.810546875,0.0
v2_E0_periodic_rho0.6_seed17-20261009T155030-961b57f3,v2_E0_periodic_rho0.6_seed17,E0,periodic,0.6,17,100.53323635670846,eager,fp32,11.088888888888889,998,998,0.16545092838196288,main_process_warmup_measurement_drain_and_request_export_excludes_loadgen,0.0,0,0.0017660699999999987,0.0,998,30590.712645,30944.6820281,31017.97957815,False,24.992238,1.0200895954684295,103.53917523099881,60,3757026695947342,90.0,6032,0,1,2,5027,False,0.0,16.75,29da8ce27517b2a8e82e042e0e8e20fd3c5efe55eca3ff73aec2ec02c266c48d,7,1.101424217224121,7.005859375,0.0
v2_E0_periodic_rho0.6_seed2026-20261009T052019-333d6b5e,v2_E0_periodic_rho0.6_seed2026,E0,periodic,0.6,2026,100.53323635670846,eager,fp32,12.24683764053723,1088,1088,0.18037135278514588,main_process_warmup_measurement_drain_and_request_export_excludes_loadgen,0.0,0,0.001443379999999999,0.0,1088,28079.292977999998,29524.447278,29595.28894922,False,0.0,1.0184409541540527,102.14870128399889,60,3719215265065583,88.839260545,6032,0,1,2,4944,False,0.0,18.133333333333333,bf039de12a7b8a965986ec3b131087898d7a79085d1b02dffccda7c0506fc496,0,1.101424217224121,6.810546875,0.0
v2_E0_periodic_rho0.6_seed42-20261009T141634-773d9c56,v2_E0_periodic_rho0.6_seed42,E0,periodic,0.6,42,100.53323635670846,eager,fp32,11.666230905974412,1044,1044,0.17307692307692307,main_process_warmup_measurement_drain_and_request_export_excludes_loadgen,0.0,0,0.0014480699999999988,0.0,1044,29697.430155000002,30008.629581549998,30068.00990668,False,0.0,1.0192791672268406,102.91170065200004,60,3751390306222714,89.489056784,6032,0,1,2,4988,False,0.0,17.383333333333333,d5b52ee89e82c90a4e95c69f9e643fd3fb9d2309b6c0dddcf00a956904d8faca,0,1.101424217224121,7.005859375,0.0
v2_E0_periodic_rho0.9_seed17-20261010T115523-5ca27623,v2_E0_periodic_rho0.9_seed17,E0,periodic,0.9,17,150.7998545350627,eager,fp32,11.022222222222222,992,992,0.10963748894783377,main_process_warmup_measurement_drain_and_request_export_excludes_loadgen,0.0,0,0.0016040600000000013,0.0,992,30799.1756005,30907.33983665,30962.280948480002,False,0.007411,1.0155089239257378,103.14381049200028,60,3829319091062922,90.0,9048,0,1,2,8042,False,0.0,16.766666666666666,bee2f9be04d0d1bdeaea7583177e33eb7bcb91f52f59c0f32f6158dfda772148,14,1.101424217224121,6.810546875,0.0
v2_E0_periodic_rho0.9_seed2026-20261010T123654-5a3e846d,v2_E0_periodic_rho0.9_seed2026,E0,periodic,0.9,2026,150.7998545350627,eager,fp32,11.1,999,999,0.11041114058355438,main_process_warmup_measurement_drain_and_request_export_excludes_loadgen,0.0,0,0.002221,0.0,999,30813.887269,30942.584578600003,30966.61002046,False,0.034203,1.0158626302007985,103.20812137599933,60,3831810567391616,90.0,9048,0,1,2,8033,False,0.0,16.916666666666668,123e6206f2bf72ecb28daaa631f449e9a1b416d34a99a9127e4ad7085ee0f731,16,1.101424217224121,6.810546875,0.0
v2_E0_periodic_rho0.9_seed42-20261009T141204-93c14b46,v2_E0_periodic_rho0.9_seed42,E0,periodic,0.9,42,150.7998545350627,eager,fp32,11.66103375414827,1036,1036,0.11450044208664899,main_process_warmup_measurement_drain_and_request_export_excludes_loadgen,0.0,0,0.0014780600000000013,0.0,1036,29402.302089999997,30257.38582575,30301.220002399998,False,0.0,1.0158613113684825,101.97611611800016,60,3751120745364096,88.842895222,9048,0,1,2,8012,False,0.0,17.283333333333335,3181830f4a2c00ba7582158261508b43c771e9346d392495d8a61cd8c5beae23,0,1.101424217224121,7.00390625,0.0
v2_E0_periodic_rho1.1_seed17-20261010T125034-9d9e1427,v2_E0_periodic_rho1.1_seed17,E0,periodic,1.1,17,184.3109333206322,eager,fp32,10.633333333333333,957,957,0.08654367878459034,main_process_warmup_measurement_drain_and_request_export_excludes_loadgen,0.0,0,0.0017618600000000005,0.0,957,31503.057515,31961.5694024,31991.88240584,False,9.928995,1.0132942891331407,102.97760935199949,60,3832630653569464,90.0,11058,0,1,2,10070,False,0.0,16.466666666666665,21f7d045303ea44a36575a367db9c07af76ca7f2612d5c7caa71ee4005c64178,31,1.101424217224121,6.810546875,0.0
v2_E0_periodic_rho1.1_seed2026-20261009T150121-ad8dcc34,v2_E0_periodic_rho1.1_seed2026,E0,periodic,1.1,2026,184.3109333206322,eager,fp32,11.366666666666667,1023,1023,0.0925122083559414,main_process_warmup_measurement_drain_and_request_export_excludes_loadgen,0.0,0,0.00134,0.0,1023,30369.523564,30604.250335,30655.64964312,False,20.279653,1.0144254369057184,103.06485891900047,60,3754076967843682,90.0,11058,0,1,2,10024,False,0.0,17.233333333333334,1e435436bbf72295a5be78a7ca0970540b424350d6bcb0f1d8f1b98603e62cbc,11,1.101424217224121,7.005859375,0.0
v2_E0_periodic_rho1.1_seed42-20261009T041557-76d7e68a,v2_E0_periodic_rho1.1_seed42,E0,periodic,1.1,42,184.3109333206322,eager,fp32,11.233333333333333,1011,1011,0.0914270211611503,main_process_warmup_measurement_drain_and_request_export_excludes_loadgen,0.0,0,0.0014134300000000002,0.0,1011,30567.088213,30842.8954775,30869.2007821,False,7.693007,1.0147876109902654,103.09637686600036,60,3715353684540316,90.0,11058,0,1,2,10033,False,0.0,17.083333333333332,47594d920731da0f47d68901837cc6b5b15ba3e39fb049533712a0a381477fd9,14,1.101424217224121,6.810546875,0.0
v2_E0_poisson_rho0.3_seed17-20261009T151118-0ec2cc3d,v2_E0_poisson_rho0.3_seed17,E0,poisson,0.3,17,50.26661817835423,eager,fp32,13.713199928939336,1225,1225,0.39225104066602623,main_process_warmup_measurement_drain_and_request_export_excludes_loadgen,0.0,0,0.0014457799999999998,0.0,1225,29658.798064,30128.3968028,30158.02533036,False,0.0,1.0227094030189499,103.0354379700002,60,3754674095818534,89.329989087,3123,0,1,2,1898,False,0.0,17.566666666666666,f58f3fdba9c82b5ffdd3f93aea74f89d0419d5e0a7644d7145e88671637a541b,0,1.101424217224121,7.005859375,0.0
v2_E0_poisson_rho0.3_seed2026-20261009T152823-cec790f0,v2_E0_poisson_rho0.3_seed2026,E0,poisson,0.3,2026,50.26661817835423,eager,fp32,14.133333333333333,1272,1272,0.42217059409226687,main_process_warmup_measurement_drain_and_request_export_excludes_loadgen,0.0,0,0.002049560000000001,0.0,1272,29110.389001,29981.6998381,30055.99052494,False,0.023727,1.0239029132465025,103.86026971300089,60,3755699766395948,90.0,3013,0,1,2,1740,False,0.0,17.5,ac50fe51a46f4d1881e84280fb8a64c542ca20bd6ebc3cb74dbf10797fcd4dc0,1,1.101424217224121,7.005859375,0.0
v2_E0_poisson_rho0.3_seed42-20261009T160030-78da0359,v2_E0_poisson_rho0.3_seed42,E0,poisson,0.3,42,50.26661817835423,eager,fp32,13.23961179982792,1191,1191,0.39832775919732444,main_process_warmup_measurement_drain_and_request_export_excludes_loadgen,0.0,0,0.0018699600000000047,0.0,1191,30114.838146,30258.2213605,30302.1382013,False,0.0,1.0229150603839192,103.69436469300126,60,3757626458638486,89.957320351,2990,0,1,2,1799,False,0.0,16.9,63ad26e040f24f4b069f84bbf0fb22021db3a0c49f0dbf99114a5232f592a41f,0,1.101424217224121,7.005859375,0.0
v2_E0_poisson_rho0.6_seed17-20261010T125751-5c410e2f,v2_E0_poisson_rho0.6_seed17,E0,poisson,0.6,17,100.53323635670846,eager,fp32,11.54285377357279,1038,1038,0.16688102893890674,main_process_warmup_measurement_drain_and_request_export_excludes_loadgen,0.0,0,0.001562619999999999,0.0,1038,29311.9633545,29914.0412845,29994.2780416,False,0.0,1.0187590089918441,103.30564308999965,60,3833067807715684,89.925768823,6220,0,1,2,5182,False,0.0,17.3,45420eb30d1219a26a90ed0186358623896e695612ab698074625890a50eb911,0,1.101424217224121,6.810546875,0.0
v2_E0_poisson_rho0.6_seed2026-20261009T140153-a11c9238,v2_E0_poisson_rho0.6_seed2026,E0,poisson,0.6,2026,100.53323635670846,eager,fp32,11.588888888888889,1043,1043,0.17621219800642,main_process_warmup_measurement_drain_and_request_export_excludes_loadgen,0.0,0,0.0014723799999999973,0.0,1043,29842.015389,30303.049409199997,30327.19539548,False,19.906911,1.0203430265276205,103.58885955800001,60,3750509557278884,90.0,5919,0,1,2,4873,False,0.0,17.433333333333334,ee5d0b9338e084c7fbe3b0ad729d9957c3b80cffb625f4f8c26c319377632b88,3,1.070174217224121,5.6640625,0.0
v2_E0_poisson_rho0.6_seed42-20261009T053108-24abd613,v2_E0_poisson_rho0.6_seed42,E0,poisson,0.6,42,100.53323635670846,eager,fp32,11.799315080702463,1061,1061,0.17252032520325203,main_process_warmup_measurement_drain_and_request_export_excludes_loadgen,0.0,0,0.0015310400000000009,0.0,1061,28920.347128,29817.690844,29935.0884796,False,0.0,1.0197953765327554,103.40110366499903,60,3719864238571128,89.920473582,6150,0,1,2,5089,False,0.0,17.683333333333334,3550708f2c46335e73bf67984a62a283e062b3554793ac2a3eb5cf3111e975cf,0,1.101424217224121,6.810546875,0.0
v2_E0_poisson_rho0.9_seed17-20261010T133726-13b491c3,v2_E0_poisson_rho0.9_seed17,E0,poisson,0.9,17,150.7998545350627,eager,fp32,11.055555555555555,995,995,0.10745140388768898,main_process_warmup_measurement_drain_and_request_export_excludes_loadgen,0.0,0,0.0016428199999999997,0.0,995,30946.335101,31229.8546265,31255.1919207,False,13.067777,1.015936608578977,103.17308847700042,60,3835442691430193,90.0,9260,0,1,2,8247,False,0.0,16.883333333333333,c09a3c82afffc74b045303765880fe8b27c55d906f340e79f85b585c7a6dded2,18,1.101424217224121,6.810546875,0.0
v2_E0_poisson_rho0.9_seed2026-20261009T144012-d2060d33,v2_E0_poisson_rho0.9_seed2026,E0,poisson,0.9,2026,150.7998545350627,eager,fp32,11.266666666666667,1014,1014,0.1135244066278549,main_process_warmup_measurement_drain_and_request_export_excludes_loadgen,0.0,0,0.0014390700000000015,0.0,1014,30247.760540000003,30583.25488495,30622.656742350002,False,5.233592,1.016622813806827,103.24620276099995,60,3752808498466747,90.0,8932,0,1,2,7909,False,0.0,17.066666666666666,f0b27fd95cfd2154ed0e484796726dba8003c075bc7330861a07717f4c6c54dc,9,1.101424217224121,7.005859375,0.0
v2_E0_poisson_rho0.9_seed42-20261009T143046-9b65978b,v2_E0_poisson_rho0.9_seed42,E0,poisson,0.9,42,150.7998545350627,eager,fp32,11.188888888888888,1007,1007,0.11040456090340971,main_process_warmup_measurement_drain_and_request_export_excludes_loadgen,0.0,0,0.001327,0.0,1007,30726.631778,30965.560545199998,31020.92207786,False,18.756741,1.017321855777081,103.3132202249999,60,3752242758137486,90.0,9121,0,1,2,8101,False,0.0,17.0,449d1e1ae3b1506d4502aea8af196ffcccb3f3899ad1fec8298ee1128afb7f15,13,1.101424217224121,7.005859375,0.0
v2_E0_poisson_rho1.1_seed17-20261009T163532-a5b4b2a2,v2_E0_poisson_rho1.1_seed17,E0,poisson,1.1,17,184.3109333206322,eager,fp32,11.233333333333333,1011,1011,0.09001869824592645,main_process_warmup_measurement_drain_and_request_export_excludes_loadgen,0.0,0,0.001552,0.0,1011,30554.443457,30762.6293715,30779.842274100003,False,24.263125,1.0147138787310996,103.1022004430015,60,3759728195206311,90.0,11231,0,1,2,10207,False,0.0,17.066666666666666,08d31b4336f2e0cbf16147b13efd92f6a7b805c36f07070deac3dd1362acc25c,13,1.101424217224121,7.005859375,0.0
v2_E0_poisson_rho1.1_seed2026-20261009T045628-976e0c59,v2_E0_poisson_rho1.1_seed2026,E0,poisson,1.1,2026,184.3109333206322,eager,fp32,11.044444444444444,994,994,0.09052823315118397,main_process_warmup_measurement_drain_and_request_export_excludes_loadgen,0.0,0,0.0014202099999999992,0.0,994,30787.204775,30940.0397497,30955.192643659997,False,1.486844,1.0154024443807257,103.15738029900058,60,3717784057449888,90.0,10980,0,1,2,9971,False,0.0,16.816666666666666,6f2f0709f33289b3293ca8702c7d4f304c70608b23b971037275fc4f422e54b0,15,1.101424217224121,6.810546875,0.0
v2_E0_poisson_rho1.1_seed42-20261010T120807-64a0ddc5,v2_E0_poisson_rho1.1_seed42,E0,poisson,1.1,42,184.3109333206322,eager,fp32,10.688888888888888,962,962,0.08612354521038496,main_process_warmup_measurement_drain_and_request_export_excludes_loadgen,0.0,0,0.001701,0.0,962,31310.575585500002,32165.14176125,32209.731978390002,False,0.537985,1.012933209307046,102.96251403600036,60,3830083357631303,90.0,11170,0,1,2,10189,False,0.0,16.35,55058b887ff913f83ff6bc204638bbb5d7bdd006e877abe36dc6e4e1dc92c264,19,1.101424217224121,6.810546875,0.0
v2_E1_burst_rho0.3_seed17-20261009T055438-e5d386cb,v2_E1_burst_rho0.3_seed17,E1,burst,0.3,17,50.26661817835423,eager,fp32,14.175692172512917,1253,1253,0.4013452914798206,main_process_warmup_measurement_drain_and_request_export_excludes_loadgen,0.0,0,0.69103322,0.0,1253,27446.11167,29673.1240784,29954.89762864,False,0.0,1.0238445610776152,102.18606325200017,60,3721274611721243,88.390745563,3122,0,1,2,1869,False,0.0,18.316666666666666,f544f3c5cfad8ce018354af072ed36a3bd3f3f3cab23add1a43373ca3d0ecc8e,0,1.101424217224121,6.810546875,235.4736328125
v2_E1_burst_rho0.3_seed2026-20261009T050339-c276a560,v2_E1_burst_rho0.3_seed2026,E1,burst,0.3,2026,50.26661817835423,eager,fp32,14.397622158870004,1266,1266,0.4196221411998674,main_process_warmup_measurement_drain_and_request_export_excludes_loadgen,0.0,0,0.68585032,0.0,1266,28069.753218500002,28748.70863925,28859.037585,False,0.0,1.0238195570373068,101.71080867300043,60,3718215717701903,87.931186555,3017,0,1,2,1751,False,0.0,17.75,1769275a11fe878f5251893d38a92d49b09c8a53a4dd9046479c2bff4e8b3964,0,1.101424217224121,6.810546875,235.4736328125
v2_E1_burst_rho0.3_seed42-20261010T113806-9c70cfec,v2_E1_burst_rho0.3_seed42,E1,burst,0.3,42,50.26661817835423,eager,fp32,13.723385407662638,1219,1219,0.4055222887558217,main_process_warmup_measurement_drain_and_request_export_excludes_loadgen,0.0,0,0.69525215,0.0,1219,28471.667093,29833.7287257,30047.14205486,False,0.0,1.0226560209938418,102.51685948700002,60,3828282051650286,88.826478583,3006,0,1,2,1787,False,0.0,17.45,d8eb649b0fc92f03c87cb6beed02020559d2259081938a6869dc836e241815c3,0,1.070174217224121,5.6640625,235.4736328125
v2_E1_burst_rho0.6_seed17-20261009T161141-c23fb259,v2_E1_burst_rho0.6_seed17,E1,burst,0.6,17,100.53323635670846,eager,fp32,11.600139968685385,1030,1030,0.16578142604216964,main_process_warmup_measurement_drain_and_request_export_excludes_loadgen,0.0,0,0.6778314400000001,0.0,1030,29663.245893,30431.12367285,30539.90792794,False,0.0,1.0206464748718038,102.3389468059977,60,3758297714332324,88.79203206,6213,0,1,2,5183,False,0.0,17.166666666666668,29de34386c934e2b4e9abdc4c1900606c69874440646383900faedde2ae948b8,0,1.101424217224121,7.005859375,235.4736328125
v2_E1_burst_rho0.6_seed2026-20261009T040217-9f264519,v2_E1_burst_rho0.6_seed2026,E1,burst,0.6,2026,100.53323635670846,eager,fp32,11.656327868005054,1038,1038,0.17530822496199966,main_process_warmup_measurement_drain_and_request_export_excludes_loadgen,0.0,0,0.6299690000000044,0.0,1038,29304.493134,29774.92860675,29867.088717079998,False,0.0,1.0219585474092885,102.707802912,60,3714532936105814,89.050343449,5921,0,1,2,4883,False,0.0,17.316666666666666,ed2f113927c5fe25bf1fa52d0505d0c4e15487e5039da542332897befb2c7cd6,0,1.070174217224121,5.6640625,235.4736328125
v2_E1_burst_rho0.6_seed42-20261010T131607-d552bdd0,v2_E1_burst_rho0.6_seed42,E1,burst,0.6,42,100.53323635670846,eager,fp32,11.327534252554573,1014,1014,0.16466385189996752,main_process_warmup_measurement_drain_and_request_export_excludes_loadgen,0.0,0,0.6837927700000003,0.0,1014,30125.019885,30848.13108165,30976.32298789,False,0.0,1.020657779049285,103.06617954499961,60,3834162942305148,89.516392305,6158,0,1,2,5144,False,0.0,16.916666666666668,0172cfcd8e03c5ca8300f0f3ef437f2b40e177616475ecd809c98cd011c32314,0,1.101424217224121,6.810546875,235.4736328125
v2_E1_burst_rho0.9_seed17-20261009T042900-29f2f991,v2_E1_burst_rho0.9_seed17,E1,burst,0.9,17,150.7998545350627,eager,fp32,13.191239543334705,1184,1184,0.12818014506874525,main_process_warmup_measurement_drain_and_request_export_excludes_loadgen,0.0,0,0.6457455599999722,0.0,1184,29575.399141,30510.38779605,30730.42257274,False,0.0,1.0186112066698494,103.19178456300051,60,3716136613763269,89.756538505,9237,0,1,2,8053,False,0.0,19.7,be75506b3aa64dfd78214f93dd5b7618ef52f07e47d85b64d077ecf957c094c9,0,1.101424217224121,6.810546875,235.4736328125
v2_E1_burst_rho0.9_seed2026-20261009T044532-4b75d9a7,v2_E1_burst_rho0.9_seed2026,E1,burst,0.9,2026,150.7998545350627,eager,fp32,11.515849127392354,1029,1029,0.11498491451558833,main_process_warmup_measurement_drain_and_request_export_excludes_loadgen,0.0,0,0.5097368800000047,0.0,1029,29897.375585,30507.5412642,30580.5667896,False,0.0,1.0182345547425593,102.99864909600001,60,3717128024400820,89.355112994,8949,0,1,2,7920,False,0.0,17.15,f28047f28db8c220878886fe0a73bba9002cd4c886d962e4d855589e4dbd564e,0,1.101424217224121,6.810546875,235.4736328125
v2_E1_burst_rho0.9_seed42-20261010T115224-f7516929,v2_E1_burst_rho0.9_seed42,E1,burst,0.9,42,150.7998545350627,eager,fp32,11.21625530792896,1008,1008,0.1106233538191396,main_process_warmup_measurement_drain_and_request_export_excludes_loadgen,0.0,0,0.5525335599999921,0.0,1008,30360.104518,30980.4525961,31054.83123797,False,0.0,1.0166637658525484,103.108570267,60,3829140854812432,89.869566297,9112,0,1,2,8104,False,0.0,16.783333333333335,ea557a305412b917aa90f4236cada7e774299c6bfe56102e0001b5b502863c0a,0,1.101424217224121,6.810546875,235.4736328125
v2_E1_burst_rho1.1_seed17-20261009T162700-113fe886,v2_E1_burst_rho1.1_seed17,E1,burst,1.1,17,184.3109333206322,eager,fp32,11.830829784408568,1046,1046,0.09309362762548949,main_process_warmup_measurement_drain_and_request_export_excludes_loadgen,0.0,0,0.4010411499999937,0.0,1046,29288.389697,29989.75623675,30150.7789568,False,0.0,1.0139149034990174,101.39955321699745,60,3759216436826669,88.413071531,11236,0,1,2,10190,False,0.0,17.416666666666668,8b5390d301d8d17d112eb13828abeb9b1e3388e13f8e4b783253ebe47955d967,0,1.101424217224121,7.005859375,235.4736328125
v2_E1_burst_rho1.1_seed2026-20261009T153637-67b544cf,v2_E1_burst_rho1.1_seed2026,E1,burst,1.1,2026,184.3109333206322,eager,fp32,13.246158932924999,1136,1136,0.10344199599344382,main_process_warmup_measurement_drain_and_request_export_excludes_loadgen,0.0,0,0.12119361000000455,0.0,1136,25608.908268,29467.81427425,29763.7775353,False,0.0,1.015133608634686,98.82135474300048,60,3756193445103189,85.760710388,10982,0,1,2,9846,False,0.0,19.083333333333332,895bcb75009445f59530d45e118f5c504ab28dacd382228c0474c7d799a637e2,0,1.101424217224121,7.005859375,235.4736328125
v2_E1_burst_rho1.1_seed42-20261010T122739-016547ad,v2_E1_burst_rho1.1_seed42,E1,burst,1.1,42,184.3109333206322,eager,fp32,15.803391973832404,1360,1360,0.121765601217656,main_process_warmup_measurement_drain_and_request_export_excludes_loadgen,0.0,0,0.012895919999999488,0.0,1360,22995.1166195,30254.5013234,30472.3095,False,0.0,1.0152977972818407,99.14965261100042,60,3831255419060647,86.057474386,11169,0,1,2,9809,False,0.0,22.5,9efffd6da0094fe915ec1496fa376311f47851dc7900db04cd9411ecbae71009,0,1.101424217224121,6.810546875,235.4736328125
v2_E1_periodic_rho0.3_seed17-20261009T151931-c1292d77,v2_E1_periodic_rho0.3_seed17,E1,periodic,0.3,17,50.26661817835423,eager,fp32,13.820127452578266,1242,1242,0.41180371352785144,main_process_warmup_measurement_drain_and_request_export_excludes_loadgen,0.0,0,0.0013394999999999991,0.0,1242,29238.458536,29661.088787850003,29847.02949044,False,0.0,1.0248966290462387,103.80916448300013,60,3755167075562388,89.868925179,3016,0,1,2,1774,False,0.0,17.65,b9e212fdb8b354367e79a6f9e8ed4f376177450cb6a1535b6a87dc96e178ac8d,0,1.101424217224121,7.005859375,235.4736328125
v2_E1_periodic_rho0.3_seed2026-20261010T132719-c799ee22,v2_E1_periodic_rho0.3_seed2026,E1,periodic,0.3,2026,50.26661817835423,eager,fp32,13.693388968872632,1226,1226,0.40649867374005305,main_process_warmup_measurement_drain_and_request_export_excludes_loadgen,0.0,0,0.0017696499999999991,0.0,1226,29349.911459000003,29754.03391625,29858.112983,False,0.0,1.0230194629233758,103.26611007799875,60,3834835260631029,89.532255513,3016,0,1,2,1790,False,0.0,17.316666666666666,9d899d12611723176fa824b30a93542dd88c91e759a2baa5804d025867d15b2d,0,1.101424217224121,6.810546875,235.4736328125
v2_E1_periodic_rho0.3_seed42-20261009T053834-505e8e60,v2_E1_periodic_rho0.3_seed42,E1,periodic,0.3,42,50.26661817835423,eager,fp32,21.654463028985077,1728,1728,0.5729442970822282,main_process_warmup_measurement_drain_and_request_export_excludes_loadgen,0.0,0,0.0014303999999999996,0.0,1728,20397.8814685,22047.414904399997,22229.51078783,False,0.0,1.0192752838816461,92.96248815199942,60,3720309907999264,79.79879241,3016,0,1,2,1288,False,0.0,24.666666666666668,aa855238018031ee002552d6a3047acb9ae188fc32e75d168cc348cb5da30301,0,1.101424217224121,6.810546875,235.4736328125
v2_E1_periodic_rho0.6_seed17-20261009T155502-31c87349,v2_E1_periodic_rho0.6_seed17,E1,periodic,0.6,17,100.53323635670846,eager,fp32,11.322222222222223,1019,1019,0.16893236074270557,main_process_warmup_measurement_drain_and_request_export_excludes_loadgen,0.0,0,0.0017315899999999955,0.0,1019,29922.101012,30542.7442942,30562.58444298,False,0.034508,1.0208697899285881,103.59416387300007,60,3757298178333561,90.0,6032,0,1,2,5004,False,0.0,17.116666666666667,29da8ce27517b2a8e82e042e0e8e20fd3c5efe55eca3ff73aec2ec02c266c48d,9,1.101424217224121,7.005859375,235.4736328125
v2_E1_periodic_rho0.6_seed2026-20261009T051837-39ac3b41,v2_E1_periodic_rho0.6_seed2026,E1,periodic,0.6,2026,100.53323635670846,eager,fp32,12.332664206641757,1089,1089,0.1805371352785146,main_process_warmup_measurement_drain_and_request_export_excludes_loadgen,0.0,0,0.0013560699999999987,0.0,1089,28620.1218,29461.448326,29616.031629,False,0.0,1.0194318234312538,101.71293177000007,60,3719113454222163,88.302087996,6032,0,1,2,4943,False,0.0,18.15,bf039de12a7b8a965986ec3b131087898d7a79085d1b02dffccda7c0506fc496,0,1.101424217224121,6.810546875,235.4736328125
v2_E1_periodic_rho0.6_seed42-20261009T142201-553b8565,v2_E1_periodic_rho0.6_seed42,E1,periodic,0.6,42,100.53323635670846,eager,fp32,11.619544877058434,1043,1043,0.1729111405835544,main_process_warmup_measurement_drain_and_request_export_excludes_loadgen,0.0,0,0.001494,0.0,1043,29541.000347,29918.856671899997,29942.239418279998,False,0.0,1.0214387286615356,103.40335857300033,60,3751717722326712,89.762551893,6032,0,1,2,4989,False,0.0,17.383333333333333,d5b52ee89e82c90a4e95c69f9e643fd3fb9d2309b6c0dddcf00a956904d8faca,0,1.101424217224121,7.005859375,235.4736328125
v2_E1_periodic_rho0.9_seed17-20261010T115826-9bb833c3,v2_E1_periodic_rho0.9_seed17,E1,periodic,0.9,17,150.7998545350627,eager,fp32,11.022222222222222,992,992,0.10963748894783377,main_process_warmup_measurement_drain_and_request_export_excludes_loadgen,0.0,0,0.0015101200000000026,0.0,992,30778.004143500002,30949.3646755,31017.43488118,False,0.093672,1.0166825009348688,103.29473792900035,60,3829502441781782,90.0,9048,0,1,2,8044,False,0.0,16.733333333333334,bee2f9be04d0d1bdeaea7583177e33eb7bcb91f52f59c0f32f6158dfda772148,12,1.101424217224121,6.810546875,235.4736328125
v2_E1_periodic_rho0.9_seed2026-20261010T123220-819ab8fc,v2_E1_periodic_rho0.9_seed2026,E1,periodic,0.9,2026,150.7998545350627,eager,fp32,13.822222222222223,1244,1244,0.1374889478337754,main_process_warmup_measurement_drain_and_request_export_excludes_loadgen,0.0,0,0.002226,0.0,1244,24616.757615000002,30215.59361225,30290.73016436,False,0.673205,1.0174893335855353,103.33182285200019,60,3831536430679495,90.0,9048,0,1,2,7798,False,0.0,20.833333333333332,123e6206f2bf72ecb28daaa631f449e9a1b416d34a99a9127e4ad7085ee0f731,6,1.101424217224121,6.810546875,235.4736328125
v2_E1_periodic_rho0.9_seed42-20261009T140746-3d965f6b,v2_E1_periodic_rho0.9_seed42,E1,periodic,0.9,42,150.7998545350627,eager,fp32,11.38888888888889,1025,1025,0.11328470380194518,main_process_warmup_measurement_drain_and_request_export_excludes_loadgen,0.0,0,0.001622590000000002,0.0,1025,30188.420959,30495.8206648,30511.200437479998,False,0.034037,1.0175594711252576,103.36255347899987,60,3750862735914971,90.0,9048,0,1,2,8015,False,0.0,17.216666666666665,3181830f4a2c00ba7582158261508b43c771e9346d392495d8a61cd8c5beae23,8,1.101424217224121,7.00390625,235.4736328125
v2_E1_periodic_rho1.1_seed17-20261010T125218-58fb4659,v2_E1_periodic_rho1.1_seed17,E1,periodic,1.1,17,184.3109333206322,eager,fp32,10.855555555555556,977,977,0.08835232410924218,main_process_warmup_measurement_drain_and_request_export_excludes_loadgen,0.0,0,0.002031720000000001,0.0,977,31297.752005,31519.955103,31546.12899604,False,28.505763,1.0132930171137888,102.98554775499906,60,3832734926417731,90.0,11058,0,1,2,10056,False,0.0,16.7,21f7d045303ea44a36575a367db9c07af76ca7f2612d5c7caa71ee4005c64178,25,1.101424217224121,6.810546875,235.4736328125
v2_E1_periodic_rho1.1_seed2026-20261009T145526-44ec3b10,v2_E1_periodic_rho1.1_seed2026,E1,periodic,1.1,2026,184.3109333206322,eager,fp32,11.433333333333334,1029,1029,0.09305480195333696,main_process_warmup_measurement_drain_and_request_export_excludes_loadgen,0.0,0,0.001369,0.0,1029,30025.344033,30230.3850418,30249.80340012,False,9.389402,1.0147228307825031,103.09105073899991,60,3753722591742167,90.0,11058,0,1,2,10028,False,0.0,17.166666666666668,1e435436bbf72295a5be78a7ca0970540b424350d6bcb0f1d8f1b98603e62cbc,1,1.101424217224121,7.005859375,235.4736328125
v2_E1_periodic_rho1.1_seed42-20261009T042148-7576f646,v2_E1_periodic_rho1.1_seed42,E1,periodic,1.1,42,184.3109333206322,eager,fp32,11.411111111111111,1027,1027,0.09287393742087177,main_process_warmup_measurement_drain_and_request_export_excludes_loadgen,0.0,0,0.0013894300000000003,0.0,1027,30077.847449,30684.750010800002,30703.60511628,False,0.025142,1.0157724750776742,103.21523913400006,60,3715704415926394,90.0,11058,0,1,2,10024,False,0.0,17.216666666666665,47594d920731da0f47d68901837cc6b5b15ba3e39fb049533712a0a381477fd9,7,1.101424217224121,6.810546875,235.4736328125
v2_E1_poisson_rho0.3_seed17-20261009T150934-7a47341b,v2_E1_poisson_rho0.3_seed17,E1,poisson,0.3,17,50.26661817835423,eager,fp32,14.221293297630545,1267,1267,0.40569964777457573,main_process_warmup_measurement_drain_and_request_export_excludes_loadgen,0.0,0,0.0014499199999999965,0.0,1267,28929.332596,29309.1770447,29358.2230828,False,0.0,1.0240038847966828,102.9260413890006,60,3754570803355496,89.091756529,3123,0,1,2,1856,False,0.0,18.216666666666665,f58f3fdba9c82b5ffdd3f93aea74f89d0419d5e0a7644d7145e88671637a541b,0,1.101424217224121,7.005859375,235.4736328125
v2_E1_poisson_rho0.3_seed2026-20261009T152640-486d0254,v2_E1_poisson_rho0.3_seed2026,E1,poisson,0.3,2026,50.26661817835423,eager,fp32,14.604938397438511,1302,1302,0.4321274477265184,main_process_warmup_measurement_drain_and_request_export_excludes_loadgen,0.0,0,0.0013714000000000005,0.0,1302,28902.8434585,29270.5824234,29296.98673929,False,0.0,1.0235031939926633,102.92797871400035,60,3755596467417414,89.147928226,3013,0,1,2,1711,False,0.0,17.6,ac50fe51a46f4d1881e84280fb8a64c542ca20bd6ebc3cb74dbf10797fcd4dc0,0,1.101424217224121,7.005859375,235.4736328125
v2_E1_poisson_rho0.3_seed42-20261009T160730-1d4d2e37,v2_E1_poisson_rho0.3_seed42,E1,poisson,0.3,42,50.26661817835423,eager,fp32,13.631968664359373,1212,1212,0.40535117056856185,main_process_warmup_measurement_drain_and_request_export_excludes_loadgen,0.0,0,0.0015610900000000024,0.0,1212,28988.438341,29962.31346535,30008.23708754,False,0.0,1.0244325408124015,102.79272303299877,60,3758045913717638,88.908655077,2990,0,1,2,1778,False,0.0,17.133333333333333,63ad26e040f24f4b069f84bbf0fb22021db3a0c49f0dbf99114a5232f592a41f,0,1.101424217224121,7.005859375,235.4736328125
v2_E1_poisson_rho0.6_seed17-20261010T130452-ef4ca8ad,v2_E1_poisson_rho0.6_seed17,E1,poisson,0.6,17,100.53323635670846,eager,fp32,11.233333333333333,1011,1011,0.16254019292604502,main_process_warmup_measurement_drain_and_request_export_excludes_loadgen,0.0,0,0.001583,0.0,1011,30324.965247,30481.238915,30518.6707568,False,0.065724,1.020134544233938,103.57281544699981,60,3833488712449538,90.0,6220,0,1,2,5204,False,0.0,16.933333333333334,45420eb30d1219a26a90ed0186358623896e695612ab698074625890a50eb911,5,1.101424217224121,6.810546875,235.4736328125
v2_E1_poisson_rho0.6_seed2026-20261009T055620-7d6496eb,v2_E1_poisson_rho0.6_seed2026,E1,poisson,0.6,2026,100.53323635670846,eager,fp32,11.43571197506386,1027,1027,0.17350903868896772,main_process_warmup_measurement_drain_and_request_export_excludes_loadgen,0.0,0,0.001463,0.0,1027,29918.254145,30119.2568556,30146.15153966,False,0.0,1.0215823264618211,103.47049388699816,60,3721376717601676,89.806389164,5919,0,1,2,4892,False,0.0,17.133333333333333,ee5d0b9338e084c7fbe3b0ad729d9957c3b80cffb625f4f8c26c319377632b88,0,1.101424217224121,6.810546875,235.4736328125
v2_E1_poisson_rho0.6_seed42-20261009T052925-ecd39e0e,v2_E1_poisson_rho0.6_seed42,E1,poisson,0.6,42,100.53323635670846,eager,fp32,11.582139327630856,1031,1031,0.16764227642276422,main_process_warmup_measurement_drain_and_request_export_excludes_loadgen,0.0,0,0.0014915700000000015,0.0,1031,29741.994656,29991.0397975,30053.225543300003,False,0.0,1.020692386080798,102.61664011999892,60,3719761801746861,89.016370019,6150,0,1,2,5119,False,0.0,17.166666666666668,3550708f2c46335e73bf67984a62a283e062b3554793ac2a3eb5cf3111e975cf,0,1.101424217224121,6.810546875,235.4736328125
v2_E1_poisson_rho0.9_seed17-20261010T133306-f811414d,v2_E1_poisson_rho0.9_seed17,E1,poisson,0.9,17,150.7998545350627,eager,fp32,11.28888888888889,1016,1016,0.10971922246220302,main_process_warmup_measurement_drain_and_request_export_excludes_loadgen,0.0,0,0.0014661499999999977,0.0,1016,30241.0087835,30682.872103,30747.85157735,False,24.760707,1.0160825095427513,103.21518289600135,60,3835182335390691,90.0,9260,0,1,2,8242,False,0.0,16.95,c09a3c82afffc74b045303765880fe8b27c55d906f340e79f85b585c7a6dded2,2,1.101424217224121,6.810546875,235.4736328125
v2_E1_poisson_rho0.9_seed2026-20261009T144315-417d01c4,v2_E1_poisson_rho0.9_seed2026,E1,poisson,0.9,2026,150.7998545350627,eager,fp32,11.494320889468206,1028,1028,0.11509180474697717,main_process_warmup_measurement_drain_and_request_export_excludes_loadgen,0.0,0,0.001377140000000003,0.0,1028,30184.270177,30518.0519989,30536.29555187,False,0.0,1.0178687151212737,102.78912332000073,60,3752991847103815,89.435470776,8932,0,1,2,7904,False,0.0,17.133333333333333,f0b27fd95cfd2154ed0e484796726dba8003c075bc7330861a07717f4c6c54dc,0,1.101424217224121,7.005859375,235.4736328125
v2_E1_poisson_rho0.9_seed42-20261009T142614-56fe4ff9,v2_E1_poisson_rho0.9_seed42,E1,poisson,0.9,42,150.7998545350627,eager,fp32,11.71111111111111,1054,1054,0.1155575046595768,main_process_warmup_measurement_drain_and_request_export_excludes_loadgen,0.0,0,0.0017213999999999869,0.0,1054,29570.731204000003,30187.151527500002,30259.50741065,False,6.381548,1.0171412746416715,103.3111614770005,60,3751970843036068,90.0,9121,0,1,2,8063,False,0.0,17.633333333333333,449d1e1ae3b1506d4502aea8af196ffcccb3f3899ad1fec8298ee1128afb7f15,4,1.101424217224121,7.005859375,235.4736328125
v2_E1_poisson_rho1.1_seed17-20261009T164228-70265aa8,v2_E1_poisson_rho1.1_seed17,E1,poisson,1.1,17,184.3109333206322,eager,fp32,11.577777777777778,1042,1042,0.09277891550173627,main_process_warmup_measurement_drain_and_request_export_excludes_loadgen,0.0,0,0.001454900000000005,0.0,1042,29749.9349985,30408.2808906,30445.374016539998,False,0.093151,1.0156899018511658,103.22197090899863,60,3760144665418759,90.0,11231,0,1,2,10182,False,0.0,17.483333333333334,08d31b4336f2e0cbf16147b13efd92f6a7b805c36f07070deac3dd1362acc25c,7,1.101424217224121,7.005859375,235.4736328125
v2_E1_poisson_rho1.1_seed2026-20261009T045811-01c0b0f0,v2_E1_poisson_rho1.1_seed2026,E1,poisson,1.1,2026,184.3109333206322,eager,fp32,11.233333333333333,1011,1011,0.09207650273224044,main_process_warmup_measurement_drain_and_request_export_excludes_loadgen,0.0,0,0.0014002099999999992,0.0,1011,30577.616446,30859.5446045,30966.922051899997,False,0.097053,1.0157873554959294,103.21102920399971,60,3717887692246618,90.0,10980,0,1,2,9959,False,0.0,17.016666666666666,6f2f0709f33289b3293ca8702c7d4f304c70608b23b971037275fc4f422e54b0,10,1.101424217224121,6.810546875,235.4736328125
v2_E1_poisson_rho1.1_seed42-20261010T121636-205f753c,v2_E1_poisson_rho1.1_seed42,E1,poisson,1.1,42,184.3109333206322,eager,fp32,10.755555555555556,968,968,0.08666069829901522,main_process_warmup_measurement_drain_and_request_export_excludes_loadgen,0.0,0,0.0021217499999999874,0.0,968,31218.9858345,31522.737310499997,31575.82010724,False,0.031517,1.0142439477622032,103.04167481099921,60,3830592710659877,90.0,11170,0,1,2,10178,False,0.0,16.533333333333335,55058b887ff913f83ff6bc204638bbb5d7bdd006e877abe36dc6e4e1dc92c264,24,1.101424217224121,6.810546875,235.4736328125
v2_F0_burst_rho0.3_seed17-20261009T055041-0e46d472,v2_F0_burst_rho0.3_seed17,F0,burst,0.3,17,50.26661817835423,graph,fp32,52.03333333333333,3122,997,1.0,main_process_warmup_measurement_drain_and_request_export_excludes_loadgen,0.022281879194630774,0,0.68834668,16.45,2135,156.02626800000002,233.20890695,262.05992052999994,False,0.0,2.0608330197136064,146.33248234400162,60,3721037562150264,60.0,3122,987,47,2,0,False,0.31614349775784756,52.03333333333333,f544f3c5cfad8ce018354af072ed36a3bd3f3f3cab23add1a43373ca3d0ecc8e,0,0.9876527786254883,6.810546875,235.4736328125
v2_F0_burst_rho0.3_seed2026-20261009T050943-77ced7f1,v2_F0_burst_rho0.3_seed2026,F0,burst,0.3,2026,50.26661817835423,graph,fp32,50.28333333333333,3017,1000,1.0,main_process_warmup_measurement_drain_and_request_export_excludes_loadgen,0.023509655751469245,0,0.6933933600000001,16.1,2051,149.225691,230.5036558,265.8456337600001,False,0.0,2.025707618079492,143.77857014999972,60,3718579835147453,60.0,3017,966,50,2,0,False,0.32018561484918795,50.28333333333333,1769275a11fe878f5251893d38a92d49b09c8a53a4dd9046479c2bff4e8b3964,0,0.9876527786254883,6.810546875,235.4736328125
v2_F0_burst_rho0.3_seed42-20261009T165105-991ca706,v2_F0_burst_rho0.3_seed42,F0,burst,0.3,42,50.26661817835423,graph,fp32,50.1,3006,981,1.0,main_process_warmup_measurement_drain_and_request_export_excludes_loadgen,0.023372287145241945,0,0.6890118999999999,16.55,2013,149.406691,222.27656349999998,263.3628609999997,False,0.0,1.9914882295337117,141.32146821399874,60,3760661465904151,60.0,3006,993,51,2,0,False,0.33033932135728544,50.1,d8eb649b0fc92f03c87cb6beed02020559d2259081938a6869dc836e241815c3,0,0.9876527786254883,7.005859375,235.4736328125
v2_F0_burst_rho0.6_seed17-20261009T161439-c4e91128,v2_F0_burst_rho0.6_seed17,F0,burst,0.6,17,100.53323635670846,graph,fp32,103.55,6213,1710,1.0,main_process_warmup_measurement_drain_and_request_export_excludes_loadgen,0.009408235614944133,0,0.6298943200000027,13.283333333333333,5416,302.591685,512.0562982,582.1391176800003,False,0.0,3.340848519788516,238.00099542300086,60,3758475069590071,60.0,6213,797,106,2,0,False,0.1282794141316594,103.55,29de34386c934e2b4e9abdc4c1900606c69874440646383900faedde2ae948b8,0,0.9876527786254883,7.005859375,235.4736328125
v2_F0_burst_rho0.6_seed2026-20261009T040103-d4754fa1,v2_F0_burst_rho0.6_seed2026,F0,burst,0.6,2026,100.53323635670846,graph,fp32,98.68333333333334,5921,1630,1.0,main_process_warmup_measurement_drain_and_request_export_excludes_loadgen,0.01270574646260469,0,0.6026864000000005,13.716666666666667,5098,281.823088,484.762451,563.5584234000002,False,0.0,3.119205714915357,222.24919446299998,60,3714459763863807,60.0,5921,823,105,2,0,False,0.1389967910825874,98.68333333333334,ed2f113927c5fe25bf1fa52d0505d0c4e15487e5039da542332897befb2c7cd6,0,0.9251527786254883,5.5,235.4736328125
v2_F0_burst_rho0.6_seed42-20261010T131107-8c51b943,v2_F0_burst_rho0.6_seed42,F0,burst,0.6,42,100.53323635670846,graph,fp32,102.63333333333334,6158,1686,1.0,main_process_warmup_measurement_drain_and_request_export_excludes_loadgen,0.011891592920354008,0,0.6768487300000015,11.383333333333333,5475,313.96694,530.8316201499999,677.31409856,False,0.0,3.3719496654425885,240.34436522100077,60,3833863179988896,60.0,6158,683,110,2,0,False,0.11091263397206885,102.63333333333334,0172cfcd8e03c5ca8300f0f3ef437f2b40e177616475ecd809c98cd011c32314,0,0.9876527786254883,6.810546875,235.4736328125
v2_F0_burst_rho0.9_seed17-20261009T043044-2d123c4c,v2_F0_burst_rho0.9_seed17,F0,burst,0.9,17,150.7998545350627,graph,fp32,153.95,9237,2384,1.0,main_process_warmup_measurement_drain_and_request_export_excludes_loadgen,0.0035911602209944713,0,0.046208319999998124,8.616666666666667,8720,502.159717,876.0959719999997,1005.4942812399993,False,0.0,4.427274894558785,317.0420666559994,60,3716239964248818,60.0,9237,517,172,2,0,False,0.05597055320991664,154.05,be75506b3aa64dfd78214f93dd5b7618ef52f07e47d85b64d077ecf957c094c9,0,0.9876527786254883,6.810546875,235.4736328125
v2_F0_burst_rho0.9_seed2026-20261009T043848-5bec9878,v2_F0_burst_rho0.9_seed2026,F0,burst,0.9,2026,150.7998545350627,graph,fp32,148.8671895615926,8949,2330,1.0,main_process_warmup_measurement_drain_and_request_export_excludes_loadgen,0.0060356390113048605,0,0.27092312000001323,10.083333333333334,8344,468.930948,829.4625226000002,970.5612265200001,False,0.0,4.28104964832768,307.22434122100003,60,3716723988123698,60.11398499800001,8949,605,196,2,0,False,0.06760531903005923,148.88333333333333,f28047f28db8c220878886fe0a73bba9002cd4c886d962e4d855589e4dbd564e,0,0.9876527786254883,6.810546875,235.4736328125
v2_F0_burst_rho0.9_seed42-20261010T115408-b981823e,v2_F0_burst_rho0.9_seed42,F0,burst,0.9,42,150.7998545350627,graph,fp32,151.86666666666667,9112,2387,1.0,main_process_warmup_measurement_drain_and_request_export_excludes_loadgen,0.005904404873477038,0,0.24542224999999956,10.5,8482,462.799102,811.2683374499998,969.7457342599988,False,0.0,4.423941765309758,316.04719239099995,60,3829244849281166,60.0,9112,630,173,2,0,False,0.06913959613696224,152.03333333333333,ea557a305412b917aa90f4236cada7e774299c6bfe56102e0001b5b502863c0a,0,0.9876527786254883,6.810546875,235.4736328125
v2_F0_burst_rho1.1_seed17-20261009T162255-5acedc96,v2_F0_burst_rho1.1_seed17,F0,burst,1.1,17,184.3109333206322,graph,fp32,156.44732075715083,9723,2431,0.8653435386258455,main_process_warmup_measurement_drain_and_request_export_excludes_loadgen,0.0,0,0.031716649999999874,0.0,9723,2762.253625,3251.757713899999,3515.73563726,False,0.0,4.720451847543434,348.9912543129976,60,3758971196983276,62.148715318,11236,0,512,2,1513,False,0.0,161.73333333333332,8b5390d301d8d17d112eb13828abeb9b1e3388e13f8e4b783253ebe47955d967,0,0.9876527786254883,7.005859375,235.4736328125
v2_F0_burst_rho1.1_seed2026-20261009T154105-90b2dd48,v2_F0_burst_rho1.1_seed2026,F0,burst,1.1,2026,184.3109333206322,graph,fp32,161.83657959458026,10059,2515,0.9159533782553269,main_process_warmup_measurement_drain_and_request_export_excludes_loadgen,0.0,0,0.020738030000002818,0.0,10059,2635.886933,3116.2347811,3238.6165719000005,False,0.0,4.562214961425291,337.252532941,60,3756461920771068,62.155292859,10982,0,512,2,923,False,0.0,164.6,895bcb75009445f59530d45e118f5c504ab28dacd382228c0474c7d799a637e2,0,0.9876527786254883,7.005859375,235.4736328125
v2_F0_burst_rho1.1_seed42-20261010T122622-2231f5f0,v2_F0_burst_rho1.1_seed42,F0,burst,1.1,42,184.3109333206322,graph,fp32,156.59484477515596,9746,2437,0.8725937863729967,main_process_warmup_measurement_drain_and_request_export_excludes_loadgen,8.664760419374403e-05,0,0.010735,0.0,9746,2767.9362695,3277.6299497500004,3426.4268438,False,0.0,4.699723984033749,347.71849319300054,60,3831178575620460,62.23704243900001,11169,0,512,2,1423,False,0.0,160.53333333333333,9efffd6da0094fe915ec1496fa376311f47851dc7900db04cd9411ecbae71009,0,0.9876527786254883,6.810546875,235.4736328125
v2_F0_periodic_rho0.3_seed17-20261009T151702-6c78a10f,v2_F0_periodic_rho0.3_seed17,F0,periodic,0.3,17,50.26661817835423,graph,fp32,50.235258810072885,3016,3012,1.0,main_process_warmup_measurement_drain_and_request_export_excludes_loadgen,0.0,0,0.0025612499999999997,48.7,94,53.699812,65.87224475000001,72.98099569999998,False,0.0,2.2848381853908877,163.80677821500103,60,3755018435385493,60.037512922999994,3016,2922,5,2,0,False,0.9688328912466844,50.266666666666666,b9e212fdb8b354367e79a6f9e8ed4f376177450cb6a1535b6a87dc96e178ac8d,0,0.9876527786254883,7.005859375,235.4736328125
v2_F0_periodic_rho0.3_seed2026-20261010T132019-f84f40ff,v2_F0_periodic_rho0.3_seed2026,F0,periodic,0.3,2026,50.26661817835423,graph,fp32,50.24080320525932,3016,3012,1.0,main_process_warmup_measurement_drain_and_request_export_excludes_loadgen,0.0,0,0.001822399999999996,49.36666666666667,54,51.6005615,63.04962775,68.78016619999997,False,0.0,2.227449120793042,159.82805889899828,60,3834415511544982,60.030887398000004,3016,2962,4,2,0,False,0.9820954907161804,50.28333333333333,9d899d12611723176fa824b30a93542dd88c91e759a2baa5804d025867d15b2d,0,0.9876527786254883,6.810546875,235.4736328125
v2_F0_periodic_rho0.3_seed42-20261009T054121-2dde038f,v2_F0_periodic_rho0.3_seed42,F0,periodic,0.3,42,50.26661817835423,graph,fp32,50.23601423488952,3016,3013,1.0,main_process_warmup_measurement_drain_and_request_export_excludes_loadgen,0.0,0,0.00259085,49.35,55,52.218057,63.98279325,72.0508707,False,0.0,2.194530054232626,157.45871204099967,60,3720476949467624,60.036610108000005,3016,2961,5,2,0,False,0.9817639257294429,50.266666666666666,aa855238018031ee002552d6a3047acb9ae188fc32e75d168cc348cb5da30301,0,0.9876527786254883,6.810546875,235.4736328125
v2_F0_periodic_rho0.6_seed17-20261009T154916-5d149501,v2_F0_periodic_rho0.6_seed17,F0,periodic,0.6,17,100.53323635670846,graph,fp32,100.43797794226239,6032,5596,1.0,main_process_warmup_measurement_drain_and_request_export_excludes_loadgen,0.0026923621935666733,0,0.0024506899999999997,80.4,1208,63.170203,79.21659285,90.1006443699999,False,0.0,4.362591245563802,313.5764358990018,60,3756952306515278,60.056963745999994,6032,4824,11,2,0,False,0.7997347480106101,100.51666666666667,29da8ce27517b2a8e82e042e0e8e20fd3c5efe55eca3ff73aec2ec02c266c48d,0,0.9876527786254883,7.005859375,235.4736328125
v2_F0_periodic_rho0.6_seed2026-20261009T052201-5f49a0cd,v2_F0_periodic_rho0.6_seed2026,F0,periodic,0.6,2026,100.53323635670846,graph,fp32,100.44286980749507,6032,5680,1.0,main_process_warmup_measurement_drain_and_request_export_excludes_loadgen,0.001135395969344308,0,0.002623519999999997,85.18333333333334,921,61.786972,76.37677885,85.35603718,False,0.0,4.355844444828801,313.1959097399995,60,3719317796491006,60.05403879399999,6032,5111,10,2,0,False,0.8473143236074271,100.55,bf039de12a7b8a965986ec3b131087898d7a79085d1b02dffccda7c0506fc496,0,0.9876527786254883,6.810546875,235.4736328125
v2_F0_periodic_rho0.6_seed42-20261009T142047-d20f7261,v2_F0_periodic_rho0.6_seed42,F0,periodic,0.6,42,100.53323635670846,graph,fp32,100.45042735997347,6032,5678,1.0,main_process_warmup_measurement_drain_and_request_export_excludes_loadgen,0.0009936124911284596,0,0.00270669,84.45,965,62.2028955,76.75040424999999,86.56209731999998,False,0.0,4.332260124705197,311.282769939,60,3751643320347944,60.049520529999995,6032,5067,10,2,0,False,0.8400198938992043,100.51666666666667,d5b52ee89e82c90a4e95c69f9e643fd3fb9d2309b6c0dddcf00a956904d8faca,0,0.9876527786254883,7.005859375,235.4736328125
v2_F0_periodic_rho0.9_seed17-20261010T120417-ed745e8d,v2_F0_periodic_rho0.9_seed17,F0,periodic,0.9,17,150.7998545350627,graph,fp32,150.09073910804992,9048,2607,1.0,main_process_warmup_measurement_drain_and_request_export_excludes_loadgen,0.08184743846220893,0,0.0017351200000000025,73.41666666666667,4643,106.261123,127.93808195,359.57657339000014,False,0.0,5.793790153724825,417.1087923649998,60,3829853528994431,60.28353284000001,9048,4405,63,2,0,False,0.4868479221927498,150.18333333333334,bee2f9be04d0d1bdeaea7583177e33eb7bcb91f52f59c0f32f6158dfda772148,0,0.9876527786254883,6.810546875,235.4736328125
v2_F0_periodic_rho0.9_seed2026-20261010T124114-d20ae7d0,v2_F0_periodic_rho0.9_seed2026,F0,periodic,0.9,2026,150.7998545350627,graph,fp32,150.5823667461489,9048,2610,1.0,main_process_warmup_measurement_drain_and_request_export_excludes_loadgen,0.0801673056814237,0,0.0018435900000000022,71.41666666666667,4763,106.22211250000001,138.57777065,378.87806555000185,False,0.0,5.812414099107813,418.65006419600104,60,3832070713383302,60.086716628999994,9048,4285,66,2,0,False,0.47358532272325377,150.83333333333334,123e6206f2bf72ecb28daaa631f449e9a1b416d34a99a9127e4ad7085ee0f731,0,0.9876527786254883,6.810546875,235.4736328125
v2_F0_periodic_rho0.9_seed42-20261009T140931-307cc086,v2_F0_periodic_rho0.9_seed42,F0,periodic,0.9,42,150.7998545350627,graph,fp32,150.55935146567342,9048,2611,1.0,main_process_warmup_measurement_drain_and_request_export_excludes_loadgen,0.07888307155322975,0,0.0023421200000000027,72.5,4698,105.88373250000001,135.60984855,373.1193937100012,False,0.0,5.781512350059844,416.3616559280001,60,3750967118505555,60.095901795,9048,4350,66,2,0,False,0.4807692307692308,150.83333333333334,3181830f4a2c00ba7582158261508b43c771e9346d392495d8a61cd8c5beae23,0,0.9876527786254883,7.00390625,235.4736328125
v2_F0_periodic_rho1.1_seed17-20261010T124640-0dd75a3e,v2_F0_periodic_rho1.1_seed17,F0,periodic,1.1,17,184.3109333206322,graph,fp32,160.32032258031487,10093,2524,0.9127328630855489,main_process_warmup_measurement_drain_and_request_export_excludes_loadgen,0.00016751821760616463,0,0.0019028600000000006,0.0,10093,3083.216372,3329.143262399999,3361.98302892,False,0.0,5.759914519703479,430.676274686999,60,3832396937703926,62.955212649,11058,0,512,2,965,False,0.0,163.0,21f7d045303ea44a36575a367db9c07af76ca7f2612d5c7caa71ee4005c64178,0,0.9876527786254883,6.810546875,235.4736328125
v2_F0_periodic_rho1.1_seed2026-20261009T145829-4a5ca67e,v2_F0_periodic_rho1.1_seed2026,F0,periodic,1.1,2026,184.3109333206322,graph,fp32,166.04572476363828,10449,2613,0.9449267498643517,main_process_warmup_measurement_drain_and_request_export_excludes_loadgen,0.00016266775111834075,0,0.0016188600000000006,0.0,10449,2967.484922,3090.726126,3394.42341916,False,0.0,5.776734610321066,431.535019551,60,3753905692780459,62.92844946699999,11058,0,512,2,609,False,0.0,168.13333333333333,1e435436bbf72295a5be78a7ca0970540b424350d6bcb0f1d8f1b98603e62cbc,0,0.9876527786254883,7.005859375,235.4736328125
v2_F0_periodic_rho1.1_seed42-20261009T041206-4313bfb2,v2_F0_periodic_rho1.1_seed42,F0,periodic,1.1,42,184.3109333206322,graph,fp32,164.94979503109067,10383,2596,0.9389582202930006,main_process_warmup_measurement_drain_and_request_export_excludes_loadgen,0.0001635456701283833,0,0.0023694300000000005,0.0,10383,2974.494972,3164.4420336999997,3343.32079836,False,0.0,5.761259692463906,430.31571779,60,3715122056971489,62.946425596,11058,0,512,2,675,False,0.0,166.73333333333332,47594d920731da0f47d68901837cc6b5b15ba3e39fb049533712a0a381477fd9,0,0.9876527786254883,6.810546875,235.4736328125
v2_F0_poisson_rho0.3_seed17-20261009T150706-99104d2a,v2_F0_poisson_rho0.3_seed17,F0,poisson,0.3,17,50.26661817835423,graph,fp32,52.0112877454095,3123,2957,1.0,main_process_warmup_measurement_drain_and_request_export_excludes_loadgen,0.0049207217058501885,0,0.0027127399999999917,45.766666666666666,377,57.689104,76.32709299999999,85.42167735999999,False,0.0,2.4150377159179848,173.3503676729997,60,3754421965177275,60.044658291999994,3123,2746,11,2,0,False,0.8792827409542107,52.083333333333336,f58f3fdba9c82b5ffdd3f93aea74f89d0419d5e0a7644d7145e88671637a541b,0,0.9876527786254883,7.005859375,235.4736328125
v2_F0_poisson_rho0.3_seed2026-20261009T153007-ada576ff,v2_F0_poisson_rho0.3_seed2026,F0,poisson,0.3,2026,50.26661817835423,graph,fp32,50.17385987811846,3013,2845,1.0,main_process_warmup_measurement_drain_and_request_export_excludes_loadgen,0.004580589750930432,0,0.0015250800000000016,44.65,334,57.698846,76.11695300000001,87.72784872000001,False,0.0,2.347631849915889,168.51714119399912,60,3755803606118635,60.051190148,3013,2679,12,2,0,False,0.8891470295386658,50.18333333333333,ac50fe51a46f4d1881e84280fb8a64c542ca20bd6ebc3cb74dbf10797fcd4dc0,0,0.9876527786254883,7.005859375,235.4736328125
v2_F0_poisson_rho0.3_seed42-20261009T160615-90230a5e,v2_F0_poisson_rho0.3_seed42,F0,poisson,0.3,42,50.26661817835423,graph,fp32,49.81750283376076,2990,2787,1.0,main_process_warmup_measurement_drain_and_request_export_excludes_loadgen,0.007386363636363619,0,0.002409750000000003,42.5,440,59.334898499999994,83.51818919999998,101.11585428000002,False,0.0,2.3962454385491885,171.93280553600198,60,3757971424852617,60.019066190000004,2990,2550,14,2,0,False,0.8528428093645485,49.916666666666664,63ad26e040f24f4b069f84bbf0fb22021db3a0c49f0dbf99114a5232f592a41f,0,0.9876527786254883,7.005859375,235.4736328125
v2_F0_poisson_rho0.6_seed17-20261010T125637-6600f827,v2_F0_poisson_rho0.6_seed17,F0,poisson,0.6,17,100.53323635670846,graph,fp32,103.58077847262726,6220,3877,1.0,main_process_warmup_measurement_drain_and_request_export_excludes_loadgen,0.050293925538863804,0,0.002596239999999998,62.78333333333333,2453,82.25980799999999,121.21168634999998,133.68886193999984,False,0.0,4.427781241882174,318.21539001199926,60,3832993066710002,60.04975142799999,6220,3767,24,2,0,False,0.6056270096463022,103.63333333333334,45420eb30d1219a26a90ed0186358623896e695612ab698074625890a50eb911,0,0.9876527786254883,6.810546875,235.4736328125
v2_F0_poisson_rho0.6_seed2026-20261009T060203-a031319c,v2_F0_poisson_rho0.6_seed2026,F0,poisson,0.6,2026,100.53323635670846,graph,fp32,98.59978735494434,5919,4037,1.0,main_process_warmup_measurement_drain_and_request_export_excludes_loadgen,0.043776223776224296,0,0.001687479999999996,63.35,2118,75.279918,117.24197699999999,132.5507453,False,0.0,4.2541130023807385,305.5799603859996,60,3721719511159801,60.030555428,5919,3801,24,2,0,False,0.6421692853522555,98.71666666666667,ee5d0b9338e084c7fbe3b0ad729d9957c3b80cffb625f4f8c26c319377632b88,0,0.9876527786254883,6.810546875,235.4736328125
v2_F0_poisson_rho0.6_seed42-20261009T052543-8f4b7f2a,v2_F0_poisson_rho0.6_seed42,F0,poisson,0.6,42,100.53323635670846,graph,fp32,102.34261901468146,6150,3835,1.0,main_process_warmup_measurement_drain_and_request_export_excludes_loadgen,0.05278514588859441,0,0.0027080200000000007,62.25,2415,81.81692100000001,124.61181864999999,162.50159899000022,False,0.0,4.398886071021605,316.4027971020005,60,3719539532487362,60.092267124,6150,3735,43,2,0,False,0.6073170731707317,102.33333333333333,3550708f2c46335e73bf67984a62a283e062b3554793ac2a3eb5cf3111e975cf,0,0.9876527786254883,6.810546875,235.4736328125
v2_F0_poisson_rho0.9_seed17-20261010T133036-9bdcc9bc,v2_F0_poisson_rho0.9_seed17,F0,poisson,0.9,17,150.7998545350627,graph,fp32,154.0001962049977,9260,2700,1.0,main_process_warmup_measurement_drain_and_request_export_excludes_loadgen,0.030657847693957456,0,0.0023895099999999983,53.13333333333333,6072,129.43864150000002,317.4671316999998,487.53866589,False,0.0,5.6145195227575995,404.3463502550003,60,3835032442574949,60.129793520999996,9260,3188,85,2,0,False,0.34427645788336936,154.21666666666667,c09a3c82afffc74b045303765880fe8b27c55d906f340e79f85b585c7a6dded2,0,0.9876527786254883,6.810546875,235.4736328125
v2_F0_poisson_rho0.9_seed2026-20261009T144728-bf856c45,v2_F0_poisson_rho0.9_seed2026,F0,poisson,0.9,2026,150.7998545350627,graph,fp32,148.59124106017708,8932,2819,1.0,main_process_warmup_measurement_drain_and_request_export_excludes_loadgen,0.03520864381520077,0,0.002693070000000002,57.93333333333333,5456,120.445265,243.01155179999986,387.61101058000037,False,0.0,5.469788046212272,393.93742539400046,60,3753244797025275,60.111214741,8932,3476,70,2,0,False,0.3891625615763547,148.8,f0b27fd95cfd2154ed0e484796726dba8003c075bc7330861a07717f4c6c54dc,0,0.9876527786254883,7.005859375,235.4736328125
v2_F0_poisson_rho0.9_seed42-20261009T143504-20f2a19a,v2_F0_poisson_rho0.9_seed42,F0,poisson,0.9,42,150.7998545350627,graph,fp32,151.8766405250221,9121,2819,1.0,main_process_warmup_measurement_drain_and_request_export_excludes_loadgen,0.030701754385964487,0,0.002462199999999997,58.55,5608,122.195689,232.382499,380.4326512,False,0.0,5.427174995150963,390.913665131,60,3752500927340838,60.055318372,9121,3513,70,2,0,False,0.385155136498191,152.13333333333333,449d1e1ae3b1506d4502aea8af196ffcccb3f3899ad1fec8298ee1128afb7f15,0,0.9876527786254883,7.005859375,235.4736328125
v2_F0_poisson_rho1.1_seed17-20261009T163951-6b47b8e9,v2_F0_poisson_rho1.1_seed17,F0,poisson,1.1,17,184.3109333206322,graph,fp32,158.23575265746413,9961,2491,0.8869201317781141,main_process_warmup_measurement_drain_and_request_export_excludes_loadgen,8.417508417508415e-05,0,0.0016038000000000029,0.0,9961,3078.964944,3267.012866,3424.7045894,False,0.0,5.630491354295269,420.53893477699967,60,3759987931020821,62.950375201,11231,0,512,2,1270,False,0.0,162.86666666666667,08d31b4336f2e0cbf16147b13efd92f6a7b805c36f07070deac3dd1362acc25c,0,0.9876527786254883,7.005859375,235.4736328125
v2_F0_poisson_rho1.1_seed2026-20261009T044947-be8fc71c,v2_F0_poisson_rho1.1_seed2026,F0,poisson,1.1,2026,184.3109333206322,graph,fp32,163.55516130604585,10290,2573,0.9371584699453552,main_process_warmup_measurement_drain_and_request_export_excludes_loadgen,0.0011598044901002405,0,0.001593469999999994,0.0,10290,2961.991383,3128.6539192499995,3338.94506778,False,0.0,5.599103760441761,418.0373915710006,60,3717383246084610,62.914553829,10980,0,512,2,690,False,0.0,165.13333333333333,6f2f0709f33289b3293ca8702c7d4f304c70608b23b971037275fc4f422e54b0,0,0.9876527786254883,6.810546875,235.4736328125
v2_F0_poisson_rho1.1_seed42-20261010T121225-bace8f10,v2_F0_poisson_rho1.1_seed42,F0,poisson,1.1,42,184.3109333206322,graph,fp32,159.34526590236877,10078,2520,0.9022381378692927,main_process_warmup_measurement_drain_and_request_export_excludes_loadgen,0.00016840687100033678,0,0.0017993099999999995,0.0,10078,3082.079998,3305.2172987,3366.23608348,False,0.0,5.596378952274763,419.6945837150006,60,3830341928822647,63.246309471000004,11170,0,512,2,1092,False,0.0,162.8,55058b887ff913f83ff6bc204638bbb5d7bdd006e877abe36dc6e4e1dc92c264,0,0.9876527786254883,6.810546875,235.4736328125
v2_G0_burst_rho0.3_seed17-20261009T055154-35e307b0,v2_G0_burst_rho0.3_seed17,G0,burst,0.3,17,50.26661817835423,graph,fp32,25.982917151286937,2008,2008,0.6431774503523382,main_process_warmup_measurement_drain_and_request_export_excludes_loadgen,0.0,0,0.68871307,0.0,2008,17017.5400985,17953.168897699998,18068.40796206,False,0.0,0.8941510528143506,79.34457026399832,60,3721110580678119,77.281545729,3122,0,1,2,1114,False,0.0,29.033333333333335,f544f3c5cfad8ce018354af072ed36a3bd3f3f3cab23add1a43373ca3d0ecc8e,0,0.9876527786254883,6.810546875,235.4736328125
v2_G0_burst_rho0.3_seed2026-20261009T050634-ea31ba72,v2_G0_burst_rho0.3_seed2026,G0,burst,0.3,2026,50.26661817835423,graph,fp32,27.262600600044465,2105,2105,0.6977129598939343,main_process_warmup_measurement_drain_and_request_export_excludes_loadgen,0.0,0,0.6861746400000001,0.0,2105,17204.095133,17929.180198399998,18020.01606872,False,0.0,0.8892422269811066,78.84770530099922,60,3718390147788584,77.212003025,3017,0,1,2,912,False,0.0,29.8,1769275a11fe878f5251893d38a92d49b09c8a53a4dd9046479c2bff4e8b3964,0,0.9876527786254883,6.810546875,235.4736328125
v2_G0_burst_rho0.3_seed42-20261009T164935-ea73c500,v2_G0_burst_rho0.3_seed42,G0,burst,0.3,42,50.26661817835423,graph,fp32,26.117964412879605,1996,1996,0.6640053226879574,main_process_warmup_measurement_drain_and_request_export_excludes_loadgen,0.0,0,0.6869002,0.0,1996,17365.307692000002,18038.117889,18104.5158104,False,0.0,0.8868977264009206,77.92994725999961,60,3760571119762316,76.422494818,3006,0,1,2,1010,False,0.0,28.65,d8eb649b0fc92f03c87cb6beed02020559d2259081938a6869dc836e241815c3,0,0.9876527786254883,7.005859375,235.4736328125
v2_G0_burst_rho0.6_seed17-20261009T162123-cf237c55,v2_G0_burst_rho0.6_seed17,G0,burst,0.6,17,100.53323635670846,graph,fp32,21.640013262398682,1681,1681,0.27056172541445356,main_process_warmup_measurement_drain_and_request_export_excludes_loadgen,0.0,0,0.5282859600000112,0.0,1681,17996.855286,18412.486095,18476.5209272,False,0.0,0.8993596408422904,80.23893975700048,60,3758879122917824,77.680174204,6213,0,1,2,4532,False,0.0,28.0,29de34386c934e2b4e9abdc4c1900606c69874440646383900faedde2ae948b8,0,0.9876527786254883,7.005859375,235.4736328125
v2_G0_burst_rho0.6_seed2026-20261009T040740-398dd153,v2_G0_burst_rho0.6_seed2026,G0,burst,0.6,2026,100.53323635670846,graph,fp32,21.83282548730669,1694,1694,0.28610032089174126,main_process_warmup_measurement_drain_and_request_export_excludes_loadgen,0.0,0,0.6670716000000061,0.0,1694,17882.6852635,18281.0268106,18335.74308138,False,0.0,0.8985012355782275,80.06484767200004,60,3714856183881819,77.589591003,5921,0,1,2,4227,False,0.0,28.233333333333334,ed2f113927c5fe25bf1fa52d0505d0c4e15487e5039da542332897befb2c7cd6,0,0.9564027786254883,6.646484375,235.4736328125
v2_G0_burst_rho0.6_seed42-20261010T130637-713ae985,v2_G0_burst_rho0.6_seed42,G0,burst,0.6,42,100.53323635670846,graph,fp32,21.59965538229687,1679,1679,0.27265345891523224,main_process_warmup_measurement_drain_and_request_export_excludes_loadgen,0.0,0,0.6416984500000115,0.0,1679,18075.949342,18550.9267837,18590.7483799,False,0.0,0.8995372134198181,80.28639797600044,60,3833592988709427,77.73272167,6158,0,1,2,4479,False,0.0,27.966666666666665,0172cfcd8e03c5ca8300f0f3ef437f2b40e177616475ecd809c98cd011c32314,0,0.9876527786254883,6.810546875,235.4736328125
v2_G0_burst_rho0.9_seed17-20261009T043157-02a9fd79,v2_G0_burst_rho0.9_seed17,G0,burst,0.9,17,150.7998545350627,graph,fp32,21.20685945262696,1651,1651,0.17873768539569124,main_process_warmup_measurement_drain_and_request_export_excludes_loadgen,0.0,0,0.6787027199999994,0.0,1651,18365.240253,18949.403815,18994.4726605,False,0.0,0.9001351864622816,80.51661638800033,60,3716313793795230,77.852168714,9237,0,1,2,7586,False,0.0,27.533333333333335,be75506b3aa64dfd78214f93dd5b7618ef52f07e47d85b64d077ecf957c094c9,0,0.9876527786254883,6.810546875,235.4736328125
v2_G0_burst_rho0.9_seed2026-20261009T043716-405f520c,v2_G0_burst_rho0.9_seed2026,G0,burst,0.9,2026,150.7998545350627,graph,fp32,21.45217023610388,1666,1666,0.1861660520728573,main_process_warmup_measurement_drain_and_request_export_excludes_loadgen,0.0,0,0.5075662000000034,0.0,1666,18206.3383575,18605.85934275,18663.40609825,False,0.0,0.8961182764000526,79.99926533100006,60,3716632427330574,77.661140186,8949,0,1,2,7283,False,0.0,27.75,f28047f28db8c220878886fe0a73bba9002cd4c886d962e4d855589e4dbd564e,0,0.9876527786254883,6.810546875,235.4736328125
v2_G0_burst_rho0.9_seed42-20261010T114937-1ee0284b,v2_G0_burst_rho0.9_seed42,G0,burst,0.9,42,150.7998545350627,graph,fp32,21.107776253298947,1647,1647,0.18075065847234417,main_process_warmup_measurement_drain_and_request_export_excludes_loadgen,0.0,0,0.4926830399999855,0.0,1647,18463.547901,18857.4377221,18907.40654074,False,0.0,0.8997641865076138,80.65769615099998,60,3828973770102634,78.028115337,9112,0,1,2,7465,False,0.0,27.45,ea557a305412b917aa90f4236cada7e774299c6bfe56102e0001b5b502863c0a,0,0.9876527786254883,6.810546875,235.4736328125
v2_G0_burst_rho1.1_seed17-20261009T162528-30c8260c,v2_G0_burst_rho1.1_seed17,G0,burst,1.1,17,184.3109333206322,graph,fp32,21.269625427336084,1648,1648,0.14667141331434674,main_process_warmup_measurement_drain_and_request_export_excludes_loadgen,0.0,0,0.41789714999999655,0.0,1648,18385.417655999998,18871.0831908,18928.76046428,False,0.0,0.8890346031519092,79.2319359289977,60,3759124690653930,77.481383282,11236,0,1,2,9588,False,0.0,27.45,8b5390d301d8d17d112eb13828abeb9b1e3388e13f8e4b783253ebe47955d967,0,0.9876527786254883,7.005859375,235.4736328125
v2_G0_burst_rho1.1_seed2026-20261009T153933-f10bfcec,v2_G0_burst_rho1.1_seed2026,G0,burst,1.1,2026,184.3109333206322,graph,fp32,20.9110257373039,1636,1636,0.14897104352576945,main_process_warmup_measurement_drain_and_request_export_excludes_loadgen,0.0,0,0.6733914500000004,0.0,1636,18611.0717545,19071.1940725,19111.8100419,False,0.0,0.8947508362725692,80.41776323900012,60,3756369462861832,78.23623865,10982,0,1,2,9346,False,0.0,27.266666666666666,895bcb75009445f59530d45e118f5c504ab28dacd382228c0474c7d799a637e2,0,0.9876527786254883,7.005859375,235.4736328125
v2_G0_burst_rho1.1_seed42-20261010T122449-d249bad2,v2_G0_burst_rho1.1_seed42,G0,burst,1.1,42,184.3109333206322,graph,fp32,20.913238699298535,1636,1636,0.1464768555824156,main_process_warmup_measurement_drain_and_request_export_excludes_loadgen,0.0,0,0.67891488,0.0,1636,18655.448929,19117.732502500003,19188.04752775,False,0.0,0.8973075835258667,80.68665084700115,60,3831085794961324,78.227959979,11169,0,1,2,9533,False,0.0,27.216666666666665,9efffd6da0094fe915ec1496fa376311f47851dc7900db04cd9411ecbae71009,0,0.9876527786254883,6.810546875,235.4736328125
v2_G0_periodic_rho0.3_seed17-20261009T151530-768a28ea,v2_G0_periodic_rho0.3_seed17,G0,periodic,0.3,17,50.26661817835423,graph,fp32,25.81124323766354,2014,2014,0.6677718832891246,main_process_warmup_measurement_drain_and_request_export_excludes_loadgen,0.0,0,0.001336,0.0,2014,17867.1241345,18073.196528,18095.23314233,False,0.0,0.898845787314229,80.4395978399989,60,3754926253336522,78.028012113,3016,0,1,2,1002,False,0.0,28.616666666666667,b9e212fdb8b354367e79a6f9e8ed4f376177450cb6a1535b6a87dc96e178ac8d,0,0.9876527786254883,7.005859375,235.4736328125
v2_G0_periodic_rho0.3_seed2026-20261010T132547-5c94ea84,v2_G0_periodic_rho0.3_seed2026,G0,periodic,0.3,2026,50.26661817835423,graph,fp32,25.4078459436607,1988,1988,0.6591511936339522,main_process_warmup_measurement_drain_and_request_export_excludes_loadgen,0.0,0,0.0016133999999999996,0.0,1988,18178.313724,18274.977809199998,18294.62037091,False,0.0,0.9045183254765309,81.12206083500132,60,3834743000541353,78.243547462,3016,0,1,2,1028,False,0.0,28.233333333333334,9d899d12611723176fa824b30a93542dd88c91e759a2baa5804d025867d15b2d,0,0.9876527786254883,6.810546875,235.4736328125
v2_G0_periodic_rho0.3_seed42-20261009T054234-db11e8d3,v2_G0_periodic_rho0.3_seed42,G0,periodic,0.3,42,50.26661817835423,graph,fp32,25.6966132942782,2004,2004,0.6644562334217506,main_process_warmup_measurement_drain_and_request_export_excludes_loadgen,0.0,0,0.002601199999999999,0.0,2004,17960.678726500002,18112.6745335,18125.169819540002,False,0.0,0.9025859910577899,80.73045814500074,60,3720550687199198,77.986930692,3016,0,1,2,1012,False,0.0,28.433333333333334,aa855238018031ee002552d6a3047acb9ae188fc32e75d168cc348cb5da30301,0,0.9876527786254883,6.810546875,235.4736328125
v2_G0_periodic_rho0.6_seed17-20261009T155329-7990bd74,v2_G0_periodic_rho0.6_seed17,G0,periodic,0.6,17,100.53323635670846,graph,fp32,21.025470793250268,1652,1652,0.2738726790450928,main_process_warmup_measurement_drain_and_request_export_excludes_loadgen,0.0,0,0.00168,0.0,1652,18687.496574999997,18848.6313106,18907.9315705,False,0.0,0.9012092421219157,81.19573372200102,60,3757205382010961,78.571367854,6032,0,1,2,4380,False,0.0,27.533333333333335,29da8ce27517b2a8e82e042e0e8e20fd3c5efe55eca3ff73aec2ec02c266c48d,0,0.9876527786254883,7.005859375,235.4736328125
v2_G0_periodic_rho0.6_seed2026-20261009T051323-f7b4df8d,v2_G0_periodic_rho0.6_seed2026,G0,periodic,0.6,2026,100.53323635670846,graph,fp32,21.435225759684318,1679,1679,0.27834880636604775,main_process_warmup_measurement_drain_and_request_export_excludes_loadgen,0.0,0,0.0014807599999999985,0.0,1679,18417.193157,18531.560121799997,18546.933308199998,False,0.0,0.899747299981043,80.8489520839994,60,3718799832860758,78.329009399,6032,0,1,2,4353,False,0.0,27.983333333333334,bf039de12a7b8a965986ec3b131087898d7a79085d1b02dffccda7c0506fc496,0,0.9876527786254883,6.810546875,235.4736328125
v2_G0_periodic_rho0.6_seed42-20261009T141502-89facd95,v2_G0_periodic_rho0.6_seed42,G0,periodic,0.6,42,100.53323635670846,graph,fp32,23.159557747327316,1799,1799,0.29824270557029176,main_process_warmup_measurement_drain_and_request_export_excludes_loadgen,0.0,0,0.0013238999999999961,0.0,1799,17035.46327,17827.1184885,17940.97109974,False,0.0,0.8580962799257047,76.56241868000006,60,3751298634185273,77.678512674,6032,0,1,2,4233,False,0.0,29.966666666666665,d5b52ee89e82c90a4e95c69f9e643fd3fb9d2309b6c0dddcf00a956904d8faca,0,0.9876527786254883,7.005859375,235.4736328125
v2_G0_periodic_rho0.9_seed17-20261010T120129-e5282dd0,v2_G0_periodic_rho0.9_seed17,G0,periodic,0.9,17,150.7998545350627,graph,fp32,20.553837059180356,1623,1623,0.1793766578249337,main_process_warmup_measurement_drain_and_request_export_excludes_loadgen,0.0,0,0.001637190000000015,0.0,1623,19128.146264,19237.313441,19251.30020914,False,0.0,0.9018244126258558,81.67498610099983,60,3829685628149354,78.963358293,9048,0,1,2,7425,False,0.0,27.05,bee2f9be04d0d1bdeaea7583177e33eb7bcb91f52f59c0f32f6158dfda772148,0,0.9876527786254883,6.810546875,235.4736328125
v2_G0_periodic_rho0.9_seed2026-20261010T123404-7803bd4f,v2_G0_periodic_rho0.9_seed2026,G0,periodic,0.9,2026,150.7998545350627,graph,fp32,20.850546893057526,1646,1646,0.18191865605658708,main_process_warmup_measurement_drain_and_request_export_excludes_loadgen,0.0,0,0.002226360000000008,0.0,1646,18685.2189665,19342.33225875,19358.45158755,False,0.0,0.8916229794411549,80.7427194060001,60,3831640597306130,78.942773465,9048,0,1,2,7402,False,0.0,27.416666666666668,123e6206f2bf72ecb28daaa631f449e9a1b416d34a99a9127e4ad7085ee0f731,0,0.9876527786254883,6.810546875,235.4736328125
v2_G0_periodic_rho0.9_seed42-20261009T140337-55c1d5a4,v2_G0_periodic_rho0.9_seed42,G0,periodic,0.9,42,150.7998545350627,graph,fp32,20.83857449233911,1642,1642,0.1814765694076039,main_process_warmup_measurement_drain_and_request_export_excludes_loadgen,0.0,0,0.0014856500000000033,0.0,1642,19016.614883000002,19106.434233800002,19146.38505071,False,0.0,0.8961275356839074,80.96670915800001,60,3750613560084106,78.796176802,9048,0,1,2,7406,False,0.0,27.383333333333333,3181830f4a2c00ba7582158261508b43c771e9346d392495d8a61cd8c5beae23,0,0.9564027786254883,5.6640625,235.4736328125
v2_G0_periodic_rho1.1_seed17-20261010T124506-b69d95ce,v2_G0_periodic_rho1.1_seed17,G0,periodic,1.1,17,184.3109333206322,graph,fp32,20.023012291928314,1588,1588,0.14360643877735577,main_process_warmup_measurement_drain_and_request_export_excludes_loadgen,0.0,0,0.0015988600000000006,0.0,1588,19556.65889,19888.5329634,19903.56462855,False,0.0,0.9020385619658806,82.04457036799977,60,3832302779929778,79.308746199,11058,0,1,2,9470,False,0.0,26.466666666666665,21f7d045303ea44a36575a367db9c07af76ca7f2612d5c7caa71ee4005c64178,0,0.9876527786254883,6.810546875,235.4736328125
v2_G0_periodic_rho1.1_seed2026-20261009T145947-db80f6f3,v2_G0_periodic_rho1.1_seed2026,G0,periodic,1.1,2026,184.3109333206322,graph,fp32,20.679813977332756,1636,1636,0.14794718755652017,main_process_warmup_measurement_drain_and_request_export_excludes_loadgen,0.0,0,0.0012624300000000004,0.0,1636,19132.790232,19261.666283000002,19279.7698835,False,0.0,0.8935520365016446,81.08688408499984,60,3753983250385863,79.110963077,11058,0,1,2,9422,False,0.0,27.266666666666666,1e435436bbf72295a5be78a7ca0970540b424350d6bcb0f1d8f1b98603e62cbc,0,0.9876527786254883,7.005859375,235.4736328125
v2_G0_periodic_rho1.1_seed42-20261009T042015-472904b0,v2_G0_periodic_rho1.1_seed42,G0,periodic,1.1,42,184.3109333206322,graph,fp32,20.704471841351392,1635,1635,0.14785675529028758,main_process_warmup_measurement_drain_and_request_export_excludes_loadgen,0.0,0,0.0014798700000000027,0.0,1635,19017.345561,19096.864147199998,19110.29883174,False,0.0,0.8972272938494138,81.2883649510004,60,3715611595366969,78.968447615,11058,0,1,2,9423,False,0.0,27.25,47594d920731da0f47d68901837cc6b5b15ba3e39fb049533712a0a381477fd9,0,0.9876527786254883,6.810546875,235.4736328125
v2_G0_poisson_rho0.3_seed17-20261009T150534-5ce27d1a,v2_G0_poisson_rho0.3_seed17,G0,poisson,0.3,17,50.26661817835423,graph,fp32,25.86727465480732,2019,2019,0.6464937560038425,main_process_warmup_measurement_drain_and_request_export_excludes_loadgen,0.0,0,0.001347359999999997,0.0,2019,17820.334546,18048.922946799998,18065.377363040003,False,0.0,0.8949376494076179,80.10661171799984,60,3754330004378795,78.052289116,3123,0,1,2,1104,False,0.0,28.816666666666666,f58f3fdba9c82b5ffdd3f93aea74f89d0419d5e0a7644d7145e88671637a541b,0,0.9876527786254883,7.005859375,235.4736328125
v2_G0_poisson_rho0.3_seed2026-20261009T153236-1d6da84b,v2_G0_poisson_rho0.3_seed2026,G0,poisson,0.3,2026,50.26661817835423,graph,fp32,26.235490625160285,2046,2046,0.6790574178559575,main_process_warmup_measurement_drain_and_request_export_excludes_loadgen,0.0,0,0.00145388,0.0,2046,17816.344382000003,18014.90183775,18031.273544249998,False,0.0,0.8996721867919052,80.45662713300044,60,3755952482654906,77.985962955,3013,0,1,2,967,False,0.0,28.5,ac50fe51a46f4d1881e84280fb8a64c542ca20bd6ebc3cb74dbf10797fcd4dc0,0,0.9876527786254883,7.005859375,235.4736328125
v2_G0_poisson_rho0.3_seed42-20261009T160214-bf7b583b,v2_G0_poisson_rho0.3_seed42,G0,poisson,0.3,42,50.26661817835423,graph,fp32,25.535371771674626,1995,1995,0.6672240802675585,main_process_warmup_measurement_drain_and_request_export_excludes_loadgen,0.0,0,0.0020252000000000026,0.0,1995,17900.071325,18154.766743,18184.20317202,False,0.0,0.9009892037612477,80.71685088600134,60,3757730628421982,78.126922053,2990,0,1,2,995,False,0.0,28.416666666666668,63ad26e040f24f4b069f84bbf0fb22021db3a0c49f0dbf99114a5232f592a41f,0,0.9876527786254883,7.005859375,235.4736328125
v2_G0_poisson_rho0.6_seed17-20261010T125935-f6086931,v2_G0_poisson_rho0.6_seed17,G0,poisson,0.6,17,100.53323635670846,graph,fp32,21.060643224124277,1653,1653,0.2657556270096463,main_process_warmup_measurement_drain_and_request_export_excludes_loadgen,0.0,0,0.0016698099999999994,0.0,1653,18608.908008,18769.5135756,18786.660059,False,0.0,0.9008060243201879,81.08682842300004,60,3833171865281795,78.487631285,6220,0,1,2,4567,False,0.0,27.55,45420eb30d1219a26a90ed0186358623896e695612ab698074625890a50eb911,0,0.9876527786254883,6.810546875,235.4736328125
v2_G0_poisson_rho0.6_seed2026-20261009T060031-a4492a0c,v2_G0_poisson_rho0.6_seed2026,G0,poisson,0.6,2026,100.53323635670846,graph,fp32,21.482369926702443,1683,1683,0.2843385707045109,main_process_warmup_measurement_drain_and_request_export_excludes_loadgen,0.0,0,0.0015409199999999981,0.0,1683,18376.031395,18431.996194,18442.21055066,False,0.0,0.9008771339345085,80.93864347999988,60,3721627503785497,78.34331155,5919,0,1,2,4236,False,0.0,28.05,ee5d0b9338e084c7fbe3b0ad729d9957c3b80cffb625f4f8c26c319377632b88,0,0.9876527786254883,6.810546875,235.4736328125
v2_G0_poisson_rho0.6_seed42-20261009T053251-bf98d00e,v2_G0_poisson_rho0.6_seed42,G0,poisson,0.6,42,100.53323635670846,graph,fp32,21.97223812848733,1712,1712,0.2783739837398374,main_process_warmup_measurement_drain_and_request_export_excludes_loadgen,0.0,0,0.0013545100000000002,0.0,1712,18090.407418000003,18365.7676862,18388.18838854,False,0.0,0.8902743852713395,79.60745180900085,60,3719967890219876,77.916504909,6150,0,1,2,4438,False,0.0,28.533333333333335,3550708f2c46335e73bf67984a62a283e062b3554793ac2a3eb5cf3111e975cf,0,0.9876527786254883,6.810546875,235.4736328125
v2_G0_poisson_rho0.9_seed17-20261010T132903-6f6f6c90,v2_G0_poisson_rho0.9_seed17,G0,poisson,0.9,17,150.7998545350627,graph,fp32,20.833711073262783,1643,1643,0.17742980561555075,main_process_warmup_measurement_drain_and_request_export_excludes_loadgen,0.0,0,0.0016540999999999986,0.0,1643,18927.237579,19137.520007,19156.8513251,False,0.0,0.8981873580012906,81.25444546200015,60,3834939067718711,78.862570102,9260,0,1,2,7617,False,0.0,27.383333333333333,c09a3c82afffc74b045303765880fe8b27c55d906f340e79f85b585c7a6dded2,0,0.9876527786254883,6.810546875,235.4736328125
v2_G0_poisson_rho0.9_seed2026-20261009T144843-95c8773d,v2_G0_poisson_rho0.9_seed2026,G0,poisson,0.9,2026,150.7998545350627,graph,fp32,21.012218550348678,1656,1656,0.18540080609046125,main_process_warmup_measurement_drain_and_request_export_excludes_loadgen,0.0,0,0.001183380000000001,0.0,1656,18798.245455,18958.91686075,18977.8846076,False,0.0,0.8947708841853531,80.88498878700011,60,3753319364701189,78.811287634,8932,0,1,2,7276,False,0.0,27.6,f0b27fd95cfd2154ed0e484796726dba8003c075bc7330861a07717f4c6c54dc,0,0.9876527786254883,7.005859375,235.4736328125
v2_G0_poisson_rho0.9_seed42-20261009T142914-7acc52de,v2_G0_poisson_rho0.9_seed42,G0,poisson,0.9,42,150.7998545350627,graph,fp32,20.835998659950274,1638,1638,0.17958557175748274,main_process_warmup_measurement_drain_and_request_export_excludes_loadgen,0.0,0,0.002469199999999997,0.0,1638,18905.9778225,19065.4427012,19086.7111649,False,0.0,0.8985707684987972,81.062851056,60,3752149979637190,78.613942472,9121,0,1,2,7483,False,0.0,27.283333333333335,449d1e1ae3b1506d4502aea8af196ffcccb3f3899ad1fec8298ee1128afb7f15,0,0.9876527786254883,7.005859375,235.4736328125
v2_G0_poisson_rho1.1_seed17-20261009T164412-4ec03721,v2_G0_poisson_rho1.1_seed17,G0,poisson,1.1,17,184.3109333206322,graph,fp32,20.977831840307818,1659,1659,0.14771614281898318,main_process_warmup_measurement_drain_and_request_export_excludes_loadgen,0.0,0,0.001425100000000002,0.0,1659,19276.108768,19474.8043983,19491.7544854,False,0.0,0.8877022982040084,80.54269555999781,60,3760248970117802,79.083482632,11231,0,1,2,9572,False,0.0,27.65,08d31b4336f2e0cbf16147b13efd92f6a7b805c36f07070deac3dd1362acc25c,0,0.9876527786254883,7.005859375,235.4736328125
v2_G0_poisson_rho1.1_seed2026-20261009T045103-07af54ea,v2_G0_poisson_rho1.1_seed2026,G0,poisson,1.1,2026,184.3109333206322,graph,fp32,20.866668729035972,1647,1647,0.15,main_process_warmup_measurement_drain_and_request_export_excludes_loadgen,0.0,0,0.0014714199999999982,0.0,1647,18807.900509,19060.745963,19093.47395666,False,0.0,0.8896865482723512,80.5794573839994,60,3717459929171481,78.929704659,10980,0,1,2,9333,False,0.0,27.466666666666665,6f2f0709f33289b3293ca8702c7d4f304c70608b23b971037275fc4f422e54b0,0,0.9876527786254883,6.810546875,235.4736328125
v2_G0_poisson_rho1.1_seed42-20261010T121502-ab2f40f3,v2_G0_poisson_rho1.1_seed42,G0,poisson,1.1,42,184.3109333206322,graph,fp32,20.221694316344305,1600,1600,0.1432408236347359,main_process_warmup_measurement_drain_and_request_export_excludes_loadgen,0.0,0,0.002114,0.0,1600,19419.4237115,19506.84674625,19527.246884800003,False,0.0,0.9008533478387966,81.78570323099939,60,3830499008675763,79.122944644,11170,0,1,2,9570,False,0.0,26.666666666666668,55058b887ff913f83ff6bc204638bbb5d7bdd006e877abe36dc6e4e1dc92c264,0,0.9876527786254883,6.810546875,235.4736328125
v2_P0_burst_rho0.3_seed17-20261009T054519-a6750319,v2_P0_burst_rho0.3_seed17,P0,burst,0.3,17,50.26661817835423,graph,fp32,52.03333333333333,3122,3122,1.0,main_process_warmup_measurement_drain_and_request_export_excludes_loadgen,0.0,0,0.69282674,11.6,2426,223.17433549999998,378.26882904999997,428.77881845999997,False,0.0,2.142571186755335,152.2032410219981,60,3720715728839556,60.0,3122,696,53,2,0,False,0.22293401665598975,52.03333333333333,f544f3c5cfad8ce018354af072ed36a3bd3f3f3cab23add1a43373ca3d0ecc8e,0,0.9876527786254883,6.810546875,235.4736328125
v2_P0_burst_rho0.3_seed2026-20261009T050113-1c4ef57f,v2_P0_burst_rho0.3_seed2026,P0,burst,0.3,2026,50.26661817835423,graph,fp32,50.28333333333333,3017,3017,1.0,main_process_warmup_measurement_drain_and_request_export_excludes_loadgen,0.0,0,0.68775076,10.95,2360,211.391713,369.26580659999996,431.81226460000005,False,0.0,2.109791037433317,149.75180324900066,60,3718069537659035,60.0,3017,657,51,2,0,False,0.21776599270798808,50.28333333333333,1769275a11fe878f5251893d38a92d49b09c8a53a4dd9046479c2bff4e8b3964,0,0.9876527786254883,6.810546875,235.4736328125
v2_P0_burst_rho0.3_seed42-20261009T165332-5650df7f,v2_P0_burst_rho0.3_seed42,P0,burst,0.3,42,50.26661817835423,graph,fp32,50.1,3006,3006,1.0,main_process_warmup_measurement_drain_and_request_export_excludes_loadgen,0.0,0,0.68769865,11.916666666666666,2291,209.959387,361.73337175,424.69590319999986,False,0.0,2.044598705827818,145.27161830800105,60,3760808514067057,60.0,3006,715,57,2,0,False,0.23785761809713907,50.1,d8eb649b0fc92f03c87cb6beed02020559d2259081938a6869dc836e241815c3,0,0.9876527786254883,7.005859375,235.4736328125
v2_P0_burst_rho0.6_seed17-20261009T161552-c8c8585b,v2_P0_burst_rho0.6_seed17,P0,burst,0.6,17,100.53323635670846,graph,fp32,99.51393928207138,6213,6213,1.0,main_process_warmup_measurement_drain_and_request_export_excludes_loadgen,0.0,0,0.5789990000000056,0.0,6213,2439.099685,3372.6947176,3525.61704384,False,0.0,3.495816369598175,258.96508470700064,60,3758548781195769,62.433464545999996,6213,0,380,2,0,False,0.0,99.65,29de34386c934e2b4e9abdc4c1900606c69874440646383900faedde2ae948b8,0,0.9876527786254883,7.005859375,235.4736328125
v2_P0_burst_rho0.6_seed2026-20261009T040512-e121f432,v2_P0_burst_rho0.6_seed2026,P0,burst,0.6,2026,100.53323635670846,graph,fp32,98.26649475501983,5921,5921,1.0,main_process_warmup_measurement_drain_and_request_export_excludes_loadgen,0.0,0,0.660097000000011,3.8,5693,556.602032,974.536725,1107.9257636,False,0.0,3.3381811161886126,239.70759961500005,60,3714708725885375,60.254515181,5921,228,122,2,0,False,0.03850700895119068,98.21666666666667,ed2f113927c5fe25bf1fa52d0505d0c4e15487e5039da542332897befb2c7cd6,0,0.9564027786254883,6.64453125,235.4736328125
v2_P0_burst_rho0.6_seed42-20261010T131221-67297b36,v2_P0_burst_rho0.6_seed42,P0,burst,0.6,42,100.53323635670846,graph,fp32,99.38383238861395,6158,6158,1.0,main_process_warmup_measurement_drain_and_request_export_excludes_loadgen,0.0,0,0.6758933100000001,0.8833333333333333,6105,1166.0413035000001,2625.9625726,2790.94100938,False,0.0,3.412000743156766,250.87245724799868,60,3833937295109364,61.961788471999995,6158,53,311,2,0,False,0.008606690483923351,98.98333333333333,0172cfcd8e03c5ca8300f0f3ef437f2b40e177616475ecd809c98cd011c32314,0,0.9876527786254883,6.810546875,235.4736328125
v2_P0_burst_rho0.9_seed17-20261009T043329-5e46aa60,v2_P0_burst_rho0.9_seed17,P0,burst,0.9,17,150.7998545350627,graph,fp32,93.06670463492128,5926,5926,0.6415502868896829,main_process_warmup_measurement_drain_and_request_export_excludes_loadgen,0.0,0,0.14642619999999826,0.0,5926,4781.3377095,5284.152115,5366.795803749999,False,0.0,3.50511552022474,264.38142633200005,60,3716405240040189,63.674759123,9237,0,512,2,3311,False,0.0,98.76666666666667,be75506b3aa64dfd78214f93dd5b7618ef52f07e47d85b64d077ecf957c094c9,0,0.9876527786254883,6.810546875,235.4736328125
v2_P0_burst_rho0.9_seed2026-20261009T044715-9b5a8bf5,v2_P0_burst_rho0.9_seed2026,P0,burst,0.9,2026,150.7998545350627,graph,fp32,92.29872142045635,5882,5882,0.6572801430327411,main_process_warmup_measurement_drain_and_request_export_excludes_loadgen,0.0,0,0.38498984000000414,0.0,5882,4810.851959,5289.74223695,5366.335584689999,False,0.0,3.554921829434386,268.1508438129995,60,3717231162762904,63.727860034,8949,0,512,2,3067,False,0.0,98.01666666666667,f28047f28db8c220878886fe0a73bba9002cd4c886d962e4d855589e4dbd564e,0,0.9876527786254883,6.810546875,235.4736328125
v2_P0_burst_rho0.9_seed42-20261010T114701-ad8a13ad,v2_P0_burst_rho0.9_seed42,P0,burst,0.9,42,150.7998545350627,graph,fp32,91.48905309488576,5826,5826,0.6393766461808604,main_process_warmup_measurement_drain_and_request_export_excludes_loadgen,0.0,0,0.28476228999999564,0.0,5826,4848.783068,5398.951360999999,5517.20771575,False,0.0,3.4851372496818005,262.89248828400014,60,3828817338279440,63.679749685000004,9112,0,512,2,3286,False,0.0,97.06666666666666,ea557a305412b917aa90f4236cada7e774299c6bfe56102e0001b5b502863c0a,0,0.9876527786254883,6.810546875,235.4736328125
v2_P0_burst_rho1.1_seed17-20261009T163257-8d09d786,v2_P0_burst_rho1.1_seed17,P0,burst,1.1,17,184.3109333206322,graph,fp32,93.67885097602536,5962,5962,0.5306158775364899,main_process_warmup_measurement_drain_and_request_export_excludes_loadgen,0.0,0,0.012265749999999988,0.0,5962,4755.940511,5254.9817677,5383.20203629,False,0.0,3.425051962994516,258.2003894829977,60,3759573285114472,63.642966773,11236,0,512,2,5274,False,0.0,99.41666666666667,8b5390d301d8d17d112eb13828abeb9b1e3388e13f8e4b783253ebe47955d967,0,0.9876527786254883,7.005859375,235.4736328125
v2_P0_burst_rho1.1_seed2026-20261009T154340-16774fa6,v2_P0_burst_rho1.1_seed2026,P0,burst,1.1,2026,184.3109333206322,graph,fp32,95.05962669038189,6052,6052,0.5510835913312694,main_process_warmup_measurement_drain_and_request_export_excludes_loadgen,0.0,0,0.024832550000000123,0.0,6052,4712.2851305,5259.4996747,5365.96567907,False,0.0,3.501493997339298,263.89694751200113,60,3756616711800662,63.66530367,10982,0,512,2,4930,False,0.0,100.73333333333333,895bcb75009445f59530d45e118f5c504ab28dacd382228c0474c7d799a637e2,0,0.9876527786254883,7.005859375,235.4736328125
v2_P0_burst_rho1.1_seed42-20261010T122056-8768609f,v2_P0_burst_rho1.1_seed42,P0,burst,1.1,42,184.3109333206322,graph,fp32,93.47628624104404,5950,5950,0.532724505327245,main_process_warmup_measurement_drain_and_request_export_excludes_loadgen,0.0,0,0.012259839999999989,0.0,5950,4763.0493975,5339.68347135,5448.83666547,False,0.0,3.5404018643637607,266.7541876839996,60,3830852818740602,63.652507381999996,11169,0,512,2,5219,False,0.0,99.26666666666667,9efffd6da0094fe915ec1496fa376311f47851dc7900db04cd9411ecbae71009,0,0.9876527786254883,6.810546875,235.4736328125
v2_P0_periodic_rho0.3_seed17-20261009T152257-16118453,v2_P0_periodic_rho0.3_seed17,P0,periodic,0.3,17,50.26661817835423,graph,fp32,50.23686176788968,3016,3016,1.0,main_process_warmup_measurement_drain_and_request_export_excludes_loadgen,0.0,0,0.0014556999999999999,50.13333333333333,8,40.789418,56.03868425,63.40313509999999,False,0.0,1.6292051706348993,116.88881181599936,60,3755373211799301,60.035597245999995,3016,3008,4,2,0,False,0.9973474801061007,50.233333333333334,b9e212fdb8b354367e79a6f9e8ed4f376177450cb6a1535b6a87dc96e178ac8d,0,0.9876527786254883,7.005859375,235.4736328125
v2_P0_periodic_rho0.3_seed2026-20261010T131905-cad3bd5d,v2_P0_periodic_rho0.3_seed2026,P0,periodic,0.3,2026,50.26661817835423,graph,fp32,50.23746730346848,3016,3016,1.0,main_process_warmup_measurement_drain_and_request_export_excludes_loadgen,0.0,0,0.001872349999999999,49.21666666666667,63,51.89849649999999,63.7254475,70.80047515,False,0.0,2.2549251810027333,161.8468610939999,60,3834340994514021,60.034873609,3016,2953,5,2,0,False,0.9791114058355438,50.25,9d899d12611723176fa824b30a93542dd88c91e759a2baa5804d025867d15b2d,0,0.9876527786254883,6.810546875,235.4736328125
v2_P0_periodic_rho0.3_seed42-20261009T053606-556d5762,v2_P0_periodic_rho0.3_seed42,P0,periodic,0.3,42,50.26661817835423,graph,fp32,50.2356292621453,3016,3016,1.0,main_process_warmup_measurement_drain_and_request_export_excludes_loadgen,0.0,0,0.0028245499999999995,48.583333333333336,101,52.797644000000005,66.48940125,76.52056389999998,False,0.0,2.250460833806517,161.496962883999,60,3720162496312264,60.037070189000005,3016,2915,5,2,0,False,0.9665119363395226,50.266666666666666,aa855238018031ee002552d6a3047acb9ae188fc32e75d168cc348cb5da30301,0,0.9876527786254883,6.810546875,235.4736328125
v2_P0_periodic_rho0.6_seed17-20261009T155646-097655cb,v2_P0_periodic_rho0.6_seed17,P0,periodic,0.6,17,100.53323635670846,graph,fp32,100.444495994037,6032,6032,1.0,main_process_warmup_measurement_drain_and_request_export_excludes_loadgen,0.0,0,0.002283069999999999,76.35,1451,64.4473635,78.83949665,88.32775083,False,0.0,4.433464218563015,318.6308355879992,60,3757402301433780,60.053066525000006,6032,4581,9,2,0,False,0.759449602122016,100.53333333333333,29da8ce27517b2a8e82e042e0e8e20fd3c5efe55eca3ff73aec2ec02c266c48d,0,0.9876527786254883,7.005859375,235.4736328125
v2_P0_periodic_rho0.6_seed2026-20261009T051609-ccf08ce6,v2_P0_periodic_rho0.6_seed2026,P0,periodic,0.6,2026,100.53323635670846,graph,fp32,100.44432000383429,6032,6032,1.0,main_process_warmup_measurement_drain_and_request_export_excludes_loadgen,0.0,0,0.001582,87.46666666666667,784,60.5893755,74.424573,82.69505976999999,False,0.0,4.27530525754878,307.38365830899966,60,3718965657474908,60.053171745,6032,5248,8,2,0,False,0.870026525198939,100.55,bf039de12a7b8a965986ec3b131087898d7a79085d1b02dffccda7c0506fc496,0,0.9876527786254883,6.810546875,235.4736328125
v2_P0_periodic_rho0.6_seed42-20261009T141932-df9082d9,v2_P0_periodic_rho0.6_seed42,P0,periodic,0.6,42,100.53323635670846,graph,fp32,100.44365957273001,6032,6032,1.0,main_process_warmup_measurement_drain_and_request_export_excludes_loadgen,0.0,0,0.0022642099999999965,82.18333333333334,1101,63.0472775,76.849724,84.54405571999999,False,0.0,4.424286746145731,318.0771337570004,60,3751568677888258,60.05356660299999,6032,4931,10,2,0,False,0.817473474801061,100.55,d5b52ee89e82c90a4e95c69f9e643fd3fb9d2309b6c0dddcf00a956904d8faca,0,0.9876527786254883,7.005859375,235.4736328125
v2_P0_periodic_rho0.9_seed17-20261010T115707-05616ccb,v2_P0_periodic_rho0.9_seed17,P0,periodic,0.9,17,150.7998545350627,graph,fp32,104.87047411501081,6751,6751,0.746131741821397,main_process_warmup_measurement_drain_and_request_export_excludes_loadgen,0.0,0,0.0017795900000000021,0.0,6751,4559.384994,4623.9285295,4680.5189125,False,0.0,4.929567908780245,375.14067418900004,60,3829423430236915,64.374649366,9048,0,512,2,2297,False,0.0,111.95,bee2f9be04d0d1bdeaea7583177e33eb7bcb91f52f59c0f32f6158dfda772148,0,0.9876527786254883,6.810546875,235.4736328125
v2_P0_periodic_rho0.9_seed2026-20261010T124229-6c5c1e4c,v2_P0_periodic_rho0.9_seed2026,P0,periodic,0.9,2026,150.7998545350627,graph,fp32,103.85204303346275,6689,6689,0.7392793987621574,main_process_warmup_measurement_drain_and_request_export_excludes_loadgen,0.0,0,0.002666180000000004,0.0,6689,4621.274384,4759.0170772,4790.9175222,False,0.0,4.894180230754592,372.6312894549992,60,3832145958334908,64.408939917,9048,0,512,2,2359,False,0.0,110.48333333333333,123e6206f2bf72ecb28daaa631f449e9a1b416d34a99a9127e4ad7085ee0f731,0,0.9876527786254883,6.810546875,235.4736328125
v2_P0_periodic_rho0.9_seed42-20261009T141046-700f72aa,v2_P0_periodic_rho0.9_seed42,P0,periodic,0.9,42,150.7998545350627,graph,fp32,107.17071431569923,6899,6899,0.7624889478337754,main_process_warmup_measurement_drain_and_request_export_excludes_loadgen,0.0,0,0.0025151200000000026,0.0,6899,4490.838614,4598.4012953,4649.12367562,False,0.0,4.707464442355507,358.27836888599995,60,3751042034219997,64.373929427,9048,0,512,2,2149,False,0.0,112.8,3181830f4a2c00ba7582158261508b43c771e9346d392495d8a61cd8c5beae23,0,0.9876527786254883,7.00390625,235.4736328125
v2_P0_periodic_rho1.1_seed17-20261010T124915-1701f706,v2_P0_periodic_rho1.1_seed17,P0,periodic,1.1,17,184.3109333206322,graph,fp32,103.63842491956909,6672,6672,0.6033640803038525,main_process_warmup_measurement_drain_and_request_export_excludes_loadgen,0.0,0,0.0024524300000000002,0.0,6672,4606.6593505,4679.66194435,4701.1253982299995,False,0.0,4.833434111336398,367.97549841199907,60,3832551621906669,64.377666924,11058,0,512,2,4386,False,0.0,111.2,21f7d045303ea44a36575a367db9c07af76ca7f2612d5c7caa71ee4005c64178,0,0.9876527786254883,6.810546875,235.4736328125
v2_P0_periodic_rho1.1_seed2026-20261009T145135-8af6b189,v2_P0_periodic_rho1.1_seed2026,P0,periodic,1.1,2026,184.3109333206322,graph,fp32,106.38210775989073,6848,6848,0.6192801591607886,main_process_warmup_measurement_drain_and_request_export_excludes_loadgen,0.0,0,0.002592720000000001,0.0,6848,4468.5287215,4614.4780949000005,4637.8686835,False,0.0,4.870451505840237,371.0292631100001,60,3753491447692334,64.371727015,11058,0,512,2,4210,False,0.0,114.15,1e435436bbf72295a5be78a7ca0970540b424350d6bcb0f1d8f1b98603e62cbc,0,0.9876527786254883,7.005859375,235.4736328125
v2_P0_periodic_rho1.1_seed42-20261009T041439-652386c0,v2_P0_periodic_rho1.1_seed42,P0,periodic,1.1,42,184.3109333206322,graph,fp32,105.33093359528863,6781,6781,0.6132211973232049,main_process_warmup_measurement_drain_and_request_export_excludes_loadgen,0.0,0,0.0015675800000000018,0.0,6781,4512.107154,4657.948196,4681.8465102,False,0.0,4.769314625224323,363.1961520650002,60,3715275551791543,64.37804896,11058,0,512,2,4277,False,0.0,113.01666666666667,47594d920731da0f47d68901837cc6b5b15ba3e39fb049533712a0a381477fd9,0,0.9876527786254883,6.810546875,235.4736328125
v2_P0_poisson_rho0.3_seed17-20261009T150419-525d8a0a,v2_P0_poisson_rho0.3_seed17,P0,poisson,0.3,17,50.26661817835423,graph,fp32,52.0110446360272,3123,3123,1.0,main_process_warmup_measurement_drain_and_request_export_excludes_loadgen,0.0,0,0.002665339999999999,43.93333333333333,487,59.044451,84.10125729999999,100.56174211999988,False,0.0,2.490168279722669,178.74248980800076,60,3754255520303446,60.044938951999995,3123,2636,11,2,0,False,0.8440601985270573,52.083333333333336,f58f3fdba9c82b5ffdd3f93aea74f89d0419d5e0a7644d7145e88671637a541b,0,0.9876527786254883,7.005859375,235.4736328125
v2_P0_poisson_rho0.3_seed2026-20261009T153122-edae3914,v2_P0_poisson_rho0.3_seed2026,P0,poisson,0.3,2026,50.26661817835423,graph,fp32,50.170764858606084,3013,3013,1.0,main_process_warmup_measurement_drain_and_request_export_excludes_loadgen,0.0,0,0.001559840000000002,43.93333333333333,377,57.876489,77.34912080000001,87.32910808000001,False,0.0,2.3545772123622797,168.95039281299978,60,3755878015598247,60.054894688000005,3013,2636,11,2,0,False,0.8748755393295718,50.18333333333333,ac50fe51a46f4d1881e84280fb8a64c542ca20bd6ebc3cb74dbf10797fcd4dc0,0,0.9876527786254883,7.005859375,235.4736328125
v2_P0_poisson_rho0.3_seed42-20261009T161027-a4cba6cc,v2_P0_poisson_rho0.3_seed42,P0,poisson,0.3,42,50.26661817835423,graph,fp32,49.81663097686401,2990,2990,1.0,main_process_warmup_measurement_drain_and_request_export_excludes_loadgen,0.0,0,0.0017104300000000017,43.06666666666667,406,58.34182,79.00726174999998,89.65465522000001,False,0.0,2.343802489012859,168.20747583400225,60,3758223451941137,60.020116603000005,2990,2584,11,2,0,False,0.8642140468227425,49.916666666666664,63ad26e040f24f4b069f84bbf0fb22021db3a0c49f0dbf99114a5232f592a41f,0,0.9876527786254883,7.005859375,235.4736328125
v2_P0_poisson_rho0.6_seed17-20261010T130338-0ca201a2,v2_P0_poisson_rho0.6_seed17,P0,poisson,0.6,17,100.53323635670846,graph,fp32,103.57033979649759,6220,6220,1.0,main_process_warmup_measurement_drain_and_request_export_excludes_loadgen,0.0,0,0.001716619999999999,45.35,3499,108.648379,231.50920884999996,319.1706394699995,False,0.0,4.5214518466065075,325.2308783160006,60,3833414272371163,60.055803739,6220,2721,39,2,0,False,0.437459807073955,103.83333333333333,45420eb30d1219a26a90ed0186358623896e695612ab698074625890a50eb911,0,0.9876527786254883,6.810546875,235.4736328125
v2_P0_poisson_rho0.6_seed2026-20261009T055804-a34ca32f,v2_P0_poisson_rho0.6_seed2026,P0,poisson,0.6,2026,100.53323635670846,graph,fp32,98.3402793079344,5919,5919,1.0,main_process_warmup_measurement_drain_and_request_export_excludes_loadgen,0.0,0,0.001583199999999997,53.166666666666664,2729,86.795269,184.41106939999997,246.74821273999996,False,0.0,4.316279796990342,310.1258492600027,60,3721479976371921,60.188968769,5919,3190,33,2,0,False,0.5389423889170468,98.43333333333334,ee5d0b9338e084c7fbe3b0ad729d9957c3b80cffb625f4f8c26c319377632b88,0,0.9876527786254883,6.810546875,235.4736328125
v2_P0_poisson_rho0.6_seed42-20261009T052429-b359b1b8,v2_P0_poisson_rho0.6_seed42,P0,poisson,0.6,42,100.53323635670846,graph,fp32,102.30157110713242,6150,6150,1.0,main_process_warmup_measurement_drain_and_request_export_excludes_loadgen,0.0,0,0.005626590000000002,47.083333333333336,3325,104.2468965,246.2973561999999,309.20650276000003,False,0.0,4.448441787451701,319.7757980739989,60,3719465640229313,60.116378795,6150,2825,40,2,0,False,0.45934959349593496,102.35,3550708f2c46335e73bf67984a62a283e062b3554793ac2a3eb5cf3111e975cf,0,0.9876527786254883,6.810546875,235.4736328125
v2_P0_poisson_rho0.9_seed17-20261010T133607-e2b1d452,v2_P0_poisson_rho0.9_seed17,P0,poisson,0.9,17,150.7998545350627,graph,fp32,100.76371243088083,6493,6493,0.7011879049676026,main_process_warmup_measurement_drain_and_request_export_excludes_loadgen,0.0,0,0.0025866399999999994,0.0,6493,4709.554049,4815.8411832,4855.0587571999995,False,0.0,4.743849180657192,361.16859695899984,60,3835363983506922,64.437879901,9260,0,512,2,2767,False,0.0,108.21666666666667,c09a3c82afffc74b045303765880fe8b27c55d906f340e79f85b585c7a6dded2,0,0.9876527786254883,6.810546875,235.4736328125
v2_P0_poisson_rho0.9_seed2026-20261009T145016-569f3c1a,v2_P0_poisson_rho0.9_seed2026,P0,poisson,0.9,2026,150.7998545350627,graph,fp32,105.62609452184273,6800,6800,0.761307657859382,main_process_warmup_measurement_drain_and_request_export_excludes_loadgen,0.0,0,0.0021464500000000024,0.0,6800,4520.806796000001,4596.69826405,4661.54615692,False,0.0,4.530004321548029,344.5562033590013,60,3753412534584915,64.378031118,8932,0,512,2,2132,False,0.0,112.03333333333333,f0b27fd95cfd2154ed0e484796726dba8003c075bc7330861a07717f4c6c54dc,0,0.9876527786254883,7.005859375,235.4736328125
v2_P0_poisson_rho0.9_seed42-20261009T143736-1ffb7571,v2_P0_poisson_rho0.9_seed42,P0,poisson,0.9,42,150.7998545350627,graph,fp32,105.92501646022212,6814,6814,0.7470672075430326,main_process_warmup_measurement_drain_and_request_export_excludes_loadgen,0.0,0,0.0025027999999999956,0.0,6814,4509.894987,4632.70938655,4672.50160122,False,0.0,4.531062654694163,344.53563606399985,60,3752652712781895,64.328524344,9121,0,512,2,2307,False,0.0,112.7,449d1e1ae3b1506d4502aea8af196ffcccb3f3899ad1fec8298ee1128afb7f15,0,0.9876527786254883,7.005859375,235.4736328125
v2_P0_poisson_rho1.1_seed17-20261009T164109-bac69da1,v2_P0_poisson_rho1.1_seed17,P0,poisson,1.1,17,184.3109333206322,graph,fp32,102.88686985591997,6627,6627,0.5900632178790847,main_process_warmup_measurement_drain_and_request_export_excludes_loadgen,0.0,0,0.0016074000000000014,0.0,6627,4632.510767,4734.8589974999995,4751.84066154,False,0.0,4.784327676272706,364.7001785499997,60,3760065539036668,64.410551213,11231,0,512,2,4604,False,0.0,110.43333333333334,08d31b4336f2e0cbf16147b13efd92f6a7b805c36f07070deac3dd1362acc25c,0,0.9876527786254883,7.005859375,235.4736328125
v2_P0_poisson_rho1.1_seed2026-20261009T045509-342a4b13,v2_P0_poisson_rho1.1_seed2026,P0,poisson,1.1,2026,184.3109333206322,graph,fp32,102.40036791784026,6590,6590,0.6001821493624773,main_process_warmup_measurement_drain_and_request_export_excludes_loadgen,0.0,0,0.0019394199999999981,0.0,6590,4659.44182,4731.817996299999,4773.96179585,False,0.0,4.793716689248648,364.6539552909999,60,3717705935327652,64.355237525,10980,0,512,2,4390,False,0.0,109.86666666666666,6f2f0709f33289b3293ca8702c7d4f304c70608b23b971037275fc4f422e54b0,0,0.9876527786254883,6.810546875,235.4736328125
v2_P0_poisson_rho1.1_seed42-20261010T121343-da1dcca2,v2_P0_poisson_rho1.1_seed42,P0,poisson,1.1,42,184.3109333206322,graph,fp32,101.96443760387001,6568,6568,0.5880035810205909,main_process_warmup_measurement_drain_and_request_export_excludes_loadgen,0.0,0,0.001537,0.0,6568,4656.6228615,4781.637545,4797.51476455,False,0.0,4.7938205267608645,365.5405071539999,60,3830419490169218,64.414615079,11170,0,512,2,4602,False,0.0,109.45,55058b887ff913f83ff6bc204638bbb5d7bdd006e877abe36dc6e4e1dc92c264,0,0.9876527786254883,6.810546875,235.4736328125
v2_R0_burst_rho0.3_seed17-20261009T055325-f4c0c28b,v2_R0_burst_rho0.3_seed17,R0,burst,0.3,17,50.26661817835423,eager,fp32,52.03333333333333,3122,491,1.0,main_process_warmup_measurement_drain_and_request_export_excludes_loadgen,0.034208432776451546,0,0.69253376,5.516666666666667,2791,284.700859,469.52949265,507.36907686999996,False,0.0,2.023742786322724,143.77857396900072,60,3721201629819790,60.0,3122,331,57,2,0,False,0.10602178090967329,52.03333333333333,f544f3c5cfad8ce018354af072ed36a3bd3f3f3cab23add1a43373ca3d0ecc8e,0,1.866847038269043,6.810546875,235.4736328125
v2_R0_burst_rho0.3_seed2026-20261009T050521-b74a5a08,v2_R0_burst_rho0.3_seed2026,R0,burst,0.3,2026,50.26661817835423,eager,fp32,50.28333333333333,3017,476,1.0,main_process_warmup_measurement_drain_and_request_export_excludes_loadgen,0.04174677286459739,0,0.6852830400000001,5.266666666666667,2701,269.052385,454.9835478,507.3733674400005,False,0.0,2.072274919833782,147.02057570200122,60,3718316993109548,60.0,3017,316,53,2,0,False,0.10473980775604906,50.28333333333333,1769275a11fe878f5251893d38a92d49b09c8a53a4dd9046479c2bff4e8b3964,0,1.866847038269043,6.810546875,235.4736328125
v2_R0_burst_rho0.3_seed42-20261009T165218-ae268972,v2_R0_burst_rho0.3_seed42,R0,burst,0.3,42,50.26661817835423,eager,fp32,50.1,3006,480,1.0,main_process_warmup_measurement_drain_and_request_export_excludes_loadgen,0.03835616438356127,0,0.6867268499999999,4.25,2751,327.49399600000004,475.58807625,519.3478430499998,False,0.0,2.162618319290161,153.49563601300179,60,3760734847750731,60.0,3006,255,59,2,0,False,0.08483033932135728,50.1,d8eb649b0fc92f03c87cb6beed02020559d2259081938a6869dc836e241815c3,0,1.866847038269043,7.005859375,235.4736328125
v2_R0_burst_rho0.6_seed17-20261009T161324-6da19cf0,v2_R0_burst_rho0.6_seed17,R0,burst,0.6,17,100.53323635670846,eager,fp32,103.55,6213,852,1.0,main_process_warmup_measurement_drain_and_request_export_excludes_loadgen,0.00981327518059156,0,0.5589044400000017,3.316666666666667,6014,517.548516,783.3697738,905.24291632,False,0.0,3.380188446580041,241.6976444510001,60,3758400799045263,60.0,6213,199,112,2,0,False,0.032029615322710446,103.55,29de34386c934e2b4e9abdc4c1900606c69874440646383900faedde2ae948b8,0,1.866847038269043,7.005859375,235.4736328125
v2_R0_burst_rho0.6_seed2026-20261009T040359-e763ce04,v2_R0_burst_rho0.6_seed2026,R0,burst,0.6,2026,100.53323635670846,eager,fp32,98.68333333333334,5921,812,1.0,main_process_warmup_measurement_drain_and_request_export_excludes_loadgen,0.011849710982658983,0,0.6195900000000047,2.816666666666667,5752,526.648354,857.089309,1364.5896602,False,0.0,3.3350991882463945,238.13928855300003,60,3714635411599496,60.0,5921,169,166,2,0,False,0.028542475933119406,98.88333333333334,ed2f113927c5fe25bf1fa52d0505d0c4e15487e5039da542332897befb2c7cd6,0,1.835597038269043,6.64453125,235.4736328125
v2_R0_burst_rho0.6_seed42-20261010T131452-8a886e35,v2_R0_burst_rho0.6_seed42,R0,burst,0.6,42,100.53323635670846,eager,fp32,102.63333333333334,6158,845,1.0,main_process_warmup_measurement_drain_and_request_export_excludes_loadgen,0.010386373078520984,0,0.6761352700000031,4.0,5918,484.2053815,758.7091722,942.6799234000007,False,0.0,3.2879055960736183,234.75073702900045,60,3834088784247486,60.0,6158,240,117,2,0,False,0.03897369275738876,102.95,0172cfcd8e03c5ca8300f0f3ef437f2b40e177616475ecd809c98cd011c32314,0,1.866847038269043,6.810546875,235.4736328125
v2_R0_burst_rho0.9_seed17-20261009T043446-f369d533,v2_R0_burst_rho0.9_seed17,R0,burst,0.9,17,150.7998545350627,eager,fp32,130.19835276317613,8097,1013,0.876583306268269,main_process_warmup_measurement_drain_and_request_export_excludes_loadgen,0.0,0,0.054858279999997046,0.0,8097,3487.390096,3853.3054654,3996.80377768,False,0.0,3.8594281523274945,284.8240323709997,60,3716482711679996,62.18972689100001,9237,0,510,2,1140,False,0.0,134.8,be75506b3aa64dfd78214f93dd5b7618ef52f07e47d85b64d077ecf957c094c9,0,1.866847038269043,6.810546875,235.4736328125
v2_R0_burst_rho0.9_seed2026-20261009T044232-1a851c64,v2_R0_burst_rho0.9_seed2026,R0,burst,0.9,2026,150.7998545350627,eager,fp32,126.62180308612866,7898,988,0.8825567102469549,main_process_warmup_measurement_drain_and_request_export_excludes_loadgen,0.0,0,0.37422912000002484,0.0,7898,3608.407115,3991.32135605,4134.950149830001,False,0.0,3.843063957094826,284.41381017000003,60,3716948810851555,62.374723843,8949,0,512,2,1051,False,0.0,127.46666666666667,f28047f28db8c220878886fe0a73bba9002cd4c886d962e4d855589e4dbd564e,0,1.866847038269043,6.810546875,235.4736328125
v2_R0_burst_rho0.9_seed42-20261010T114544-1f11eba6,v2_R0_burst_rho0.9_seed42,R0,burst,0.9,42,150.7998545350627,eager,fp32,121.49674235418566,7563,946,0.8300043898156277,main_process_warmup_measurement_drain_and_request_export_excludes_loadgen,0.0,0,0.23301106999999327,0.0,7563,3737.706177,4383.5424628,4591.19660714,False,0.0,3.852757109282841,284.70012423700007,60,3828740472936529,62.248582583,9112,0,512,2,1549,False,0.0,125.33333333333333,ea557a305412b917aa90f4236cada7e774299c6bfe56102e0001b5b502863c0a,0,1.866847038269043,6.810546875,235.4736328125
v2_R0_burst_rho1.1_seed17-20261009T163415-0d6f93da,v2_R0_burst_rho1.1_seed17,R0,burst,1.1,17,184.3109333206322,eager,fp32,132.92121485540412,8264,1033,0.7354930580277679,main_process_warmup_measurement_drain_and_request_export_excludes_loadgen,0.0,0,0.012812999999999861,0.0,8264,3395.494836,3828.1935636499998,4046.14201223,False,0.0,3.77782042480629,279.12577056399823,60,3759651506043057,62.172167242,11236,0,512,2,2972,False,0.0,137.73333333333332,8b5390d301d8d17d112eb13828abeb9b1e3388e13f8e4b783253ebe47955d967,0,1.866847038269043,7.005859375,235.4736328125
v2_R0_burst_rho1.1_seed2026-20261009T154458-c3e706de,v2_R0_burst_rho1.1_seed2026,R0,burst,1.1,2026,184.3109333206322,eager,fp32,131.86371118298328,8200,1025,0.7466763795301402,main_process_warmup_measurement_drain_and_request_export_excludes_loadgen,0.0,0,0.027397720000000146,0.0,8200,3414.54262,3891.6013014,4359.07601992,False,0.0,3.835484632408476,283.3270305139995,60,3756694584993058,62.185418008,10982,0,512,2,2782,False,0.0,136.53333333333333,895bcb75009445f59530d45e118f5c504ab28dacd382228c0474c7d799a637e2,0,1.866847038269043,7.005859375,235.4736328125
v2_R0_burst_rho1.1_seed42-20261010T122333-e614420e,v2_R0_burst_rho1.1_seed42,R0,burst,1.1,42,184.3109333206322,eager,fp32,127.67436767162278,7944,993,0.7112543647596025,main_process_warmup_measurement_drain_and_request_export_excludes_loadgen,0.0,0,0.011535359999999972,0.0,7944,3568.8118565,3934.0368599500002,4219.298009119994,False,0.0,3.8274278174593253,282.8599771299996,60,3831009012238646,62.220789849,11169,0,512,2,3225,False,0.0,132.8,9efffd6da0094fe915ec1496fa376311f47851dc7900db04cd9411ecbae71009,0,1.866847038269043,6.810546875,235.4736328125
v2_R0_periodic_rho0.3_seed17-20261009T151816-d71c03d9,v2_R0_periodic_rho0.3_seed17,R0,periodic,0.3,17,50.26661817835423,eager,fp32,50.21143847199034,3016,2583,1.0,main_process_warmup_measurement_drain_and_request_export_excludes_loadgen,0.0019852524106636397,0,0.0014407999999999992,25.783333333333335,1469,78.963998,94.83327025,104.00891094999982,False,0.0,2.666692003256594,191.15807857099935,60,3755092659957767,60.065994757,3016,1547,6,2,0,False,0.5129310344827587,50.28333333333333,b9e212fdb8b354367e79a6f9e8ed4f376177450cb6a1535b6a87dc96e178ac8d,0,1.429060935974121,7.005859375,235.4736328125
v2_R0_periodic_rho0.3_seed2026-20261010T132134-6edaad7d,v2_R0_periodic_rho0.3_seed2026,R0,periodic,0.3,2026,50.26661817835423,eager,fp32,50.208702063217466,3016,2485,1.0,main_process_warmup_measurement_drain_and_request_export_excludes_loadgen,0.0017021276595744674,0,0.0019221499999999983,25.3,1498,85.14424,97.86911875,112.36659759999995,False,0.0,2.6893402676006186,192.85465947500052,60,3834490128931670,60.069268394999995,3016,1518,6,2,0,False,0.503315649867374,50.28333333333333,9d899d12611723176fa824b30a93542dd88c91e759a2baa5804d025867d15b2d,0,1.429060935974121,6.810546875,235.4736328125
v2_R0_periodic_rho0.3_seed42-20261009T054007-53d499a9,v2_R0_periodic_rho0.3_seed42,R0,periodic,0.3,42,50.26661817835423,eager,fp32,50.21184189800178,3016,2440,1.0,main_process_warmup_measurement_drain_and_request_export_excludes_loadgen,0.010404949381327307,0,0.001629849999999998,26.1,1450,84.35656,109.530373,132.0272862,False,0.0,2.7514801312916006,197.2234495169996,60,3720403055346682,60.065512158000004,3016,1566,7,2,0,False,0.5192307692307693,50.25,aa855238018031ee002552d6a3047acb9ae188fc32e75d168cc348cb5da30301,0,1.429060935974121,6.810546875,235.4736328125
v2_R0_periodic_rho0.6_seed17-20261009T155215-771e0a91,v2_R0_periodic_rho0.6_seed17,R0,periodic,0.6,17,100.53323635670846,eager,fp32,100.36452788201314,6032,1257,1.0,main_process_warmup_measurement_drain_and_request_export_excludes_loadgen,0.23048327137544464,0,0.002174379999999999,23.466666666666665,4624,170.45098000000002,244.6833199999999,505.3491086199997,False,0.0,4.465226617395002,320.8421922279995,60,3757131045833998,60.100915406,6032,1408,55,2,0,False,0.23342175066312998,100.65,29da8ce27517b2a8e82e042e0e8e20fd3c5efe55eca3ff73aec2ec02c266c48d,0,1.866847038269043,7.005859375,235.4736328125
v2_R0_periodic_rho0.6_seed2026-20261009T051455-3da626f5,v2_R0_periodic_rho0.6_seed2026,R0,periodic,0.6,2026,100.53323635670846,eager,fp32,100.35865477759813,6032,1295,1.0,main_process_warmup_measurement_drain_and_request_export_excludes_loadgen,0.24216646925808072,0,0.0016658299999999973,24.883333333333333,4539,164.534499,225.21763299999998,266.87589478999973,False,0.0,4.425654203157652,318.0790445519997,60,3718891720717107,60.104432581,6032,1493,41,2,0,False,0.24751326259946949,100.55,bf039de12a7b8a965986ec3b131087898d7a79085d1b02dffccda7c0506fc496,0,1.866847038269043,6.810546875,235.4736328125
v2_R0_periodic_rho0.6_seed42-20261009T142500-810c54fe,v2_R0_periodic_rho0.6_seed42,R0,periodic,0.6,42,100.53323635670846,eager,fp32,100.37280426524867,6032,1456,1.0,main_process_warmup_measurement_drain_and_request_export_excludes_loadgen,0.21782618359633663,0,0.0016453799999999992,28.983333333333334,4293,148.218479,214.63410174999999,298.33284541999774,False,0.0,4.392029848075573,315.76994855199973,60,3751896422376485,60.095959699000005,6032,1739,46,2,0,False,0.28829575596816975,100.6,d5b52ee89e82c90a4e95c69f9e643fd3fb9d2309b6c0dddcf00a956904d8faca,0,1.866847038269043,7.005859375,235.4736328125
v2_R0_periodic_rho0.9_seed17-20261010T120532-c193e59b,v2_R0_periodic_rho0.9_seed17,R0,periodic,0.9,17,150.7998545350627,eager,fp32,112.50230772486434,7072,885,0.7816091954022989,main_process_warmup_measurement_drain_and_request_export_excludes_loadgen,0.00011715089034676661,0,0.0022505300000000006,0.0,7072,4322.842006,4589.3752331,4838.57585248,False,0.0,5.127885630883473,382.35464263300037,60,3829928032022131,62.860932749,9048,0,512,2,1976,False,0.0,117.86666666666666,bee2f9be04d0d1bdeaea7583177e33eb7bcb91f52f59c0f32f6158dfda772148,0,1.866847038269043,6.810546875,235.4736328125
v2_R0_periodic_rho0.9_seed2026-20261010T123957-05ad831d,v2_R0_periodic_rho0.9_seed2026,R0,periodic,0.9,2026,150.7998545350627,eager,fp32,113.18249861732238,7111,890,0.7859195402298851,main_process_warmup_measurement_drain_and_request_export_excludes_loadgen,0.00023727607070826904,0,0.002504060000000001,0.0,7111,4314.039515,4486.1035185,4618.7083207000005,False,0.0,5.082108453548932,378.48277226199934,60,3831993653508109,62.827734737,9048,0,512,2,1937,False,0.0,118.53333333333333,123e6206f2bf72ecb28daaa631f449e9a1b416d34a99a9127e4ad7085ee0f731,0,1.866847038269043,6.810546875,235.4736328125
v2_R0_periodic_rho0.9_seed42-20261009T140629-1716c907,v2_R0_periodic_rho0.9_seed42,R0,periodic,0.9,42,150.7998545350627,eager,fp32,119.55438160896317,7509,940,0.8299071618037135,main_process_warmup_measurement_drain_and_request_export_excludes_loadgen,0.00011171936096525525,0,0.0014025300000000006,0.0,7509,4099.883249,4285.8868718,4330.648581,False,0.0,5.242630106720221,390.986943924,60,3750785638033921,62.808237547999994,9048,0,512,2,1539,False,0.0,125.2,3181830f4a2c00ba7582158261508b43c771e9346d392495d8a61cd8c5beae23,0,1.866847038269043,7.00390625,235.4736328125
v2_R0_periodic_rho1.1_seed17-20261010T124348-168817be,v2_R0_periodic_rho1.1_seed17,R0,periodic,1.1,17,184.3109333206322,eager,fp32,113.91609033674895,7161,896,0.6475854584915898,main_process_warmup_measurement_drain_and_request_export_excludes_loadgen,0.00011674060238150826,0,0.0025618600000000004,0.0,7161,4220.868222,4524.270279,4619.963332,False,0.0,5.109977591706757,381.48385503200006,60,3832224999112886,62.862059071999994,11058,0,512,2,3897,False,0.0,119.33333333333333,21f7d045303ea44a36575a367db9c07af76ca7f2612d5c7caa71ee4005c64178,0,1.866847038269043,6.810546875,235.4736328125
v2_R0_periodic_rho1.1_seed2026-20261009T145254-42439a06,v2_R0_periodic_rho1.1_seed2026,R0,periodic,1.1,2026,184.3109333206322,eager,fp32,114.72735898732275,7236,905,0.6543678784590342,main_process_warmup_measurement_drain_and_request_export_excludes_loadgen,0.00011546010853250199,0,0.0023465800000000018,0.0,7236,4199.983497499999,4435.866186,4500.429289599999,False,0.0,5.10372983084746,381.76107838499956,60,3753570251058082,63.071267950999996,11058,0,512,2,3822,False,0.0,120.53333333333333,1e435436bbf72295a5be78a7ca0970540b424350d6bcb0f1d8f1b98603e62cbc,0,1.866847038269043,7.005859375,235.4736328125
v2_R0_periodic_rho1.1_seed42-20261009T041322-d96a55ea,v2_R0_periodic_rho1.1_seed42,R0,periodic,1.1,42,184.3109333206322,eager,fp32,115.78593518025475,7275,910,0.6578947368421053,main_process_warmup_measurement_drain_and_request_export_excludes_loadgen,0.00011295606009262395,0,0.002386,0.0,7275,4163.700255,4532.575248200001,4660.0023526,False,0.0,5.004328308764235,374.2142997390001,60,3715198720727250,62.831465572,11058,0,512,2,3783,False,0.0,121.2,47594d920731da0f47d68901837cc6b5b15ba3e39fb049533712a0a381477fd9,0,1.866847038269043,6.810546875,235.4736328125
v2_R0_poisson_rho0.3_seed17-20261009T150820-6749d790,v2_R0_poisson_rho0.3_seed17,R0,poisson,0.3,17,50.26661817835423,eager,fp32,52.00370663144695,3123,1971,1.0,main_process_warmup_measurement_drain_and_request_export_excludes_loadgen,0.07754688291941127,0,0.0014497799999999997,29.483333333333334,1354,83.866789,132.7665803999998,149.7604449799999,False,0.0,2.465578672516964,176.94130161300018,60,3754496477989693,60.053411618,3123,1769,14,2,0,False,0.5664425232148576,52.1,f58f3fdba9c82b5ffdd3f93aea74f89d0419d5e0a7644d7145e88671637a541b,0,1.866847038269043,7.005859375,235.4736328125
v2_R0_poisson_rho0.3_seed2026-20261009T153408-1e68619e,v2_R0_poisson_rho0.3_seed2026,R0,poisson,0.3,2026,50.26661817835423,eager,fp32,50.15075440194347,3013,1892,1.0,main_process_warmup_measurement_drain_and_request_export_excludes_loadgen,0.07452754857599128,0,0.0025234000000000007,27.483333333333334,1364,86.137338,137.1228746,154.53394936000004,False,0.0,2.4394437352214013,175.00464759999886,60,3756044429139547,60.078856957,3013,1649,17,2,0,False,0.547295054762695,50.2,ac50fe51a46f4d1881e84280fb8a64c542ca20bd6ebc3cb74dbf10797fcd4dc0,0,1.866847038269043,7.005859375,235.4736328125
v2_R0_poisson_rho0.3_seed42-20261009T160346-ad9ebde5,v2_R0_poisson_rho0.3_seed42,R0,poisson,0.3,42,50.26661817835423,eager,fp32,49.79835975106655,2990,1774,1.0,main_process_warmup_measurement_drain_and_request_export_excludes_loadgen,0.09175981284117378,0,0.002439660000000001,25.45,1463,94.06378050000001,155.4004396999999,185.66353593000008,False,0.0,2.5446013278026145,182.3406816550014,60,3757822666455893,60.04213823400001,2990,1527,18,2,0,False,0.5107023411371238,49.8,63ad26e040f24f4b069f84bbf0fb22021db3a0c49f0dbf99114a5232f592a41f,0,1.866847038269043,7.005859375,235.4736328125
v2_R0_poisson_rho0.6_seed17-20261010T130223-7e84ffad,v2_R0_poisson_rho0.6_seed17,R0,poisson,0.6,17,100.53323635670846,eager,fp32,103.51003156227067,6220,1154,1.0,main_process_warmup_measurement_drain_and_request_export_excludes_loadgen,0.10808489755858444,0,0.002511859999999997,18.65,5101,198.88217350000002,1006.7258791999997,1229.8907936999997,False,0.0,4.563057772330203,328.08091731700006,60,3833339464975201,60.090794159,6220,1119,136,2,0,False,0.17990353697749195,103.68333333333334,45420eb30d1219a26a90ed0186358623896e695612ab698074625890a50eb911,0,1.866847038269043,6.810546875,235.4736328125
v2_R0_poisson_rho0.6_seed2026-20261009T061051-99862425,v2_R0_poisson_rho0.6_seed2026,R0,poisson,0.6,2026,100.53323635670846,eager,fp32,98.49592965122251,5919,1549,1.0,main_process_warmup_measurement_drain_and_request_export_excludes_loadgen,0.14226571321039078,0,0.00271582,27.016666666666666,4298,153.501953,243.82559899999995,459.15663735999993,False,0.0,4.370644533184545,313.57983335899996,60,3722247673217024,60.093853837,5919,1621,60,2,0,False,0.27386382834938333,98.7,ee5d0b9338e084c7fbe3b0ad729d9957c3b80cffb625f4f8c26c319377632b88,0,1.835597038269043,6.83984375,235.4736328125
v2_R0_poisson_rho0.6_seed42-20261009T052811-a1e0dd1e,v2_R0_poisson_rho0.6_seed42,R0,poisson,0.6,42,100.53323635670846,eager,fp32,102.29637012773823,6150,1520,1.0,main_process_warmup_measurement_drain_and_request_export_excludes_loadgen,0.13931067727163365,0,0.0019680200000000004,28.55,4437,157.602338,254.25277244999998,541.42870715,False,0.0,4.200160041544781,303.39097401899926,60,3719687452730550,60.119435248,6150,1713,68,2,0,False,0.2785365853658537,102.41666666666667,3550708f2c46335e73bf67984a62a283e062b3554793ac2a3eb5cf3111e975cf,0,1.866847038269043,6.810546875,235.4736328125
v2_R0_poisson_rho0.9_seed17-20261010T133450-3aadc190,v2_R0_poisson_rho0.9_seed17,R0,poisson,0.9,17,150.7998545350627,eager,fp32,123.07991960178457,7734,968,0.8352051835853131,main_process_warmup_measurement_drain_and_request_export_excludes_loadgen,0.0,0,0.0016018199999999997,0.0,7734,3886.6267835,4313.288546499999,4463.7879559,False,0.0,5.087646999472316,379.28401700999893,60,3835286479572512,62.837220117,9260,0,512,2,1526,False,0.0,128.93333333333334,c09a3c82afffc74b045303765880fe8b27c55d906f340e79f85b585c7a6dded2,0,1.866847038269043,6.810546875,235.4736328125
v2_R0_poisson_rho0.9_seed2026-20261009T143855-a2e4b312,v2_R0_poisson_rho0.9_seed2026,R0,poisson,0.9,2026,150.7998545350627,eager,fp32,139.43169085609537,8794,1110,0.984549932825795,main_process_warmup_measurement_drain_and_request_export_excludes_loadgen,0.011222910216718182,0,0.001427380000000001,1.9166666666666667,8679,2585.249217,3755.5731685500004,4036.6698754199992,False,0.0,5.113916842982618,382.2161285889997,60,3752731277858925,63.070310242999994,8932,115,511,2,138,False,0.012875055978504255,139.81666666666666,f0b27fd95cfd2154ed0e484796726dba8003c075bc7330861a07717f4c6c54dc,0,1.866847038269043,7.005859375,235.4736328125
v2_R0_poisson_rho0.9_seed42-20261009T143619-e7ed32b3,v2_R0_poisson_rho0.9_seed42,R0,poisson,0.9,42,150.7998545350627,eager,fp32,129.1686019393031,8064,1009,0.884113584036838,main_process_warmup_measurement_drain_and_request_export_excludes_loadgen,0.0003140046054008792,0,0.0022797999999999994,0.0,8064,3771.6948365,4091.23061395,4175.07456477,False,0.0,5.1823348716795525,384.02487770600055,60,3752575726292783,62.430032368,9121,0,512,2,1057,False,0.0,133.73333333333332,449d1e1ae3b1506d4502aea8af196ffcccb3f3899ad1fec8298ee1128afb7f15,0,1.866847038269043,7.005859375,235.4736328125
v2_R0_poisson_rho1.1_seed17-20261009T164546-17b3a877,v2_R0_poisson_rho1.1_seed17,R0,poisson,1.1,17,184.3109333206322,eager,fp32,125.66180167912013,7894,988,0.7028759683020211,main_process_warmup_measurement_drain_and_request_export_excludes_loadgen,0.0,0,0.001541,0.0,7894,3897.3735265,4208.8172023,4443.99074292,False,0.0,5.218762380281917,388.7454442449998,60,3760342493560017,62.819408081999995,11231,0,512,2,3337,False,0.0,131.6,08d31b4336f2e0cbf16147b13efd92f6a7b805c36f07070deac3dd1362acc25c,0,1.866847038269043,7.005859375,235.4736328125
v2_R0_poisson_rho1.1_seed2026-20261009T045236-bd4bd0ff,v2_R0_poisson_rho1.1_seed2026,R0,poisson,1.1,2026,184.3109333206322,eager,fp32,117.90236707103918,7408,926,0.6746812386156649,main_process_warmup_measurement_drain_and_request_export_excludes_loadgen,0.00022639800769753222,0,0.0015616299999999974,0.0,7408,4092.105948,4355.707211749999,4395.15333589,False,0.0,5.043388239747436,375.7703982640014,60,3717552574990389,62.831647778000004,10980,0,512,2,3572,False,0.0,123.46666666666667,6f2f0709f33289b3293ca8702c7d4f304c70608b23b971037275fc4f422e54b0,0,1.866847038269043,6.810546875,235.4736328125
v2_R0_poisson_rho1.1_seed42-20261010T120649-b2fe02a8,v2_R0_poisson_rho1.1_seed42,R0,poisson,1.1,42,184.3109333206322,eager,fp32,115.88434210788738,7287,912,0.6523724261414503,main_process_warmup_measurement_drain_and_request_export_excludes_loadgen,0.0003461804754211862,0,0.002373,0.0,7287,4183.080533,4478.734969499999,4536.6618131800005,False,0.0,5.053218849496387,377.34712110500004,60,3830005708866858,62.881661728,11170,0,512,2,3883,False,0.0,121.46666666666667,55058b887ff913f83ff6bc204638bbb5d7bdd006e877abe36dc6e4e1dc92c264,0,1.866847038269043,6.810546875,235.4736328125
